Global_ID,Family_ID,Antenna_ID,Run_ID,Lp,Wp,fr (GHz),BW (GHz),Gain_at_fr,Eff_at_fr,S11_min,1
1,1,1,1,10.0,10.0,3.48,0.769552,0.882,0.829,-28.6247,-1.3331
2,1,1,2,11.1364,10.0,7.0,1.65188,3.195,0.828,-12.0119,-1.2863
3,1,1,3,12.2727,10.0,7.0,1.320262,3.35,0.841,-12.7519,-1.2671
4,1,1,4,13.4091,10.0,7.0,0.967438,3.757,0.858,-14.3209,-1.2652
5,1,1,5,14.5455,10.0,7.0,1.019354,4.433,0.868,-17.3794,-1.2775
6,1,1,6,15.6818,10.0,6.96,1.103409,5.014,0.868,-24.287,-1.2875
7,1,1,7,16.8182,10.0,6.72,1.203501,5.217,0.866,-39.2655,-1.3081
8,1,1,8,17.9545,10.0,6.52,1.316058,5.341,0.87,-33.4022,-1.3419
9,1,1,9,19.0909,10.0,6.32,1.440329,5.375,0.87,-30.993,-1.3587
10,1,1,10,20.2273,10.0,6.16,1.576595,5.419,0.871,-30.2104,-1.3765
11,1,1,11,21.3636,10.0,6.0,1.725199,5.475,0.875,-31.4639,-1.3967
12,1,1,12,22.5,10.0,5.84,1.884695,5.517,0.88,-35.4322,-1.4273
13,1,1,13,23.6364,10.0,5.68,2.050508,5.534,0.882,-53.6229,-1.4446
14,1,1,14,24.7727,10.0,5.52,2.213032,5.519,0.883,-32.1332,-1.4645
15,1,1,15,25.9091,10.0,5.24,2.364017,5.485,0.884,-25.4334,-1.4815
16,1,1,16,27.0455,10.0,4.96,2.500615,5.145,0.887,-22.1095,-1.5013
17,1,1,17,28.1818,10.0,4.8,2.623363,4.827,0.89,-22.623,-1.5181
18,1,1,18,29.3182,10.0,4.64,2.734151,4.451,0.894,-25.49,-1.5293
19,1,1,19,30.4545,10.0,4.52,2.83491,4.166,0.892,-30.2339,-1.5539
20,1,1,20,31.5909,10.0,4.44,2.927477,3.965,0.89,-36.8152,-1.552
21,1,1,21,32.7273,10.0,6.96,1.690764,5.637,0.853,-31.0313,-1.5503
22,1,1,22,33.8636,10.0,6.8,1.398034,5.701,0.85,-45.7135,-1.5653
23,1,1,23,35.0,10.0,6.68,1.191109,5.74,0.848,-38.5346,-1.609
24,1,1,24,10.0,11.1905,7.0,1.986896,3.107,0.832,-32.2901,-1.6356
25,1,1,25,11.1364,11.1905,7.0,1.850702,3.285,0.848,-13.317,-1.2699
26,1,1,26,12.2727,11.1905,7.0,1.733709,3.486,0.862,-15.0325,-1.269
27,1,1,27,13.4091,11.1905,7.0,1.632092,3.953,0.871,-18.3263,-1.2681
28,1,1,28,14.5455,11.1905,6.88,1.553815,4.434,0.868,-25.3403,-1.28
29,1,1,29,15.6818,11.1905,6.68,1.521108,4.781,0.87,-37.0224,-1.2974
30,1,1,30,16.8182,11.1905,6.48,1.536655,4.968,0.872,-38.0941,-1.3153
31,1,1,31,17.9545,11.1905,6.28,1.591007,5.082,0.872,-30.0666,-1.3496
32,1,1,32,19.0909,11.1905,6.12,1.675002,5.192,0.871,-26.8385,-1.3626
33,1,1,33,20.2273,11.1905,5.96,1.78329,5.296,0.876,-25.5462,-1.3764
34,1,1,34,21.3636,11.1905,5.84,1.911661,5.428,0.879,-25.6442,-1.3929
35,1,1,35,22.5,11.1905,5.68,2.055781,5.49,0.883,-27.3279,-1.4198
36,1,1,36,23.6364,11.1905,5.52,2.205541,5.517,0.886,-31.6733,-1.4339
37,1,1,37,24.7727,11.1905,5.36,2.351844,5.513,0.888,-42.7753,-1.4508
38,1,1,38,25.9091,11.1905,5.12,2.488101,5.384,0.89,-32.3699,-1.4673
39,1,1,39,27.0455,11.1905,4.92,2.612008,5.098,0.892,-27.9637,-1.4807
40,1,1,40,28.1818,11.1905,4.76,2.723922,4.753,0.895,-29.4279,-1.4894
41,1,1,41,29.3182,11.1905,4.6,2.82619,4.374,0.896,-36.0795,-1.5016
42,1,1,42,30.4545,11.1905,4.48,2.918306,4.077,0.894,-36.5191,-1.5142
43,1,1,43,31.5909,11.1905,6.92,3.003324,5.438,0.855,-28.8799,-1.5258
44,1,1,44,32.7273,11.1905,6.76,3.081228,5.465,0.851,-29.2489,-1.5694
45,1,1,45,33.8636,11.1905,6.64,1.79855,5.594,0.851,-37.2298,-1.5828
46,1,1,46,35.0,11.1905,6.52,1.686625,5.619,0.856,-44.9274,-1.5947
47,1,1,47,10.0,12.381,7.0,2.114432,3.104,0.836,-32.5209,-1.6158
48,1,1,48,11.1364,12.381,7.0,2.007755,3.324,0.854,-13.8747,-1.2767
49,1,1,49,12.2727,12.381,7.0,1.928251,3.577,0.864,-16.1021,-1.2792
50,1,1,50,13.4091,12.381,6.8,1.869995,4.012,0.866,-19.5435,-1.2773
51,1,1,51,14.5455,12.381,6.6,1.83095,4.353,0.874,-23.6161,-1.2856
52,1,1,52,15.6818,12.381,6.4,1.812244,4.554,0.878,-30.294,-1.3106
53,1,1,53,16.8182,12.381,6.2,1.8189,4.688,0.878,-46.1411,-1.3251
54,1,1,54,17.9545,12.381,6.04,1.851783,4.839,0.877,-30.3145,-1.3606
55,1,1,55,19.0909,12.381,5.92,1.914574,5.027,0.878,-25.6701,-1.3701
56,1,1,56,20.2273,12.381,5.8,2.005,5.197,0.88,-23.7448,-1.3797
57,1,1,57,21.3636,12.381,5.64,2.118138,5.325,0.883,-23.2508,-1.3917
58,1,1,58,22.5,12.381,5.52,2.247395,5.425,0.885,-24.0946,-1.4163
59,1,1,59,23.6364,12.381,5.4,2.381778,5.469,0.888,-26.4296,-1.4262
60,1,1,60,24.7727,12.381,5.2,2.511877,5.407,0.891,-31.0633,-1.4398
61,1,1,61,25.9091,12.381,5.04,2.633434,5.272,0.892,-41.1691,-1.4551
62,1,1,62,27.0455,12.381,4.84,2.744378,4.922,0.895,-42.2663,-1.4711
63,1,1,63,28.1818,12.381,4.68,2.844164,4.536,0.897,-43.4234,-1.4857
64,1,1,64,29.3182,12.381,4.56,2.935273,4.287,0.895,-31.9847,-1.504
65,1,1,65,30.4545,12.381,4.44,3.017544,3.984,0.894,-26.9509,-1.5192
66,1,1,66,31.5909,12.381,6.72,3.092184,5.29,0.852,-23.472,-1.532
67,1,1,67,32.7273,12.381,6.6,3.160075,5.415,0.852,-23.3543,-1.5501
68,1,1,68,33.8636,12.381,6.48,2.070031,5.481,0.858,-27.0867,-1.5678
69,1,1,69,35.0,12.381,6.36,1.915393,5.559,0.867,-32.9505,-1.5847
70,1,1,70,10.0,13.5714,5.56,2.222228,3.131,0.859,-40.8055,-1.601
71,1,1,71,11.1364,13.5714,6.84,2.140604,3.466,0.844,-14.2013,-1.2773
72,1,1,72,12.2727,13.5714,6.68,2.085975,3.795,0.858,-14.9722,-1.2656
73,1,1,73,13.4091,13.5714,6.48,2.051262,4.044,0.871,-17.3832,-1.2791
74,1,1,74,14.5455,13.5714,6.28,2.033581,4.205,0.879,-20.6663,-1.2859
75,1,1,75,15.6818,13.5714,6.12,2.034118,4.328,0.882,-25.7342,-1.3126
76,1,1,76,16.8182,13.5714,5.96,2.007883,4.469,0.884,-37.8704,-1.325
77,1,1,77,17.9545,13.5714,5.84,1.90057,4.664,0.884,-33.2496,-1.3578
78,1,1,78,19.0909,13.5714,5.72,1.839925,4.874,0.885,-26.2739,-1.3653
79,1,1,79,20.2273,13.5714,5.6,1.831093,5.031,0.884,-23.4756,-1.3728
80,1,1,80,21.3636,13.5714,5.48,1.90076,5.202,0.885,-22.4718,-1.4673
81,1,1,81,22.5,13.5714,5.36,2.035969,5.298,0.887,-22.8348,-1.4044
82,1,1,82,23.6364,13.5714,5.2,2.589051,5.27,0.89,-24.174,-1.4125
83,1,1,83,24.7727,13.5714,5.08,2.704268,5.236,0.891,-26.471,-1.4245
84,1,1,84,25.9091,13.5714,4.92,2.810226,5.019,0.893,-28.9641,-1.4387
85,1,1,85,27.0455,13.5714,4.76,2.905929,4.711,0.896,-29.2565,-1.4538
86,1,1,86,28.1818,13.5714,4.6,2.991111,4.308,0.897,-27.2249,-1.4683
87,1,1,87,29.3182,13.5714,4.48,3.067385,4.054,0.895,-24.3753,-1.4841
88,1,1,88,30.4545,13.5714,4.4,3.135643,3.881,0.891,-21.9958,-1.4997
89,1,1,89,31.5909,13.5714,6.56,3.196796,5.228,0.846,-20.0875,-1.5142
90,1,1,90,32.7273,13.5714,6.4,3.251384,5.316,0.857,-18.9267,-1.5285
91,1,1,91,33.8636,13.5714,6.28,3.281504,5.36,0.867,-21.2571,-1.4751
92,1,1,92,35.0,13.5714,6.16,1.945741,5.436,0.873,-24.408,-1.568
93,1,1,93,10.0,14.7619,5.48,2.310301,3.225,0.863,-29.513,-1.4815
94,1,1,94,11.1364,14.7619,5.56,2.258709,3.275,0.866,-14.6351,-1.2759
95,1,1,95,12.2727,14.7619,5.72,2.23022,3.44,0.87,-15.1009,-1.261
96,1,1,96,13.4091,14.7619,6.04,2.218244,3.824,0.872,-16.1261,-1.2714
97,1,1,97,14.5455,14.7619,5.96,2.221954,4.001,0.881,-18.7389,-1.2837
98,1,1,98,15.6818,14.7619,5.84,2.072654,4.139,0.888,-23.0952,-1.3104
99,1,1,99,16.8182,14.7619,5.72,1.940948,4.324,0.892,-31.195,-1.3211
100,1,1,100,17.9545,14.7619,5.64,1.8512,4.542,0.892,-38.7458,-1.3507
101,1,1,101,19.0909,14.7619,5.52,1.802758,4.728,0.89,-27.8073,-1.409
102,1,1,102,20.2273,14.7619,5.4,1.805321,4.862,0.888,-24.2836,-1.4287
103,1,1,103,21.3636,14.7619,5.28,1.853168,4.984,0.889,-22.936,-1.4416
104,1,1,104,22.5,14.7619,5.16,1.936599,5.034,0.891,-22.7484,-1.4524
105,1,1,105,23.6364,14.7619,5.04,2.082184,5.001,0.892,-23.3232,-1.4439
106,1,1,106,24.7727,14.7619,4.92,2.296853,4.887,0.893,-24.3053,-1.4084
107,1,1,107,25.9091,14.7619,4.76,3.037736,4.596,0.897,-24.7228,-1.4219
108,1,1,108,27.0455,14.7619,4.64,3.11335,4.355,0.898,-24.0523,-1.4337
109,1,1,109,28.1818,14.7619,4.52,3.178282,4.088,0.895,-22.5896,-1.4505
110,1,1,110,29.3182,14.7619,4.4,3.232224,3.821,0.893,-20.8766,-1.4644
111,1,1,111,30.4545,14.7619,4.32,3.282815,3.661,0.889,-19.3379,-1.4716
112,1,1,112,31.5909,14.7619,4.2,3.324345,3.478,0.885,-17.8823,-1.496
113,1,1,113,32.7273,14.7619,6.2,3.258687,5.192,0.857,-16.7572,-1.4678
114,1,1,114,33.8636,14.7619,6.08,3.175295,5.251,0.865,-17.6554,-1.4682
115,1,1,115,35.0,14.7619,5.96,1.892723,5.293,0.871,-19.8931,-1.4775
116,1,1,116,10.0,15.9524,5.4,2.370073,3.327,0.864,-22.9618,-1.4895
117,1,1,117,11.1364,15.9524,5.44,2.356027,3.377,0.87,-14.6674,-1.2839
118,1,1,118,12.2727,15.9524,5.52,2.358716,3.478,0.876,-15.438,-1.2687
119,1,1,119,13.4091,15.9524,5.6,2.269768,3.645,0.883,-16.6992,-1.2726
120,1,1,120,14.5455,15.9524,5.64,2.149446,3.853,0.889,-18.7524,-1.2909
121,1,1,121,15.6818,15.9524,5.6,2.034009,4.065,0.894,-22.2551,-1.3166
122,1,1,122,16.8182,15.9524,5.52,1.946075,4.241,0.896,-28.4583,-1.3697
123,1,1,123,17.9545,15.9524,5.44,1.895738,4.452,0.896,-53.5316,-1.3894
124,1,1,124,19.0909,15.9524,5.32,1.890597,4.589,0.895,-31.1291,-1.3977
125,1,1,125,20.2273,15.9524,5.2,1.928353,4.665,0.894,-26.3673,-1.411
126,1,1,126,21.3636,15.9524,5.12,2.002612,4.783,0.893,-24.4126,-1.4209
127,1,1,127,22.5,15.9524,5.0,2.0971,4.764,0.895,-23.7113,-1.4247
128,1,1,128,23.6364,15.9524,4.88,2.199702,4.661,0.896,-23.6316,-1.4345
129,1,1,129,24.7727,15.9524,4.72,2.316227,4.356,0.901,-23.5245,-1.4447
130,1,1,130,25.9091,15.9524,4.6,2.486215,4.14,0.902,-22.923,-1.4523
131,1,1,131,27.0455,15.9524,4.52,3.379526,4.0,0.898,-21.7141,-1.4275
132,1,1,132,28.1818,15.9524,4.4,3.441115,3.742,0.896,-20.3541,-1.4614
133,1,1,133,29.3182,15.9524,4.28,3.431407,3.482,0.894,-18.9452,-1.4589
134,1,1,134,30.4545,15.9524,4.2,3.376168,3.401,0.888,-17.6184,-1.4626
135,1,1,135,31.5909,15.9524,4.12,3.297709,3.391,0.881,-16.4707,-1.4631
136,1,1,136,32.7273,15.9524,5.68,3.210561,5.062,0.859,-15.4663,-1.4507
137,1,1,137,33.8636,15.9524,5.72,3.11628,5.12,0.866,-16.1493,-1.4625
138,1,1,138,35.0,15.9524,5.72,1.781147,5.197,0.872,-17.7622,-1.483
139,1,1,139,10.0,17.1429,5.32,1.765026,3.42,0.861,-19.9748,-1.4981
140,1,1,140,11.1364,17.1429,5.36,2.063361,3.474,0.869,-14.2417,-1.2795
141,1,1,141,12.2727,17.1429,5.4,2.132364,3.568,0.877,-15.2027,-1.2889
142,1,1,142,13.4091,17.1429,5.44,2.110443,3.7,0.885,-16.5922,-1.3104
143,1,1,143,14.5455,17.1429,5.44,2.064903,3.87,0.892,-18.5489,-1.3299
144,1,1,144,15.6818,17.1429,5.4,2.030809,4.046,0.896,-21.4583,-1.3445
145,1,1,145,16.8182,17.1429,5.32,2.041743,4.229,0.899,-25.9839,-1.3504
146,1,1,146,17.9545,17.1429,5.24,3.494115,4.376,0.899,-34.2244,-1.3629
147,1,1,147,19.0909,17.1429,5.16,3.476399,4.482,0.899,-41.5755,-1.3716
148,1,1,148,20.2273,17.1429,5.04,3.469801,4.502,0.9,-31.2331,-1.38
149,1,1,149,21.3636,17.1429,4.92,3.478337,4.461,0.902,-28.0551,-1.3927
150,1,1,150,22.5,17.1429,4.8,3.509187,4.338,0.904,-26.4885,-1.3925
151,1,1,151,23.6364,17.1429,4.68,3.564228,4.148,0.906,-25.4168,-1.4047
152,1,1,152,24.7727,17.1429,4.56,3.647551,3.939,0.908,-24.2424,-1.4175
153,1,1,153,25.9091,17.1429,4.44,3.766994,3.69,0.907,-22.7656,-1.4287
154,1,1,154,27.0455,17.1429,4.36,3.945208,3.537,0.904,-21.1045,-1.4325
155,1,1,155,28.1818,17.1429,4.24,4.209237,3.294,0.901,-19.5028,-1.4404
156,1,1,156,29.3182,17.1429,4.16,4.676412,3.23,0.895,-18.0676,-1.4422
157,1,1,157,30.4545,17.1429,4.08,3.477472,3.251,0.888,-16.7758,-1.4477
158,1,1,158,31.5909,17.1429,2.08,0.988502,1.686,0.899,-15.6556,-1.4516
159,1,1,159,32.7273,17.1429,2.04,0.913656,1.719,0.907,-15.1483,-1.4575
160,1,1,160,33.8636,17.1429,5.52,1.713147,5.134,0.864,-15.4723,-1.468
161,1,1,161,35.0,17.1429,5.52,1.603569,5.182,0.872,-16.5024,-1.4821
162,1,1,162,10.0,18.3333,5.24,1.369482,3.494,0.855,-18.1503,-1.4995
163,1,1,163,11.1364,18.3333,5.28,1.636993,3.557,0.864,-13.5627,-1.2752
164,1,1,164,12.2727,18.3333,5.28,1.839286,3.664,0.874,-14.5643,-1.2917
165,1,1,165,13.4091,18.3333,5.28,1.925612,3.788,0.883,-15.92,-1.3081
166,1,1,166,14.5455,18.3333,5.28,1.981065,3.928,0.89,-17.6767,-1.3209
167,1,1,167,15.6818,18.3333,5.24,2.108826,4.084,0.896,-20.0524,-1.3242
168,1,1,168,16.8182,18.3333,5.16,3.258663,4.206,0.9,-23.2607,-1.3365
169,1,1,169,17.9545,18.3333,5.08,3.268878,4.287,0.902,-27.6663,-1.3417
170,1,1,170,19.0909,18.3333,5.0,3.268582,4.333,0.903,-34.7391,-1.3527
171,1,1,171,20.2273,18.3333,4.88,3.268334,4.279,0.906,-48.9925,-1.3643
172,1,1,172,21.3636,18.3333,4.76,3.275374,4.151,0.908,-37.4205,-1.3704
173,1,1,173,22.5,18.3333,4.64,3.293307,3.959,0.911,-32.3453,-1.3824
174,1,1,174,23.6364,18.3333,4.52,3.330892,3.753,0.913,-29.1019,-1.3815
175,1,1,175,24.7727,18.3333,4.4,3.397206,3.511,0.914,-26.2663,-1.4024
176,1,1,176,25.9091,18.3333,4.28,3.504329,3.213,0.913,-23.7287,-1.4117
177,1,1,177,27.0455,18.3333,4.2,3.651792,3.107,0.909,-21.4708,-1.4201
178,1,1,178,28.1818,18.3333,4.08,3.828902,2.977,0.905,-19.5014,-1.378
179,1,1,179,29.3182,18.3333,4.0,4.049591,3.035,0.9,-17.9042,-1.3802
180,1,1,180,30.4545,18.3333,3.92,4.273982,3.123,0.895,-16.5511,-1.44
181,1,1,181,31.5909,18.3333,2.12,2.687901,1.724,0.899,-15.3645,-1.4472
182,1,1,182,32.7273,18.3333,2.08,2.568347,1.75,0.906,-15.5992,-1.4568
183,1,1,183,33.8636,18.3333,2.04,2.478486,1.754,0.908,-15.9601,-1.4697
184,1,1,184,35.0,18.3333,2.0,1.017644,1.742,0.907,-16.307,-1.4864
185,1,1,185,10.0,19.5238,5.2,1.102034,3.517,0.844,-16.6486,-1.5037
186,1,1,186,11.1364,19.5238,5.2,1.311993,3.61,0.856,-12.6379,-1.2695
187,1,1,187,12.2727,19.5238,5.2,1.524337,3.717,0.867,-13.6028,-1.2829
188,1,1,188,13.4091,19.5238,5.2,1.691752,3.837,0.877,-14.83,-1.2945
189,1,1,189,14.5455,19.5238,5.16,1.851002,3.956,0.885,-16.3157,-1.3021
190,1,1,190,15.6818,19.5238,5.12,2.875967,4.074,0.892,-18.1505,-1.3068
191,1,1,191,16.8182,19.5238,5.04,3.007792,4.144,0.897,-20.3507,-1.3139
192,1,1,192,17.9545,19.5238,4.96,3.054549,4.179,0.901,-22.9548,-1.3209
193,1,1,193,19.0909,19.5238,4.84,3.074181,4.11,0.905,-25.954,-1.3271
194,1,1,194,20.2273,19.5238,4.72,3.082502,3.969,0.909,-29.5123,-1.3408
195,1,1,195,21.3636,19.5238,4.6,3.086787,3.772,0.913,-34.0507,-1.3436
196,1,1,196,22.5,19.5238,4.48,3.090347,3.564,0.916,-44.3991,-1.3579
197,1,1,197,23.6364,19.5238,4.36,3.095122,3.312,0.918,-40.1766,-1.371
198,1,1,198,24.7727,19.5238,4.24,3.101706,3.019,0.919,-31.0506,-1.383
199,1,1,199,25.9091,19.5238,4.12,3.117902,2.811,0.917,-26.2909,-1.3906
200,1,1,200,27.0455,19.5238,4.0,3.235642,2.774,0.916,-22.9778,-1.4021
201,1,1,201,28.1818,19.5238,3.92,2.826727,2.863,0.914,-20.4756,-1.4094
202,1,1,202,29.3182,19.5238,3.84,2.66455,2.951,0.91,-18.5291,-1.4184
203,1,1,203,30.4545,19.5238,2.24,2.553571,1.765,0.893,-16.9252,-1.4278
204,1,1,204,31.5909,19.5238,2.16,2.462152,1.77,0.901,-15.7332,-1.4381
205,1,1,205,32.7273,19.5238,2.12,2.380937,1.791,0.907,-16.1066,-1.4505
206,1,1,206,33.8636,19.5238,2.08,2.305789,1.794,0.909,-16.5099,-1.4647
207,1,1,207,35.0,19.5238,2.04,2.232063,1.785,0.908,-16.8902,-1.483
208,1,1,208,10.0,20.7143,5.12,0.85196,3.52,0.83,-17.2532,-1.5013
209,1,1,209,11.1364,20.7143,5.12,1.060672,3.614,0.843,-11.6795,-1.2678
210,1,1,210,12.2727,20.7143,5.12,1.268041,3.72,0.856,-12.5571,-1.2771
211,1,1,211,13.4091,20.7143,5.08,1.462891,3.818,0.867,-13.6262,-1.2837
212,1,1,212,14.5455,20.7143,5.04,1.67784,3.91,0.877,-14.8473,-1.2861
213,1,1,213,15.6818,20.7143,5.0,2.374288,3.996,0.885,-16.2465,-1.2929
214,1,1,214,16.8182,20.7143,4.92,2.748257,4.025,0.892,-17.8201,-1.2949
215,1,1,215,17.9545,20.7143,4.84,2.842425,4.017,0.897,-19.4832,-1.3036
216,1,1,216,19.0909,20.7143,4.72,2.883637,3.875,0.903,-21.215,-1.3055
217,1,1,217,20.2273,20.7143,4.6,2.901171,3.686,0.908,-23.0833,-1.3211
218,1,1,218,21.3636,20.7143,4.44,2.903044,3.36,0.914,-25.2197,-1.335
219,1,1,219,22.5,20.7143,4.32,2.892432,3.092,0.918,-28.3111,-1.3379
220,1,1,220,23.6364,20.7143,4.2,2.865313,2.814,0.92,-34.4338,-1.3533
221,1,1,221,24.7727,20.7143,4.08,2.814358,2.658,0.921,-46.0421,-1.3681
222,1,1,222,25.9091,20.7143,3.96,2.733688,2.652,0.923,-31.3637,-1.3787
223,1,1,223,27.0455,20.7143,3.84,2.635981,2.757,0.925,-25.6701,-1.3893
224,1,1,224,28.1818,20.7143,3.76,2.539984,2.846,0.924,-22.1646,-1.3972
225,1,1,225,29.3182,20.7143,3.68,2.453612,2.896,0.92,-19.6985,-1.4094
226,1,1,226,30.4545,20.7143,2.28,2.373956,1.835,0.898,-17.7793,-1.4206
227,1,1,227,31.5909,20.7143,2.24,2.299172,1.849,0.903,-16.3153,-1.4331
228,1,1,228,32.7273,20.7143,2.16,2.227026,1.838,0.908,-16.7351,-1.4471
229,1,1,229,33.8636,20.7143,2.12,2.155556,1.842,0.91,-17.1743,-1.4646
230,1,1,230,35.0,20.7143,2.04,2.082196,1.812,0.911,-17.6006,-1.4826
231,1,1,231,10.0,21.9048,5.08,0.535065,3.507,0.812,-18.0048,-1.5014
232,1,1,232,11.1364,21.9048,5.08,0.789244,3.6,0.827,-10.6776,-1.2573
233,1,1,233,12.2727,21.9048,5.04,1.0125,3.688,0.841,-11.4527,-1.2629
234,1,1,234,13.4091,21.9048,5.0,1.221381,3.772,0.854,-12.359,-1.2655
235,1,1,235,14.5455,21.9048,4.96,1.45385,3.849,0.864,-13.344,-1.2691
236,1,1,236,15.6818,21.9048,4.92,1.866151,3.917,0.874,-14.4264,-1.2721
237,1,1,237,16.8182,21.9048,4.84,2.465722,3.905,0.881,-15.5584,-1.2775
238,1,1,238,17.9545,21.9048,4.72,2.62402,3.764,0.889,-16.7039,-1.2811
239,1,1,239,19.0909,21.9048,4.6,2.692518,3.58,0.896,-17.8662,-1.2949
240,1,1,240,20.2273,21.9048,4.44,2.719476,3.241,0.904,-19.1246,-1.2979
241,1,1,241,21.3636,21.9048,4.32,2.720305,2.972,0.911,-20.603,-1.3138
242,1,1,242,22.5,21.9048,4.16,2.699112,2.598,0.916,-22.6824,-1.3277
243,1,1,243,23.6364,21.9048,4.04,2.654775,2.512,0.92,-25.926,-1.3327
244,1,1,244,24.7727,21.9048,3.92,2.590539,2.582,0.925,-31.8242,-1.3497
245,1,1,245,25.9091,21.9048,3.8,2.516145,2.693,0.93,-54.9062,-1.3627
246,1,1,246,27.0455,21.9048,3.72,2.439692,2.806,0.931,-30.9553,-1.3733
247,1,1,247,28.1818,21.9048,3.6,2.36582,2.825,0.931,-25.06,-1.3824
248,1,1,248,29.3182,21.9048,3.52,2.295599,2.846,0.928,-21.672,-1.3968
249,1,1,249,30.4545,21.9048,3.44,2.227645,2.859,0.923,-19.2609,-1.4097
250,1,1,250,31.5909,21.9048,2.28,2.161116,1.921,0.908,-17.4238,-1.4239
251,1,1,251,32.7273,21.9048,2.24,2.094615,1.926,0.911,-17.508,-1.4389
252,1,1,252,33.8636,21.9048,2.16,2.026907,1.898,0.913,-17.9569,-1.4582
253,1,1,253,35.0,21.9048,2.12,1.956533,1.891,0.913,-18.4556,-1.4769
254,1,1,254,10.0,23.0952,5.04,2.6400000000000023,3.465,0.79,-18.9044,-1.4977
255,1,1,255,11.1364,23.0952,5.0,0.408446,3.541,0.806,-9.7131,-1.244
256,1,1,256,12.2727,23.0952,5.0,0.711294,3.651,0.821,-10.3877,-1.2461
257,1,1,257,13.4091,23.0952,4.96,0.947673,3.725,0.835,-11.1509,-1.2445
258,1,1,258,14.5455,23.0952,4.88,1.18916,3.733,0.848,-11.9522,-1.2502
259,1,1,259,15.6818,23.0952,4.84,1.536523,3.778,0.858,-12.7894,-1.25
260,1,1,260,16.8182,23.0952,4.72,2.123874,3.638,0.868,-13.6416,-1.2569
261,1,1,261,17.9545,23.0952,4.6,2.385548,3.451,0.877,-14.4949,-1.2579
262,1,1,262,19.0909,23.0952,4.48,2.486696,3.219,0.886,-15.3585,-1.2733
263,1,1,263,20.2273,23.0952,4.32,2.525793,2.825,0.895,-16.3539,-1.2758
264,1,1,264,21.3636,23.0952,4.16,2.529094,2.481,0.903,-17.5905,-1.2923
265,1,1,265,22.5,23.0952,4.0,2.503401,2.365,0.911,-19.2817,-1.2937
266,1,1,266,23.6364,23.0952,3.88,2.457559,2.506,0.92,-21.6309,-1.3125
267,1,1,267,24.7727,23.0952,3.76,2.401024,2.647,0.929,-25.1474,-1.3316
268,1,1,268,25.9091,23.0952,3.64,2.339329,2.734,0.934,-31.3422,-1.3381
269,1,1,269,27.0455,23.0952,3.56,2.278082,2.794,0.935,-45.0259,-1.3564
270,1,1,270,28.1818,23.0952,3.44,2.217366,2.781,0.935,-30.5342,-1.3679
271,1,1,271,29.3182,23.0952,3.36,2.157172,2.798,0.933,-24.8477,-1.3843
272,1,1,272,30.4545,23.0952,3.24,2.097372,2.762,0.932,-21.569,-1.3987
273,1,1,273,31.5909,23.0952,2.36,2.037297,2.034,0.915,-19.2786,-1.4139
274,1,1,274,32.7273,23.0952,2.28,1.975843,2.001,0.917,-18.5595,-1.4293
275,1,1,275,33.8636,23.0952,2.2,1.913329,1.963,0.916,-19.0366,-1.4486
276,1,1,276,35.0,23.0952,2.16,1.847622,1.956,0.917,-19.538,-1.47
277,1,1,277,10.0,24.2857,5.0,2.280000000000002,3.391,0.765,-20.0747,-1.4923
278,1,1,278,11.1364,24.2857,4.96,0.0,3.462,0.783,-8.826,-1.2336
279,1,1,279,12.2727,24.2857,4.96,0.148958,3.577,0.799,-9.4114,-1.2323
280,1,1,280,13.4091,24.2857,4.88,0.584612,3.584,0.814,-10.0487,-1.2353
281,1,1,281,14.5455,24.2857,4.84,0.862656,3.628,0.826,-10.7062,-1.2347
282,1,1,282,15.6818,24.2857,4.76,1.186317,3.578,0.838,-11.3802,-1.2317
283,1,1,283,16.8182,24.2857,4.64,1.721456,3.4,0.849,-12.0448,-1.2402
284,1,1,284,17.9545,24.2857,4.48,2.109468,3.052,0.861,-12.7205,-1.239
285,1,1,285,19.0909,24.2857,4.32,2.25772,2.645,0.873,-13.4334,-1.2559
286,1,1,286,20.2273,24.2857,4.16,2.313306,2.326,0.883,-14.3173,-1.2559
287,1,1,287,21.3636,24.2857,4.0,2.323766,2.257,0.894,-15.4455,-1.2754
288,1,1,288,22.5,24.2857,3.88,2.304899,2.404,0.907,-16.9196,-1.2763
289,1,1,289,23.6364,24.2857,3.72,2.269596,2.582,0.92,-18.8385,-1.2969
290,1,1,290,24.7727,24.2857,3.64,2.226373,2.683,0.928,-21.3826,-1.2995
291,1,1,291,25.9091,24.2857,3.52,2.179263,2.738,0.932,-25.0572,-1.3247
292,1,1,292,27.0455,24.2857,3.4,2.130408,2.747,0.935,-31.5538,-1.3465
293,1,1,293,28.1818,24.2857,3.32,2.080012,2.759,0.937,-45.8191,-1.3575
294,1,1,294,29.3182,24.2857,3.2,2.028933,2.744,0.938,-30.8345,-1.3688
295,1,1,295,30.4545,24.2857,3.08,1.976678,2.696,0.937,-25.2922,-1.3912
296,1,1,296,31.5909,24.2857,2.52,1.922373,2.235,0.926,-22.1349,-1.4069
297,1,1,297,32.7273,24.2857,2.4,1.86735,2.161,0.926,-20.3061,-1.4225
298,1,1,298,33.8636,24.2857,2.28,1.809782,2.075,0.923,-20.6067,-1.4462
299,1,1,299,35.0,24.2857,2.2,1.749847,2.027,0.921,-21.1025,-1.4659
300,1,1,300,10.0,25.4762,4.96,1.7600000000000016,3.287,0.737,-21.6438,-1.4901
301,1,1,301,11.1364,25.4762,4.92,0.0,3.356,0.755,-7.9849,-1.2163
302,1,1,302,12.2727,25.4762,4.88,0.0,3.413,0.772,-8.4885,-1.2172
303,1,1,303,13.4091,25.4762,4.84,0.0,3.457,0.787,-9.0264,-1.2141
304,1,1,304,14.5455,25.4762,4.76,0.25522,3.404,0.801,-9.5695,-1.2137
305,1,1,305,15.6818,25.4762,4.68,0.693004,3.327,0.814,-10.114,-1.2087
306,1,1,306,16.8182,25.4762,4.52,1.206243,2.984,0.827,-10.655,-1.2187
307,1,1,307,17.9545,25.4762,4.36,1.745928,2.569,0.841,-11.2203,-1.2163
308,1,1,308,19.0909,25.4762,4.16,1.971222,2.133,0.854,-11.8744,-1.2346
309,1,1,309,20.2273,25.4762,4.0,2.062422,2.101,0.869,-12.7171,-1.2362
310,1,1,310,21.3636,25.4762,3.84,2.095135,2.283,0.886,-13.7907,-1.2551
311,1,1,311,22.5,25.4762,3.72,2.096525,2.477,0.902,-15.1173,-1.256
312,1,1,312,23.6364,25.4762,3.6,2.081095,2.589,0.914,-16.7413,-1.256
313,1,1,313,24.7727,25.4762,3.48,2.055485,2.648,0.922,-18.7563,-1.2813
314,1,1,314,25.9091,25.4762,3.4,2.023365,2.709,0.928,-21.3431,-1.2838
315,1,1,315,27.0455,25.4762,3.28,1.987843,2.71,0.933,-24.9312,-1.3179
316,1,1,316,28.1818,25.4762,3.2,1.948051,2.731,0.937,-30.6729,-1.3436
317,1,1,317,29.3182,25.4762,3.08,1.906291,2.707,0.939,-49.859,-1.3552
318,1,1,318,30.4545,25.4762,2.96,1.861328,2.654,0.94,-33.1748,-1.3797
319,1,1,319,31.5909,25.4762,2.76,1.81464,2.522,0.938,-27.1319,-1.3957
320,1,1,320,32.7273,25.4762,2.52,1.765403,2.336,0.935,-24.1894,-1.4116
321,1,1,321,33.8636,25.4762,2.36,1.714112,2.2,0.93,-23.3127,-1.4359
322,1,1,322,35.0,25.4762,2.28,1.660377,2.145,0.928,-23.4892,-1.4577
323,1,1,323,10.0,26.6667,4.92,1.6400000000000017,3.154,0.706,-23.9913,-1.4791
324,1,1,324,11.1364,26.6667,4.88,0.0,3.215,0.725,-7.2245,-1.2014
325,1,1,325,12.2727,26.6667,4.84,0.0,3.261,0.742,-7.6593,-1.2037
326,1,1,326,13.4091,26.6667,4.8,0.0,3.295,0.758,-8.117,-1.2003
327,1,1,327,14.5455,26.6667,4.72,0.0,3.224,0.772,-8.5712,-1.1955
328,1,1,328,15.6818,26.6667,4.6,0.0,3.017,0.787,-9.0241,-1.1893
329,1,1,329,16.8182,26.6667,4.4,0.0,2.483,0.803,-9.485,-1.2007
330,1,1,330,17.9545,26.6667,4.2,1.195109,1.998,0.818,-9.9992,-1.1971
331,1,1,331,19.0909,26.6667,3.96,1.599943,1.884,0.837,-10.6526,-1.2169
332,1,1,332,20.2273,26.6667,3.8,1.76488,2.122,0.858,-11.5062,-1.2156
333,1,1,333,21.3636,26.6667,3.68,1.844877,2.331,0.877,-12.5333,-1.2383
334,1,1,334,22.5,26.6667,3.56,1.881344,2.457,0.892,-13.7334,-1.2392
335,1,1,335,23.6364,26.6667,3.48,1.891588,2.551,0.904,-15.1355,-1.2394
336,1,1,336,24.7727,26.6667,3.36,1.88688,2.606,0.913,-16.7693,-1.2661
337,1,1,337,25.9091,26.6667,3.28,1.871219,2.657,0.922,-18.7429,-1.2688
338,1,1,338,27.0455,26.6667,3.2,1.848214,2.69,0.929,-21.1959,-1.3015
339,1,1,339,28.1818,26.6667,3.08,1.819635,2.684,0.935,-24.3706,-1.3325
340,1,1,340,29.3182,26.6667,3.0,1.786566,2.688,0.938,-29.0429,-1.3441
341,1,1,341,30.4545,26.6667,2.88,1.750103,2.634,0.94,-38.4185,-1.3709
342,1,1,342,31.5909,26.6667,2.76,1.710489,2.584,0.941,-41.1091,-1.3871
343,1,1,343,32.7273,26.6667,2.6,1.6679,2.473,0.941,-31.8984,-1.403
344,1,1,344,33.8636,26.6667,2.44,1.622765,2.333,0.937,-28.8686,-1.4309
345,1,1,345,35.0,26.6667,2.36,1.574745,2.273,0.934,-27.923,-1.4518
346,1,1,346,10.0,27.8571,7.0,1.5600000000000014,4.208,0.643,-27.9649,-1.4739
347,1,1,347,11.1364,27.8571,4.88,0.0,3.116,0.691,-6.5761,-1.1818
348,1,1,348,12.2727,27.8571,4.8,0.0,3.076,0.709,-6.8942,-1.1848
349,1,1,349,13.4091,27.8571,4.76,0.0,3.099,0.725,-7.2846,-1.1798
350,1,1,350,14.5455,27.8571,4.64,0.0,2.901,0.74,-7.6684,-1.1738
351,1,1,351,15.6818,27.8571,4.48,0.0,2.515,0.757,-8.0563,-1.167
352,1,1,352,16.8182,27.8571,4.16,0.0,1.632,0.775,-8.4752,-1.1797
353,1,1,353,17.9545,27.8571,3.88,0.0,1.642,0.798,-9.0004,-1.1758
354,1,1,354,19.0909,27.8571,3.72,1.040134,1.939,0.823,-9.7176,-1.1967
355,1,1,355,20.2273,27.8571,3.64,1.399377,2.138,0.844,-10.571,-1.1954
356,1,1,356,21.3636,27.8571,3.52,1.56402,2.283,0.862,-11.5136,-1.2192
357,1,1,357,22.5,27.8571,3.44,1.651148,2.392,0.878,-12.5832,-1.2203
358,1,1,358,23.6364,27.8571,3.36,1.695777,2.49,0.892,-13.7886,-1.221
359,1,1,359,24.7727,27.8571,3.28,1.714433,2.568,0.904,-15.1546,-1.2213
360,1,1,360,25.9091,27.8571,3.2,1.715995,2.613,0.914,-16.7159,-1.2214
361,1,1,361,27.0455,27.8571,3.12,1.705923,2.655,0.923,-18.5341,-1.2216
362,1,1,362,28.1818,27.8571,3.04,1.689911,2.683,0.93,-20.6621,-1.2236
363,1,1,363,29.3182,27.8571,2.92,1.66524,2.651,0.935,-23.2915,-1.2592
364,1,1,364,30.4545,27.8571,2.84,1.635934,2.642,0.939,-26.6005,-1.2641
365,1,1,365,31.5909,27.8571,2.72,1.609101,2.592,0.941,-31.2084,-1.273
366,1,1,366,32.7273,27.8571,2.6,1.56752,2.517,0.942,-39.7228,-1.3919
367,1,1,367,33.8636,27.8571,2.52,1.534517,2.465,0.942,-48.993,-1.3319
368,1,1,368,35.0,27.8571,2.4,1.492602,2.356,0.938,-39.1614,-1.4429
369,1,1,369,10.0,29.0476,7.0,1.480000000000001,4.186,0.684,-37.9123,-1.466
370,1,1,370,11.1364,29.0476,7.0,0.0,4.2,0.683,-7.6146,-1.1646
371,1,1,371,12.2727,29.0476,7.0,0.0,4.234,0.67,-7.5625,-1.1683
372,1,1,372,13.4091,29.0476,4.68,0.0,2.767,0.69,-7.2261,-1.1618
373,1,1,373,14.5455,29.0476,4.52,0.0,2.397,0.707,-6.8798,-1.155
374,1,1,374,15.6818,29.0476,3.76,0.0,1.166,0.729,-7.2266,-1.1478
375,1,1,375,16.8182,29.0476,3.68,0.0,1.47,0.756,-7.6991,-1.1614
376,1,1,376,17.9545,29.0476,3.6,0.0,1.704,0.782,-8.3382,-1.1573
377,1,1,377,19.0909,29.0476,3.56,0.0,1.903,0.805,-9.038,-1.1789
378,1,1,378,20.2273,29.0476,3.48,0.923749,2.067,0.826,-9.8208,-1.1777
379,1,1,379,21.3636,29.0476,3.4,1.2413,2.201,0.846,-10.6734,-1.1767
380,1,1,380,22.5,29.0476,3.36,1.399013,2.331,0.863,-11.609,-1.2036
381,1,1,381,23.6364,29.0476,3.28,1.486296,2.435,0.879,-12.6461,-1.2047
382,1,1,382,24.7727,29.0476,3.2,1.533764,2.508,0.893,-13.7927,-1.2059
383,1,1,383,25.9091,29.0476,3.12,1.556456,2.558,0.905,-15.0593,-1.2074
384,1,1,384,27.0455,29.0476,3.04,1.56253,2.606,0.915,-16.4725,-1.2098
385,1,1,385,28.1818,29.0476,2.96,1.559008,2.631,0.923,-18.0389,-1.2147
386,1,1,386,29.3182,29.0476,2.88,1.545333,2.635,0.929,-19.8341,-1.2489
387,1,1,387,30.4545,29.0476,2.8,1.525295,2.635,0.934,-21.835,-1.2571
388,1,1,388,31.5909,29.0476,2.72,1.50186,2.625,0.938,-24.095,-1.2691
389,1,1,389,32.7273,29.0476,2.6,1.472353,2.549,0.94,-26.6248,-1.3129
390,1,1,390,33.8636,29.0476,2.52,1.439998,2.497,0.941,-29.4695,-1.3288
391,1,1,391,35.0,29.0476,2.4,1.405678,2.389,0.938,-32.2408,-1.3494
392,1,1,392,10.0,30.2381,7.0,1.4000000000000012,3.957,0.725,-34.3234,-1.406
393,1,1,393,11.1364,30.2381,7.0,0.0,3.953,0.716,-8.9646,-1.1442
394,1,1,394,12.2727,30.2381,7.0,0.0,3.98,0.696,-8.6023,-1.1485
395,1,1,395,13.4091,30.2381,6.96,0.0,4.003,0.671,-7.9684,-1.1412
396,1,1,396,14.5455,30.2381,3.52,0.0,0.913,0.681,-7.2198,-1.1341
397,1,1,397,15.6818,30.2381,3.52,0.0,1.166,0.709,-6.6978,-1.1272
398,1,1,398,16.8182,30.2381,3.52,0.0,1.406,0.736,-7.2258,-1.1206
399,1,1,399,17.9545,30.2381,3.48,0.0,1.619,0.761,-7.8137,-1.1379
400,1,1,400,19.0909,30.2381,3.44,0.0,1.814,0.786,-8.4513,-1.1344
401,1,1,401,20.2273,30.2381,3.4,0.0,1.99,0.808,-9.158,-1.1592
402,1,1,402,21.3636,30.2381,3.32,0.844453,2.123,0.829,-9.9166,-1.159
403,1,1,403,22.5,30.2381,3.28,1.116956,2.261,0.848,-10.7438,-1.1589
404,1,1,404,23.6364,30.2381,3.2,1.260244,2.362,0.865,-11.6389,-1.1594
405,1,1,405,24.7727,30.2381,3.12,1.344229,2.432,0.88,-12.6241,-1.19
406,1,1,406,25.9091,30.2381,3.08,1.39213,2.523,0.893,-13.6782,-1.1932
407,1,1,407,27.0455,30.2381,3.0,1.41686,2.574,0.904,-14.8213,-1.1978
408,1,1,408,28.1818,30.2381,2.92,1.427852,2.6,0.914,-16.0554,-1.2052
409,1,1,409,29.3182,30.2381,2.84,1.425961,2.606,0.921,-17.4069,-1.2384
410,1,1,410,30.4545,30.2381,2.76,1.415938,2.614,0.928,-18.835,-1.2492
411,1,1,411,31.5909,30.2381,2.68,1.400873,2.602,0.933,-20.352,-1.2636
412,1,1,412,32.7273,30.2381,2.6,1.378993,2.569,0.936,-21.9473,-1.3065
413,1,1,413,33.8636,30.2381,2.52,1.353321,2.517,0.937,-23.5146,-1.3244
414,1,1,414,35.0,30.2381,2.44,1.324603,2.465,0.937,-24.9913,-1.3462
415,1,1,415,10.0,31.4286,7.0,0.053465,3.486,0.754,-26.2929,-1.3706
416,1,1,416,11.1364,31.4286,7.0,0.08,3.505,0.739,-10.3262,-1.139
417,1,1,417,12.2727,31.4286,6.96,0.0,3.617,0.716,-9.5452,-1.1307
418,1,1,418,13.4091,31.4286,6.88,0.0,3.735,0.69,-8.5765,-1.1228
419,1,1,419,14.5455,31.4286,6.76,0.0,3.83,0.664,-7.7112,-1.1158
420,1,1,420,15.6818,31.4286,3.4,0.0,1.046,0.688,-6.9902,-1.1093
421,1,1,421,16.8182,31.4286,3.4,0.0,1.289,0.715,-6.8132,-1.1034
422,1,1,422,17.9545,31.4286,3.36,0.0,1.502,0.741,-7.3426,-1.0984
423,1,1,423,19.0909,31.4286,3.32,0.0,1.7,0.766,-7.9287,-1.1184
424,1,1,424,20.2273,31.4286,3.28,0.0,1.875,0.789,-8.5599,-1.1162
425,1,1,425,21.3636,31.4286,3.24,0.0,2.031,0.811,-9.2475,-1.1437
426,1,1,426,22.5,31.4286,3.2,0.772821,2.174,0.831,-9.9796,-1.1448
427,1,1,427,23.6364,31.4286,3.12,1.009039,2.271,0.85,-10.7645,-1.1469
428,1,1,428,24.7727,31.4286,3.08,1.138438,2.375,0.866,-11.6053,-1.1505
429,1,1,429,25.9091,31.4286,3.0,1.217631,2.443,0.88,-12.5134,-1.1815
430,1,1,430,27.0455,31.4286,2.92,1.264311,2.493,0.892,-13.4729,-1.1883
431,1,1,431,28.1818,31.4286,2.88,1.291071,2.555,0.902,-14.4773,-1.1979
432,1,1,432,29.3182,31.4286,2.8,1.30268,2.567,0.911,-15.5463,-1.23
433,1,1,433,30.4545,31.4286,2.72,1.303399,2.578,0.919,-16.655,-1.2429
434,1,1,434,31.5909,31.4286,2.64,1.296435,2.564,0.925,-17.7945,-1.259
435,1,1,435,32.7273,31.4286,2.56,1.283361,2.527,0.929,-18.9434,-1.2781
436,1,1,436,33.8636,31.4286,2.48,1.264921,2.475,0.93,-20.0512,-1.3202
437,1,1,437,35.0,31.4286,2.44,1.242825,2.481,0.932,-21.0779,-1.3427
438,1,1,438,10.0,32.619,7.0,0.264107,3.245,0.774,-22.0157,-1.367
439,1,1,439,11.1364,32.619,6.96,0.184313,3.292,0.755,-11.5001,-1.1189
440,1,1,440,12.2727,32.619,6.88,0.2000000000000001,3.302,0.732,-10.2421,-1.11
441,1,1,441,13.4091,32.619,6.76,0.0,3.432,0.707,-9.1407,-1.1022
442,1,1,442,14.5455,32.619,6.68,0.0,3.565,0.681,-8.2155,-1.0957
443,1,1,443,15.6818,32.619,6.6,0.0,3.685,0.655,-7.4309,-1.0902
444,1,1,444,16.8182,32.619,3.28,0.0,1.157,0.695,-6.7759,-1.0857
445,1,1,445,17.9545,32.619,3.28,0.0,1.389,0.721,-6.925,-1.0822
446,1,1,446,19.0909,32.619,3.24,0.0,1.589,0.747,-7.4556,-1.1018
447,1,1,447,20.2273,32.619,3.2,0.0,1.766,0.771,-8.0278,-1.101
448,1,1,448,21.3636,32.619,3.16,0.0,1.927,0.793,-8.6379,-1.1017
449,1,1,449,22.5,32.619,3.12,0.0,2.072,0.814,-9.299,-1.1306
450,1,1,450,23.6364,32.619,3.08,0.693867,2.199,0.833,-9.9954,-1.1344
451,1,1,451,24.7727,32.619,3.0,0.9072,2.277,0.85,-10.7407,-1.1627
452,1,1,452,25.9091,32.619,2.96,1.02925,2.382,0.865,-11.5184,-1.1694
453,1,1,453,27.0455,32.619,2.88,1.103339,2.432,0.878,-12.3388,-1.1781
454,1,1,454,28.1818,32.619,2.84,1.14941,2.497,0.889,-13.1905,-1.1896
455,1,1,455,29.3182,32.619,2.76,1.176033,2.516,0.9,-14.0726,-1.2206
456,1,1,456,30.4545,32.619,2.68,1.188944,2.527,0.908,-14.9812,-1.2351
457,1,1,457,31.5909,32.619,2.6,1.191839,2.51,0.915,-15.896,-1.2524
458,1,1,458,32.7273,32.619,2.56,1.186986,2.524,0.92,-16.7957,-1.272
459,1,1,459,33.8636,32.619,2.48,1.17605,2.476,0.923,-17.6792,-1.3142
460,1,1,460,35.0,32.619,2.4,1.159988,2.437,0.925,-18.5016,-1.3368
461,1,1,461,10.0,33.8095,6.92,0.45946,3.302,0.785,-19.2278,-1.3609
462,1,1,462,11.1364,33.8095,6.84,0.434672,3.285,0.766,-12.1883,-1.0969
463,1,1,463,12.2727,33.8095,6.72,0.4400000000000004,3.294,0.745,-10.824,-1.0883
464,1,1,464,13.4091,33.8095,6.64,0.0,3.341,0.721,-9.663,-1.0819
465,1,1,465,14.5455,33.8095,6.56,0.0,3.406,0.697,-8.6958,-1.0763
466,1,1,466,15.6818,33.8095,6.48,0.0,3.553,0.672,-7.8614,-1.0722
467,1,1,467,16.8182,33.8095,7.0,0.0,3.164,0.652,-7.1582,-1.0692
468,1,1,468,17.9545,33.8095,3.2,0.0,1.265,0.702,-6.8304,-1.0675
469,1,1,469,19.0909,33.8095,3.16,0.0,1.466,0.727,-7.0261,-1.0857
470,1,1,470,20.2273,33.8095,3.16,0.0,1.67,0.751,-7.5455,-1.0891
471,1,1,471,21.3636,33.8095,3.12,0.0,1.836,0.774,-8.1026,-1.1127
472,1,1,472,22.5,33.8095,3.04,0.0,1.956,0.796,-8.6895,-1.1166
473,1,1,473,23.6364,33.8095,3.0,0.0,2.085,0.815,-9.3101,-1.1222
474,1,1,474,24.7727,33.8095,2.96,0.610727,2.2,0.833,-9.9694,-1.1492
475,1,1,475,25.9091,33.8095,2.92,0.809173,2.308,0.848,-10.6537,-1.1576
476,1,1,476,27.0455,33.8095,2.84,0.923858,2.359,0.862,-11.3632,-1.1695
477,1,1,477,28.1818,33.8095,2.8,0.995303,2.427,0.875,-12.1012,-1.1812
478,1,1,478,29.3182,33.8095,2.72,1.040445,2.452,0.886,-12.8508,-1.2111
479,1,1,479,30.4545,33.8095,2.64,1.067449,2.46,0.896,-13.6179,-1.2269
480,1,1,480,31.5909,33.8095,2.6,1.081415,2.493,0.904,-14.3768,-1.2451
481,1,1,481,32.7273,33.8095,2.52,1.08534,2.458,0.909,-15.1377,-1.2652
482,1,1,482,33.8636,33.8095,2.48,1.08308,2.471,0.914,-15.8613,-1.2882
483,1,1,483,35.0,33.8095,2.4,1.074227,2.435,0.917,-16.5326,-1.3295
484,1,1,484,10.0,35.0,6.76,0.6425,3.665,0.789,-17.1607,-1.3533
485,1,1,485,11.1364,35.0,6.68,0.646919,3.673,0.774,-12.7792,-1.0945
486,1,1,486,12.2727,35.0,6.6,0.334849,3.569,0.757,-11.3538,-1.0858
487,1,1,487,13.4091,35.0,6.48,0.3200000000000003,3.425,0.737,-10.1725,-1.0789
488,1,1,488,14.5455,35.0,6.4,0.0,3.45,0.715,-9.1731,-1.0745
489,1,1,489,15.6818,35.0,7.0,0.0,3.657,0.689,-8.3222,-1.072
490,1,1,490,16.8182,35.0,7.0,0.0,3.545,0.684,-7.7977,-1.0713
491,1,1,491,17.9545,35.0,7.0,0.0,3.442,0.686,-7.6506,-1.0718
492,1,1,492,19.0909,35.0,7.0,0.0,3.436,0.693,-7.6821,-1.0736
493,1,1,493,20.2273,35.0,7.0,0.0,3.458,0.706,-7.8614,-1.0765
494,1,1,494,21.3636,35.0,7.0,0.0,3.446,0.719,-8.1839,-1.0996
495,1,1,495,22.5,35.0,7.0,0.0,3.458,0.732,-8.5741,-1.1055
496,1,1,496,23.6364,35.0,7.0,0.0,3.488,0.744,-9.0385,-1.113
497,1,1,497,24.7727,35.0,7.0,0.002929,3.524,0.756,-9.5119,-1.1381
498,1,1,498,25.9091,35.0,2.84,0.52168,2.186,0.831,-10.0344,-1.1481
499,1,1,499,27.0455,35.0,2.8,0.712727,2.274,0.846,-10.5351,-1.1604
500,1,1,500,28.1818,35.0,2.76,0.82317,2.346,0.86,-11.1803,-1.1749
501,1,1,501,29.3182,35.0,2.68,0.892838,2.376,0.872,-11.8318,-1.2033
502,1,1,502,30.4545,35.0,2.64,0.937194,2.43,0.882,-12.4927,-1.2203
503,1,1,503,31.5909,35.0,2.56,0.964347,2.415,0.89,-13.1477,-1.2392
504,1,1,504,32.7273,35.0,2.52,0.980155,2.435,0.897,-13.7937,-1.2597
505,1,1,505,33.8636,35.0,2.44,0.985601,2.405,0.902,-14.4041,-1.3005
506,1,1,506,35.0,35.0,2.4,0.984091,2.426,0.907,-14.9823,-1.3232
507,1,2,1,10.0,10.0,5.48,3.563884,3.427,0.908,-27.7737,-1.7997
508,1,2,2,10.0,11.1905,5.48,2.479531,3.407,0.906,-16.0655,-1.6996
509,1,2,3,10.0,12.381,5.48,2.403867,3.388,0.904,-15.6825,-1.6955
510,1,2,4,10.0,13.5714,5.48,2.341891,3.372,0.902,-15.3173,-1.7013
511,1,2,5,10.0,14.7619,5.48,2.286427,3.358,0.899,-14.9122,-1.6996
512,1,2,6,10.0,15.9524,5.48,2.232082,3.351,0.895,-14.4921,-1.7061
513,1,2,7,10.0,17.1429,5.48,2.171134,3.345,0.891,-14.0408,-1.7132
514,1,2,8,10.0,18.3333,5.48,2.113836,3.344,0.885,-13.4948,-1.7173
515,1,2,9,10.0,19.5238,5.52,2.047991,3.333,0.878,-12.951,-1.7202
516,1,2,10,10.0,20.7143,5.52,1.973505,3.356,0.869,-12.3607,-1.7219
517,1,2,11,10.0,21.9048,7.0,1.875608,3.182,0.827,-11.7509,-1.7217
518,1,2,12,10.0,23.0952,7.0,0.529444,3.403,0.83,-11.4858,-1.7199
519,1,2,13,10.0,24.2857,7.0,0.467936,3.615,0.834,-12.1008,-1.7297
520,1,2,14,10.0,25.4762,7.0,0.4611,3.787,0.839,-13.0134,-1.7268
521,1,2,15,10.0,26.6667,7.0,0.473375,3.714,0.847,-14.6221,-1.7221
522,1,2,16,10.0,27.8571,7.0,0.51385,3.277,0.844,-17.0683,-1.7225
523,1,2,17,10.0,29.0476,7.0,0.565249,2.521,0.839,-19.6151,-1.7194
524,1,2,18,10.0,30.2381,6.88,0.632476,2.545,0.833,-18.5952,-1.7111
525,1,2,19,10.0,31.4286,6.76,0.702666,2.688,0.834,-17.0241,-1.6956
526,1,2,20,10.0,32.619,6.68,0.779782,3.033,0.831,-16.2832,-1.6879
527,1,2,21,10.0,33.8095,6.56,0.859772,3.041,0.832,-15.9171,-1.6857
528,1,2,22,10.0,35.0,6.48,0.935357,3.371,0.836,-15.8012,-1.6929
529,1,2,23,11.1364,10.0,5.56,2.411279,3.501,0.912,-15.8185,-1.6949
530,1,2,24,11.1364,11.1905,5.56,2.35669,3.473,0.91,-16.5374,-1.7194
531,1,2,25,11.1364,12.381,5.56,2.314422,3.446,0.908,-16.1313,-1.7165
532,1,2,26,11.1364,13.5714,5.56,2.272476,3.422,0.906,-15.7537,-1.7232
533,1,2,27,11.1364,14.7619,5.56,2.231162,3.401,0.904,-15.3458,-1.7203
534,1,2,28,11.1364,15.9524,5.56,2.18803,3.392,0.901,-14.9281,-1.7272
535,1,2,29,11.1364,17.1429,5.56,2.13615,3.384,0.897,-14.5015,-1.7319
536,1,2,30,11.1364,18.3333,5.6,2.086933,3.367,0.892,-13.9733,-1.7344
537,1,2,31,11.1364,19.5238,5.6,2.029415,3.362,0.886,-13.4577,-1.7346
538,1,2,32,11.1364,20.7143,7.0,1.964962,3.36,0.847,-12.8808,-1.7456
539,1,2,33,11.1364,21.9048,7.0,1.882682,3.466,0.853,-13.0083,-1.7453
540,1,2,34,11.1364,23.0952,7.0,1.780498,3.654,0.864,-13.8736,-1.743
541,1,2,35,11.1364,24.2857,7.0,1.606883,3.792,0.868,-15.2864,-1.7416
542,1,2,36,11.1364,25.4762,7.0,0.915218,3.827,0.868,-17.5413,-1.7388
543,1,2,37,11.1364,26.6667,7.0,0.785328,3.566,0.86,-21.5738,-1.7353
544,1,2,38,11.1364,27.8571,6.92,0.748661,3.17,0.843,-24.2758,-1.7299
545,1,2,39,11.1364,29.0476,6.84,0.746136,2.771,0.83,-19.7214,-1.7227
546,1,2,40,11.1364,30.2381,6.72,0.77178,2.477,0.822,-17.0401,-1.7093
547,1,2,41,11.1364,31.4286,6.64,0.810523,2.627,0.821,-15.5734,-1.6919
548,1,2,42,11.1364,32.619,6.56,0.863403,2.473,0.822,-14.7813,-1.6812
549,1,2,43,11.1364,33.8095,6.48,0.925255,2.901,0.824,-14.4009,-1.6684
550,1,2,44,11.1364,35.0,6.44,0.990406,3.236,0.828,-14.3999,-1.6966
551,1,2,45,12.2727,10.0,5.72,2.264059,3.727,0.918,-14.5253,-1.705
552,1,2,46,12.2727,11.1905,5.68,2.300123,3.657,0.917,-17.9653,-1.7421
553,1,2,47,12.2727,12.381,5.68,2.26882,3.612,0.915,-17.3888,-1.739
554,1,2,48,12.2727,13.5714,5.68,2.235671,3.573,0.914,-16.892,-1.7442
555,1,2,49,12.2727,14.7619,5.68,2.201287,3.538,0.912,-16.3917,-1.7413
556,1,2,50,12.2727,15.9524,5.68,2.164125,3.513,0.909,-15.908,-1.7448
557,1,2,51,12.2727,17.1429,5.68,2.118063,3.494,0.906,-15.4405,-1.7565
558,1,2,52,12.2727,18.3333,5.72,2.07522,3.487,0.902,-14.8816,-1.759
559,1,2,53,12.2727,19.5238,6.64,2.024436,3.725,0.873,-14.3551,-1.7592
560,1,2,54,12.2727,20.7143,6.84,1.967966,3.718,0.869,-14.3003,-1.7577
561,1,2,55,12.2727,21.9048,7.0,1.89688,3.837,0.872,-14.8267,-1.7562
562,1,2,56,12.2727,23.0952,7.0,1.81363,3.926,0.878,-16.315,-1.755
563,1,2,57,12.2727,24.2857,7.0,1.694935,4.008,0.879,-19.2767,-1.7515
564,1,2,58,12.2727,25.4762,6.96,1.513389,3.899,0.871,-25.802,-1.7461
565,1,2,59,12.2727,26.6667,6.84,1.197154,3.677,0.857,-37.8123,-1.7388
566,1,2,60,12.2727,27.8571,6.76,1.011037,3.404,0.842,-22.927,-1.7301
567,1,2,61,12.2727,29.0476,6.68,0.929718,3.06,0.825,-18.2623,-1.7264
568,1,2,62,12.2727,30.2381,6.56,0.905424,2.8,0.814,-15.7366,-1.7199
569,1,2,63,12.2727,31.4286,6.52,0.875605,2.508,0.809,-14.2819,-1.6827
570,1,2,64,12.2727,32.619,6.44,0.864155,2.162,0.808,-13.4349,-1.6749
571,1,2,65,12.2727,33.8095,6.4,0.877715,2.649,0.811,-13.0183,-1.6683
572,1,2,66,12.2727,35.0,6.36,0.909188,2.838,0.815,-13.0049,-1.6965
573,1,2,67,13.4091,10.0,5.84,2.053218,4.083,0.922,-13.2088,-1.7102
574,1,2,68,13.4091,11.1905,5.84,2.106696,4.009,0.921,-21.7863,-1.7614
575,1,2,69,13.4091,12.381,5.84,2.162141,3.934,0.92,-20.5302,-1.7575
576,1,2,70,13.4091,13.5714,5.84,2.209833,3.869,0.919,-19.5325,-1.7684
577,1,2,71,13.4091,14.7619,5.88,2.188988,3.834,0.915,-18.6695,-1.7658
578,1,2,72,13.4091,15.9524,5.92,2.156588,3.815,0.911,-17.9339,-1.7696
579,1,2,73,13.4091,17.1429,6.12,2.114618,3.904,0.899,-17.3711,-1.7721
580,1,2,74,13.4091,18.3333,6.24,2.076557,3.926,0.894,-16.8301,-1.7683
581,1,2,75,13.4091,19.5238,6.4,2.031284,3.943,0.891,-16.54,-1.7696
582,1,2,76,13.4091,20.7143,6.56,1.980893,3.976,0.888,-16.5344,-1.7693
583,1,2,77,13.4091,21.9048,6.72,1.917554,4.051,0.885,-17.0003,-1.7664
584,1,2,78,13.4091,23.0952,6.8,1.846544,4.125,0.885,-18.4521,-1.7614
585,1,2,79,13.4091,24.2857,6.8,1.751498,4.149,0.883,-21.7695,-1.754
586,1,2,80,13.4091,25.4762,6.72,1.630091,4.032,0.876,-30.3325,-1.7448
587,1,2,81,13.4091,26.6667,6.68,1.455349,3.891,0.861,-30.7947,-1.7338
588,1,2,82,13.4091,27.8571,6.56,1.258874,3.691,0.843,-21.3154,-1.7345
589,1,2,83,13.4091,29.0476,6.48,1.055275,3.442,0.823,-17.1405,-1.7272
590,1,2,84,13.4091,30.2381,6.44,0.86163,3.028,0.805,-14.7173,-1.7146
591,1,2,85,13.4091,31.4286,6.36,0.742064,2.699,0.795,-13.2457,-1.6687
592,1,2,86,13.4091,32.619,6.32,0.68732,2.195,0.79,-12.317,-1.6634
593,1,2,87,13.4091,33.8095,6.28,0.699965,2.231,0.792,-11.8221,-1.6637
594,1,2,88,13.4091,35.0,6.28,0.745165,2.36,0.799,-11.7557,-1.7255
595,1,2,89,14.5455,10.0,5.8,1.856125,4.303,0.925,-11.9542,-1.7181
596,1,2,90,14.5455,11.1905,5.8,1.922925,4.223,0.926,-29.9728,-1.7302
597,1,2,91,14.5455,12.381,5.84,1.983859,4.179,0.925,-26.7163,-1.7846
598,1,2,92,14.5455,13.5714,5.88,2.03949,4.143,0.923,-24.5533,-1.7866
599,1,2,93,14.5455,14.7619,5.88,2.098112,4.073,0.923,-22.8619,-1.7737
600,1,2,94,14.5455,15.9524,5.92,2.143335,4.05,0.92,-21.6227,-1.7792
601,1,2,95,14.5455,17.1429,6.0,2.123569,4.053,0.914,-20.8191,-1.7828
602,1,2,96,14.5455,18.3333,6.08,2.089148,4.061,0.909,-20.095,-1.783
603,1,2,97,14.5455,19.5238,6.2,2.047574,4.098,0.904,-19.6299,-1.7804
604,1,2,98,14.5455,20.7143,6.32,2.001287,4.145,0.902,-19.4654,-1.7759
605,1,2,99,14.5455,21.9048,6.44,1.943998,4.204,0.9,-19.8309,-1.7684
606,1,2,100,14.5455,23.0952,6.52,1.880476,4.281,0.897,-21.2765,-1.759
607,1,2,101,14.5455,24.2857,6.56,1.798137,4.289,0.892,-25.1064,-1.7572
608,1,2,102,14.5455,25.4762,6.52,1.700287,4.239,0.882,-38.9426,-1.7496
609,1,2,103,14.5455,26.6667,6.48,1.571435,4.098,0.865,-27.4749,-1.7408
610,1,2,104,14.5455,27.8571,6.4,1.311591,3.944,0.846,-20.167,-1.731
611,1,2,105,14.5455,29.0476,6.32,1.024264,3.725,0.823,-16.3622,-1.737
612,1,2,106,14.5455,30.2381,6.28,0.77943,3.361,0.798,-13.9751,-1.7321
613,1,2,107,14.5455,31.4286,6.24,0.597265,2.925,0.78,-12.4577,-1.6519
614,1,2,108,14.5455,32.619,6.2,0.473163,2.433,0.772,-11.4445,-1.6574
615,1,2,109,14.5455,33.8095,6.2,0.449264,1.98,0.773,-10.859,-1.6557
616,1,2,110,14.5455,35.0,6.16,0.510368,1.759,0.78,-10.6913,-1.7318
617,1,2,111,15.6818,10.0,5.68,1.69195,4.484,0.924,-10.8332,-1.7313
618,1,2,112,15.6818,11.1905,5.72,1.762221,4.435,0.926,-36.0663,-1.7397
619,1,2,113,15.6818,12.381,5.76,1.827705,4.382,0.928,-57.7609,-1.7985
620,1,2,114,15.6818,13.5714,5.76,1.884809,4.304,0.929,-36.749,-1.8019
621,1,2,115,15.6818,14.7619,5.8,1.944972,4.26,0.929,-31.1466,-1.7953
622,1,2,116,15.6818,15.9524,5.84,1.992102,4.242,0.927,-28.2223,-1.7957
623,1,2,117,15.6818,17.1429,5.88,2.045945,4.228,0.925,-26.5607,-1.7948
624,1,2,118,15.6818,18.3333,5.96,2.095802,4.25,0.92,-25.1646,-1.7897
625,1,2,119,15.6818,19.5238,6.0,2.077822,4.246,0.918,-24.3114,-1.782
626,1,2,120,15.6818,20.7143,6.12,2.034812,4.293,0.91,-23.8933,-1.7775
627,1,2,121,15.6818,21.9048,6.2,1.981204,4.343,0.907,-24.08,-1.772
628,1,2,122,15.6818,23.0952,6.28,1.922791,4.4,0.903,-25.6782,-1.7646
629,1,2,123,15.6818,24.2857,6.32,1.848614,4.433,0.897,-30.7397,-1.7548
630,1,2,124,15.6818,25.4762,6.32,1.738207,4.404,0.887,-39.4516,-1.7437
631,1,2,125,15.6818,26.6667,6.28,1.513953,4.339,0.872,-25.0141,-1.7311
632,1,2,126,15.6818,27.8571,6.24,1.253462,4.17,0.848,-19.2186,-1.7438
633,1,2,127,15.6818,29.0476,6.2,0.976666,3.958,0.821,-15.7526,-1.7362
634,1,2,128,15.6818,30.2381,6.12,0.699641,3.702,0.794,-13.4361,-1.7456
635,1,2,129,15.6818,31.4286,6.12,0.451389,3.184,0.77,-11.8657,-1.6344
636,1,2,130,15.6818,32.619,6.08,0.171914,2.705,0.757,-10.7926,-1.6422
637,1,2,131,15.6818,33.8095,6.08,0.2000000000000001,2.003,0.754,-10.1145,-1.6539
638,1,2,132,15.6818,35.0,6.08,0.0,1.412,0.76,-9.8389,-1.7387
639,1,2,133,16.8182,10.0,5.56,1.567644,4.648,0.919,-9.9134,-1.7407
640,1,2,134,16.8182,11.1905,5.6,1.635766,4.609,0.923,-25.379,-1.7504
641,1,2,135,16.8182,12.381,5.64,1.703839,4.552,0.926,-28.3386,-1.7609
642,1,2,136,16.8182,13.5714,5.68,1.761611,4.514,0.928,-32.3009,-1.8133
643,1,2,137,16.8182,14.7619,5.72,1.820706,4.477,0.929,-39.1069,-1.8045
644,1,2,138,16.8182,15.9524,5.76,1.868714,4.462,0.929,-51.8013,-1.8005
645,1,2,139,16.8182,17.1429,5.8,1.91994,4.445,0.929,-39.3854,-1.7953
646,1,2,140,16.8182,18.3333,5.84,1.966528,4.437,0.928,-35.0713,-1.7925
647,1,2,141,16.8182,19.5238,5.88,2.006733,4.436,0.926,-32.7549,-1.7867
648,1,2,142,16.8182,20.7143,5.96,2.028333,4.484,0.921,-31.7322,-1.7792
649,1,2,143,16.8182,21.9048,6.04,2.011763,4.538,0.915,-31.6131,-1.7691
650,1,2,144,16.8182,23.0952,6.08,1.943732,4.556,0.909,-34.0716,-1.7573
651,1,2,145,16.8182,24.2857,6.16,1.816725,4.624,0.9,-46.2648,-1.767
652,1,2,146,16.8182,25.4762,6.16,1.642069,4.624,0.89,-30.6036,-1.7579
653,1,2,147,16.8182,26.6667,6.12,1.435023,4.538,0.876,-22.9968,-1.7475
654,1,2,148,16.8182,27.8571,6.08,1.19406,4.429,0.854,-18.4361,-1.7601
655,1,2,149,16.8182,29.0476,6.04,0.926242,4.234,0.826,-15.2995,-1.7536
656,1,2,150,16.8182,30.2381,6.0,0.633303,3.938,0.796,-13.0741,-1.7489
657,1,2,151,16.8182,31.4286,5.96,0.287483,3.597,0.77,-11.4982,-1.6338
658,1,2,152,16.8182,32.619,5.96,0.3200000000000003,2.992,0.748,-10.3025,-1.7527
659,1,2,153,16.8182,33.8095,5.96,0.0,2.281,0.739,-9.5678,-1.7475
660,1,2,154,16.8182,35.0,6.0,0.0,1.388,0.742,-9.211,-1.7511
661,1,2,155,17.9545,10.0,5.44,1.489775,4.834,0.913,-9.1971,-1.745
662,1,2,156,17.9545,11.1905,5.48,1.557657,4.797,0.918,-21.798,-1.8026
663,1,2,157,17.9545,12.381,5.52,1.620903,4.755,0.921,-23.4654,-1.8182
664,1,2,158,17.9545,13.5714,5.56,1.67787,4.716,0.924,-25.3383,-1.8194
665,1,2,159,17.9545,14.7619,5.6,1.735328,4.676,0.926,-27.6397,-1.8106
666,1,2,160,17.9545,15.9524,5.64,1.781211,4.661,0.928,-30.3158,-1.8074
667,1,2,161,17.9545,17.1429,5.68,1.830574,4.65,0.929,-33.0429,-1.803
668,1,2,162,17.9545,18.3333,5.72,1.875848,4.65,0.929,-36.7016,-1.7946
669,1,2,163,17.9545,19.5238,5.76,1.912719,4.659,0.929,-40.3388,-1.7839
670,1,2,164,17.9545,20.7143,5.8,1.933982,4.672,0.927,-44.4691,-1.7886
671,1,2,165,17.9545,21.9048,5.88,1.919122,4.717,0.922,-43.2662,-1.781
672,1,2,166,17.9545,23.0952,5.92,1.852853,4.751,0.917,-39.1263,-1.7717
673,1,2,167,17.9545,24.2857,6.0,1.735069,4.823,0.907,-31.9969,-1.7828
674,1,2,168,17.9545,25.4762,6.0,1.572781,4.807,0.897,-26.0669,-1.776
675,1,2,169,17.9545,26.6667,6.0,1.376694,4.767,0.88,-21.3947,-1.7674
676,1,2,170,17.9545,27.8571,5.96,1.148281,4.653,0.859,-17.7553,-1.7587
677,1,2,171,17.9545,29.0476,5.92,0.892223,4.479,0.832,-14.966,-1.7503
678,1,2,172,17.9545,30.2381,5.88,0.588799,4.247,0.802,-12.8539,-1.7604
679,1,2,173,17.9545,31.4286,5.88,0.171659,3.785,0.768,-11.236,-1.7587
680,1,2,174,17.9545,32.619,5.84,0.1600000000000001,3.352,0.745,-10.1103,-1.6354
681,1,2,175,17.9545,33.8095,5.88,0.0,2.481,0.73,-9.2566,-1.7587
682,1,2,176,17.9545,35.0,5.88,0.0,1.678,0.73,-8.8079,-1.7581
683,1,2,177,19.0909,10.0,5.32,1.463258,4.96,0.909,-8.7059,-1.7572
684,1,2,178,19.0909,11.1905,5.4,1.525725,4.989,0.912,-20.2107,-1.8026
685,1,2,179,19.0909,12.381,5.44,1.585434,4.95,0.916,-21.4625,-1.818
686,1,2,180,19.0909,13.5714,5.48,1.639629,4.929,0.92,-22.7638,-1.8184
687,1,2,181,19.0909,14.7619,5.52,1.694722,4.902,0.923,-24.1872,-1.8101
688,1,2,182,19.0909,15.9524,5.52,1.738597,4.855,0.925,-25.6589,-1.8122
689,1,2,183,19.0909,17.1429,5.56,1.784306,4.848,0.927,-27.0683,-1.8096
690,1,2,184,19.0909,18.3333,5.6,1.825805,4.848,0.927,-28.5782,-1.8045
691,1,2,185,19.0909,19.5238,5.64,1.860795,4.852,0.927,-29.8058,-1.7963
692,1,2,186,19.0909,20.7143,5.68,1.882717,4.856,0.927,-30.6119,-1.7864
693,1,2,187,19.0909,21.9048,5.76,1.867635,4.913,0.923,-30.5967,-1.7953
694,1,2,188,19.0909,23.0952,5.8,1.802252,4.958,0.919,-29.428,-1.7891
695,1,2,189,19.0909,24.2857,5.84,1.689191,5.003,0.913,-26.9374,-1.7807
696,1,2,190,19.0909,25.4762,5.88,1.535243,5.025,0.901,-23.648,-1.7887
697,1,2,191,19.0909,26.6667,5.84,1.349525,4.956,0.888,-20.2469,-1.782
698,1,2,192,19.0909,27.8571,5.84,1.131997,4.884,0.865,-17.2841,-1.775
699,1,2,193,19.0909,29.0476,5.8,0.884687,4.75,0.839,-14.7908,-1.7676
700,1,2,194,19.0909,30.2381,5.76,0.586355,4.515,0.808,-12.7944,-1.7619
701,1,2,195,19.0909,31.4286,5.76,0.061164,4.159,0.774,-11.2051,-1.7568
702,1,2,196,19.0909,32.619,5.76,0.04,3.651,0.745,-10.0159,-1.7654
703,1,2,197,19.0909,33.8095,2.48,0.0,1.268,0.795,-9.1549,-1.766
704,1,2,198,19.0909,35.0,2.44,0.0,1.216,0.786,-8.662,-1.7642
705,1,2,199,20.2273,10.0,5.24,1.489026,5.125,0.906,-8.4561,-1.7685
706,1,2,200,20.2273,11.1905,5.28,1.54513,5.111,0.911,-19.7221,-1.8125
707,1,2,201,20.2273,12.381,5.32,1.598102,5.087,0.916,-20.8447,-1.8205
708,1,2,202,20.2273,13.5714,5.36,1.650542,5.068,0.919,-21.9426,-1.8066
709,1,2,203,20.2273,14.7619,5.4,1.700584,5.049,0.921,-23.0635,-1.818
710,1,2,204,20.2273,15.9524,5.44,1.743006,5.047,0.923,-24.1993,-1.815
711,1,2,205,20.2273,17.1429,5.48,1.784552,5.046,0.925,-25.1525,-1.8091
712,1,2,206,20.2273,18.3333,5.52,1.823637,5.052,0.925,-26.196,-1.8146
713,1,2,207,20.2273,19.5238,5.56,1.857275,5.067,0.925,-26.8683,-1.8092
714,1,2,208,20.2273,20.7143,5.6,1.873762,5.089,0.925,-27.3082,-1.8024
715,1,2,209,20.2273,21.9048,5.64,1.858184,5.118,0.923,-27.2621,-1.7937
716,1,2,210,20.2273,23.0952,5.68,1.792875,5.157,0.919,-26.5138,-1.8016
717,1,2,211,20.2273,24.2857,5.72,1.682988,5.19,0.913,-24.764,-1.7958
718,1,2,212,20.2273,25.4762,5.76,1.533079,5.199,0.903,-22.4009,-1.7888
719,1,2,213,20.2273,26.6667,5.76,1.35363,5.176,0.889,-19.6775,-1.7806
720,1,2,214,20.2273,27.8571,5.72,1.146516,5.106,0.87,-17.1253,-1.7718
721,1,2,215,20.2273,29.0476,5.72,0.911182,4.981,0.843,-14.8348,-1.7809
722,1,2,216,20.2273,30.2381,5.68,0.629606,4.748,0.814,-12.9251,-1.7752
723,1,2,217,20.2273,31.4286,5.64,0.21422,4.489,0.783,-11.3697,-1.7719
724,1,2,218,20.2273,32.619,5.64,0.2400000000000002,4.039,0.753,-10.1579,-1.7702
725,1,2,219,20.2273,33.8095,2.4,0.0,1.305,0.803,-9.2555,-1.7746
726,1,2,220,20.2273,35.0,2.4,0.0,1.274,0.796,-8.928,-1.778
727,1,2,221,21.3636,10.0,5.12,1.558958,5.138,0.906,-8.729,-1.7741
728,1,2,222,21.3636,11.1905,5.16,1.607805,5.165,0.913,-19.6955,-1.7926
729,1,2,223,21.3636,12.381,5.2,1.658538,5.174,0.917,-20.8409,-1.7911
730,1,2,224,21.3636,13.5714,5.24,1.703925,5.177,0.92,-21.9172,-1.8252
731,1,2,225,21.3636,14.7619,5.28,1.750496,5.177,0.923,-23.0045,-1.8067
732,1,2,226,21.3636,15.9524,5.32,1.791769,5.188,0.924,-23.9891,-1.8228
733,1,2,227,21.3636,17.1429,5.36,1.833118,5.199,0.925,-24.8738,-1.82
734,1,2,228,21.3636,18.3333,5.4,1.872469,5.213,0.925,-25.7735,-1.814
735,1,2,229,21.3636,19.5238,5.44,1.907103,5.231,0.925,-26.3624,-1.8187
736,1,2,230,21.3636,20.7143,5.48,1.922166,5.253,0.924,-26.6742,-1.8143
737,1,2,231,21.3636,21.9048,5.52,1.902125,5.281,0.923,-26.4926,-1.8082
738,1,2,232,21.3636,23.0952,5.56,1.833996,5.312,0.919,-25.7151,-1.8012
739,1,2,233,21.3636,24.2857,5.6,1.721836,5.337,0.914,-24.1617,-1.7927
740,1,2,234,21.3636,25.4762,5.64,1.574634,5.366,0.905,-22.0798,-1.8017
741,1,2,235,21.3636,26.6667,5.64,1.400825,5.344,0.892,-19.6815,-1.7961
742,1,2,236,21.3636,27.8571,5.64,1.201422,5.309,0.874,-17.3279,-1.7896
743,1,2,237,21.3636,29.0476,5.6,0.97789,5.178,0.852,-15.1432,-1.7826
744,1,2,238,21.3636,30.2381,5.6,0.71851,4.994,0.823,-13.2895,-1.7765
745,1,2,239,21.3636,31.4286,5.56,0.387744,4.718,0.795,-11.7316,-1.7718
746,1,2,240,21.3636,32.619,5.56,0.3600000000000003,4.343,0.765,-10.507,-1.7839
747,1,2,241,21.3636,33.8095,2.36,0.0,1.349,0.811,-9.5536,-1.7847
748,1,2,242,21.3636,35.0,2.32,0.0,1.312,0.805,-9.1925,-1.7865
749,1,2,243,22.5,10.0,5.0,1.647186,5.079,0.905,-8.9859,-1.79
750,1,2,244,22.5,11.1905,5.04,1.694853,5.126,0.913,-19.7173,-1.8047
751,1,2,245,22.5,12.381,5.08,1.743407,5.161,0.918,-21.1071,-1.8002
752,1,2,246,22.5,13.5714,5.12,1.787316,5.197,0.922,-22.3817,-1.8362
753,1,2,247,22.5,14.7619,5.16,1.833523,5.218,0.924,-23.6082,-1.8289
754,1,2,248,22.5,15.9524,5.2,1.874882,5.252,0.927,-24.7367,-1.81
755,1,2,249,22.5,17.1429,5.24,1.919685,5.277,0.928,-25.7336,-1.8289
756,1,2,250,22.5,18.3333,5.28,1.962091,5.304,0.928,-26.7169,-1.8253
757,1,2,251,22.5,19.5238,5.32,1.999905,5.329,0.927,-27.3026,-1.8195
758,1,2,252,22.5,20.7143,5.36,2.011874,5.357,0.926,-27.5876,-1.8235
759,1,2,253,22.5,21.9048,5.44,1.98519,5.427,0.923,-27.2647,-1.8196
760,1,2,254,22.5,23.0952,5.48,1.911779,5.456,0.92,-26.3498,-1.8149
761,1,2,255,22.5,24.2857,5.52,1.799488,5.482,0.915,-24.7464,-1.8094
762,1,2,256,22.5,25.4762,5.52,1.653813,5.485,0.909,-22.6788,-1.803
763,1,2,257,22.5,26.6667,5.56,1.483748,5.523,0.897,-20.2789,-1.7958
764,1,2,258,22.5,27.8571,5.52,1.291895,5.449,0.883,-17.9438,-1.8055
765,1,2,259,22.5,29.0476,5.52,1.081225,5.355,0.862,-15.775,-1.8009
766,1,2,260,22.5,30.2381,5.48,0.844969,5.168,0.838,-13.9153,-1.7962
767,1,2,261,22.5,31.4286,5.48,0.570556,4.924,0.81,-12.3296,-1.7926
768,1,2,262,22.5,32.619,5.48,0.12654,4.617,0.782,-11.0575,-1.7906
769,1,2,263,22.5,33.8095,2.32,0.1600000000000001,1.39,0.819,-10.049,-1.7987
770,1,2,264,22.5,35.0,2.28,0.0,1.359,0.814,-9.4345,-1.8009
771,1,2,265,23.6364,10.0,4.84,1.76773,4.793,0.907,-9.2383,-1.802
772,1,2,266,23.6364,11.1905,4.92,1.807019,4.994,0.912,-19.278,-1.799
773,1,2,267,23.6364,12.381,4.96,1.856705,5.077,0.919,-20.966,-1.8135
774,1,2,268,23.6364,13.5714,5.0,1.896631,5.139,0.923,-22.5874,-1.8156
775,1,2,269,23.6364,14.7619,5.04,1.946399,5.181,0.927,-24.2501,-1.8404
776,1,2,270,23.6364,15.9524,5.08,1.996133,5.233,0.928,-25.8427,-1.8405
777,1,2,271,23.6364,17.1429,5.12,2.052413,5.278,0.93,-27.263,-1.84
778,1,2,272,23.6364,18.3333,5.16,2.104667,5.321,0.931,-28.7376,-1.8372
779,1,2,273,23.6364,19.5238,5.2,2.144756,5.361,0.931,-29.6627,-1.833
780,1,2,274,23.6364,20.7143,5.28,2.147283,5.451,0.928,-30.1041,-1.8281
781,1,2,275,23.6364,21.9048,5.32,2.10891,5.485,0.927,-29.8618,-1.8288
782,1,2,276,23.6364,23.0952,5.36,2.025511,5.528,0.924,-28.8601,-1.8263
783,1,2,277,23.6364,24.2857,5.4,1.909322,5.574,0.92,-26.7703,-1.823
784,1,2,278,23.6364,25.4762,5.44,1.763984,5.625,0.913,-24.3043,-1.8194
785,1,2,279,23.6364,26.6667,5.44,1.599916,5.616,0.905,-21.6124,-1.8151
786,1,2,280,23.6364,27.8571,5.44,1.416427,5.582,0.891,-19.0866,-1.8105
787,1,2,281,23.6364,29.0476,5.44,1.216652,5.494,0.874,-16.7939,-1.8056
788,1,2,282,23.6364,30.2381,5.4,1.000692,5.305,0.854,-14.8417,-1.8147
789,1,2,283,23.6364,31.4286,5.4,0.764171,5.117,0.829,-13.1802,-1.8122
790,1,2,284,23.6364,32.619,5.36,0.48876,4.824,0.806,-11.8311,-1.8109
791,1,2,285,23.6364,33.8095,5.36,0.4800000000000004,4.458,0.782,-10.7456,-1.8111
792,1,2,286,23.6364,35.0,2.24,0.0,1.404,0.823,-9.9183,-1.8118
793,1,2,287,24.7727,10.0,4.72,1.924586,4.58,0.908,-9.4791,-1.8189
794,1,2,288,24.7727,11.1905,4.76,1.960744,4.693,0.916,-18.3756,-1.7957
795,1,2,289,24.7727,12.381,4.84,2.01029,4.909,0.92,-20.1842,-1.828
796,1,2,290,24.7727,13.5714,4.88,2.044561,4.981,0.924,-22.0242,-1.8285
797,1,2,291,24.7727,14.7619,4.92,2.104277,5.059,0.928,-24.0954,-1.8486
798,1,2,292,24.7727,15.9524,4.96,2.169442,5.139,0.93,-26.3229,-1.8483
799,1,2,293,24.7727,17.1429,5.0,2.243373,5.209,0.932,-28.4211,-1.8482
800,1,2,294,24.7727,18.3333,5.04,2.301056,5.273,0.933,-31.0698,-1.8464
801,1,2,295,24.7727,19.5238,5.08,2.32914,5.331,0.933,-33.3067,-1.8437
802,1,2,296,24.7727,20.7143,5.16,2.311459,5.457,0.932,-35.0448,-1.841
803,1,2,297,24.7727,21.9048,5.2,2.252339,5.509,0.931,-35.303,-1.8375
804,1,2,298,24.7727,23.0952,5.28,2.15572,5.619,0.928,-34.2909,-1.8337
805,1,2,299,24.7727,24.2857,5.32,2.034061,5.673,0.924,-30.903,-1.8293
806,1,2,300,24.7727,25.4762,5.36,1.889387,5.723,0.919,-27.4733,-1.8317
807,1,2,301,24.7727,26.6667,5.36,1.729992,5.712,0.912,-23.9116,-1.8303
808,1,2,302,24.7727,27.8571,5.36,1.556495,5.676,0.901,-20.9104,-1.8286
809,1,2,303,24.7727,29.0476,5.36,1.370392,5.589,0.886,-18.2905,-1.8267
810,1,2,304,24.7727,30.2381,5.32,1.173344,5.422,0.87,-16.1129,-1.8246
811,1,2,305,24.7727,31.4286,5.32,0.963838,5.241,0.849,-14.3069,-1.8228
812,1,2,306,24.7727,32.619,5.28,0.739082,4.968,0.829,-12.8385,-1.8219
813,1,2,307,24.7727,33.8095,5.28,0.490545,4.653,0.806,-11.657,-1.8317
814,1,2,308,24.7727,35.0,5.28,0.146703,4.218,0.787,-10.7269,-1.8339
815,1,2,309,25.9091,10.0,4.6,2.125719,4.281,0.903,-10.0656,-1.8363
816,1,2,310,25.9091,11.1905,4.64,2.166877,4.43,0.915,-17.166,-1.8004
817,1,2,311,25.9091,12.381,4.68,2.233421,4.557,0.923,-18.9019,-1.8117
818,1,2,312,25.9091,13.5714,4.72,2.285399,4.669,0.928,-20.7883,-1.8453
819,1,2,313,25.9091,14.7619,4.76,2.360609,4.766,0.932,-22.8508,-1.8384
820,1,2,314,25.9091,15.9524,4.8,2.482621,4.862,0.934,-25.2493,-1.8388
821,1,2,315,25.9091,17.1429,4.84,2.627867,4.949,0.936,-27.7876,-1.8405
822,1,2,316,25.9091,18.3333,4.88,2.640417,5.035,0.937,-31.2302,-1.8497
823,1,2,317,25.9091,19.5238,4.92,2.586447,5.117,0.937,-35.0296,-1.8486
824,1,2,318,25.9091,20.7143,5.0,2.506889,5.296,0.936,-39.0608,-1.8478
825,1,2,319,25.9091,21.9048,5.08,2.411061,5.458,0.934,-48.7137,-1.8465
826,1,2,320,25.9091,23.0952,5.16,2.294406,5.603,0.931,-49.3889,-1.8453
827,1,2,321,25.9091,24.2857,5.2,2.164946,5.666,0.929,-42.0269,-1.8438
828,1,2,322,25.9091,25.4762,5.24,2.01978,5.723,0.925,-34.1271,-1.8424
829,1,2,323,25.9091,26.6667,5.28,1.865941,5.763,0.919,-27.9659,-1.8407
830,1,2,324,25.9091,27.8571,5.28,1.701996,5.727,0.911,-23.7305,-1.8391
831,1,2,325,25.9091,29.0476,5.28,1.528472,5.647,0.899,-20.4271,-1.8446
832,1,2,326,25.9091,30.2381,5.24,1.348163,5.483,0.886,-17.8424,-1.8454
833,1,2,327,25.9091,31.4286,5.24,1.160448,5.317,0.868,-15.7713,-1.8462
834,1,2,328,25.9091,32.619,5.2,0.966743,5.076,0.851,-14.1162,-1.8474
835,1,2,329,25.9091,33.8095,5.2,0.76645,4.794,0.83,-12.7727,-1.8493
836,1,2,330,25.9091,35.0,5.2,0.570253,4.411,0.811,-11.7113,-1.8518
837,1,2,331,27.0455,10.0,4.48,3.056128,4.02,0.895,-10.9351,-1.8601
838,1,2,332,27.0455,11.1905,4.52,3.068245,4.154,0.909,-15.9308,-1.8127
839,1,2,333,27.0455,12.381,4.56,3.078128,4.271,0.919,-17.5631,-1.8643
840,1,2,334,27.0455,13.5714,4.6,3.085061,4.395,0.927,-19.2656,-1.8604
841,1,2,335,27.0455,14.7619,4.64,3.083197,4.518,0.932,-21.1703,-1.8513
842,1,2,336,27.0455,15.9524,4.68,3.081118,4.635,0.935,-23.5085,-1.8575
843,1,2,337,27.0455,17.1429,4.72,3.070401,4.743,0.938,-25.833,-1.8593
844,1,2,338,27.0455,18.3333,4.76,3.023827,4.85,0.939,-29.0224,-1.8592
845,1,2,339,27.0455,19.5238,4.8,2.87118,4.95,0.939,-32.7296,-1.8582
846,1,2,340,27.0455,20.7143,4.84,2.708889,5.046,0.94,-38.2825,-1.8574
847,1,2,341,27.0455,21.9048,4.88,2.564587,5.137,0.939,-51.2247,-1.8563
848,1,2,342,27.0455,23.0952,4.96,2.425976,5.329,0.937,-41.4701,-1.8551
849,1,2,343,27.0455,24.2857,5.08,2.288106,5.585,0.933,-39.0101,-1.8547
850,1,2,344,27.0455,25.4762,5.16,2.143426,5.725,0.93,-45.3036,-1.8557
851,1,2,345,27.0455,26.6667,5.2,1.994481,5.772,0.925,-37.7445,-1.8571
852,1,2,346,27.0455,27.8571,5.2,1.839824,5.737,0.919,-28.5626,-1.8584
853,1,2,347,27.0455,29.0476,5.2,1.67844,5.667,0.91,-23.5473,-1.86
854,1,2,348,27.0455,30.2381,5.16,1.514087,5.491,0.9,-20.1655,-1.8617
855,1,2,349,27.0455,31.4286,5.16,1.345322,5.368,0.886,-17.6287,-1.8637
856,1,2,350,27.0455,32.619,5.16,1.173326,5.18,0.868,-15.6838,-1.866
857,1,2,351,27.0455,33.8095,5.12,0.999599,4.865,0.852,-14.1356,-1.8755
858,1,2,352,27.0455,35.0,5.12,0.836815,4.53,0.835,-12.8889,-1.88
859,1,2,353,28.1818,10.0,4.4,3.099482,3.849,0.885,-11.9524,-1.8849
860,1,2,354,28.1818,11.1905,4.44,3.118338,4.01,0.9,-14.8313,-1.8929
861,1,2,355,28.1818,12.381,4.48,3.132995,4.148,0.911,-16.2717,-1.8749
862,1,2,356,28.1818,13.5714,4.48,3.141283,4.141,0.922,-17.7842,-1.8708
863,1,2,357,28.1818,14.7619,4.52,3.14776,4.25,0.93,-19.5094,-1.8526
864,1,2,358,28.1818,15.9524,4.56,3.149018,4.36,0.934,-21.4144,-1.8655
865,1,2,359,28.1818,17.1429,4.6,3.142363,4.468,0.938,-23.3778,-1.8656
866,1,2,360,28.1818,18.3333,4.6,3.105782,4.453,0.942,-25.9044,-1.865
867,1,2,361,28.1818,19.5238,4.64,2.983766,4.568,0.943,-28.8625,-1.8622
868,1,2,362,28.1818,20.7143,4.68,2.839911,4.683,0.944,-33.1827,-1.8637
869,1,2,363,28.1818,21.9048,4.72,2.687125,4.792,0.944,-40.788,-1.865
870,1,2,364,28.1818,23.0952,4.8,2.53612,5.026,0.941,-47.4698,-1.8665
871,1,2,365,28.1818,24.2857,4.88,2.393708,5.238,0.939,-37.7164,-1.8684
872,1,2,366,28.1818,25.4762,5.04,2.250667,5.609,0.934,-34.6144,-1.8705
873,1,2,367,28.1818,26.6667,5.12,2.108461,5.74,0.93,-37.0836,-1.8727
874,1,2,368,28.1818,27.8571,5.12,1.963345,5.707,0.926,-41.803,-1.8753
875,1,2,369,28.1818,29.0476,5.12,1.815501,5.64,0.92,-28.7701,-1.8783
876,1,2,370,28.1818,30.2381,5.12,1.665016,5.549,0.911,-23.522,-1.8856
877,1,2,371,28.1818,31.4286,5.08,1.512118,5.359,0.901,-20.1175,-1.8905
878,1,2,372,28.1818,32.619,5.08,1.360147,5.181,0.886,-17.661,-1.8957
879,1,2,373,28.1818,33.8095,5.08,1.207092,4.946,0.87,-15.7692,-1.9014
880,1,2,374,28.1818,35.0,5.04,1.063704,4.592,0.856,-14.2697,-1.9074
881,1,2,375,29.3182,10.0,6.8,3.137949,4.293,0.86,-13.1332,-1.9142
882,1,2,376,29.3182,11.1905,4.32,3.160943,3.695,0.895,-14.8647,-1.9016
883,1,2,377,29.3182,12.381,4.36,3.179234,3.846,0.907,-15.1404,-1.894
884,1,2,378,29.3182,13.5714,4.4,3.192829,3.982,0.916,-16.4969,-1.8903
885,1,2,379,29.3182,14.7619,4.44,3.198482,4.105,0.924,-17.9509,-1.8815
886,1,2,380,29.3182,15.9524,4.44,3.203324,4.095,0.931,-19.648,-1.8594
887,1,2,381,29.3182,17.1429,4.48,3.200695,4.209,0.936,-21.2978,-1.8645
888,1,2,382,29.3182,18.3333,4.52,3.133683,4.323,0.939,-23.3854,-1.8675
889,1,2,383,29.3182,19.5238,4.52,3.026924,4.299,0.943,-25.5181,-1.8704
890,1,2,384,29.3182,20.7143,4.56,2.901986,4.414,0.944,-28.5322,-1.8733
891,1,2,385,29.3182,21.9048,4.6,2.764948,4.528,0.945,-32.7021,-1.8762
892,1,2,386,29.3182,23.0952,4.64,2.620851,4.643,0.945,-40.0774,-1.8794
893,1,2,387,29.3182,24.2857,4.68,2.480631,4.754,0.945,-49.5316,-1.8834
894,1,2,388,29.3182,25.4762,4.76,2.342741,4.991,0.942,-37.2658,-1.8878
895,1,2,389,29.3182,26.6667,4.92,2.208445,5.412,0.936,-33.7204,-1.8928
896,1,2,390,29.3182,27.8571,5.08,2.073607,5.713,0.929,-33.9993,-1.8982
897,1,2,391,29.3182,29.0476,5.04,1.936691,5.577,0.927,-43.4028,-1.9042
898,1,2,392,29.3182,30.2381,5.04,1.802294,5.501,0.92,-28.8901,-1.9106
899,1,2,393,29.3182,31.4286,5.0,1.665044,5.296,0.913,-23.5406,-1.9164
900,1,2,394,29.3182,32.619,5.0,1.529281,5.153,0.901,-20.134,-1.9239
901,1,2,395,29.3182,33.8095,5.0,1.394231,4.947,0.887,-17.7261,-1.932
902,1,2,396,29.3182,35.0,5.0,1.269527,4.669,0.873,-15.8517,-1.9407
903,1,2,397,30.4545,10.0,6.64,2.09689,4.416,0.86,-14.4445,-1.9442
904,1,2,398,30.4545,11.1905,6.64,3.198132,4.655,0.858,-16.1474,-1.852
905,1,2,399,30.4545,12.381,4.28,3.217073,3.674,0.9,-15.2623,-1.9082
906,1,2,400,30.4545,13.5714,4.28,3.233801,3.701,0.914,-15.3998,-1.8544
907,1,2,401,30.4545,14.7619,4.32,3.244763,3.816,0.922,-16.6778,-1.8551
908,1,2,402,30.4545,15.9524,4.36,3.248734,3.93,0.927,-18.1525,-1.8624
909,1,2,403,30.4545,17.1429,4.36,3.203727,3.923,0.935,-19.5807,-1.821
910,1,2,404,30.4545,18.3333,4.4,3.122576,4.032,0.938,-21.2153,-1.8736
911,1,2,405,30.4545,19.5238,4.44,3.028561,4.142,0.94,-23.056,-1.8782
912,1,2,406,30.4545,20.7143,4.44,2.919585,4.121,0.944,-25.0777,-1.8835
913,1,2,407,30.4545,21.9048,4.48,2.800962,4.232,0.946,-27.9262,-1.8887
914,1,2,408,30.4545,23.0952,4.52,2.671744,4.35,0.946,-31.9233,-1.8944
915,1,2,409,30.4545,24.2857,4.56,2.542839,4.467,0.947,-37.96,-1.9008
916,1,2,410,30.4545,25.4762,4.6,2.413719,4.586,0.946,-52.125,-1.9074
917,1,2,411,30.4545,26.6667,4.68,2.2892,4.829,0.943,-39.046,-1.9149
918,1,2,412,30.4545,27.8571,4.8,2.164535,5.154,0.939,-34.4706,-1.9225
919,1,2,413,30.4545,29.0476,5.0,2.041292,5.573,0.93,-34.2902,-1.9296
920,1,2,414,30.4545,30.2381,4.96,1.919537,5.412,0.927,-44.3787,-1.9385
921,1,2,415,30.4545,31.4286,4.96,1.797832,5.315,0.921,-28.8997,-1.9479
922,1,2,416,30.4545,32.619,4.92,1.680393,5.099,0.913,-23.4503,-1.9519
923,1,2,417,30.4545,33.8095,4.92,1.563479,4.915,0.901,-20.0821,-1.9618
924,1,2,418,30.4545,35.0,4.92,1.456297,4.668,0.888,-17.6669,-1.9727
925,1,2,419,31.5909,10.0,6.48,2.016428,4.554,0.873,-15.8868,-1.9838
926,1,2,420,31.5909,11.1905,6.48,2.112139,4.782,0.87,-17.8224,-1.932
927,1,2,421,31.5909,12.381,6.44,3.247685,4.96,0.87,-16.6855,-1.8508
928,1,2,422,31.5909,13.5714,4.2,3.243805,3.619,0.907,-15.9502,-1.8598
929,1,2,423,31.5909,14.7619,4.24,3.222155,3.705,0.916,-15.6247,-1.8503
930,1,2,424,31.5909,15.9524,4.24,3.19336,3.719,0.926,-16.9203,-1.8501
931,1,2,425,31.5909,17.1429,4.28,3.15177,3.801,0.931,-18.0859,-1.8426
932,1,2,426,31.5909,18.3333,4.32,3.08719,3.889,0.935,-19.5837,-1.8352
933,1,2,427,31.5909,19.5238,4.32,3.006672,3.878,0.941,-20.997,-1.8891
934,1,2,428,31.5909,20.7143,4.36,2.912387,3.966,0.943,-22.7507,-1.8965
935,1,2,429,31.5909,21.9048,4.36,2.808868,3.944,0.947,-24.7958,-1.9043
936,1,2,430,31.5909,23.0952,4.4,2.696082,4.039,0.948,-27.3144,-1.9128
937,1,2,431,31.5909,24.2857,4.44,2.581495,4.147,0.949,-30.9298,-1.921
938,1,2,432,31.5909,25.4762,4.48,2.464137,4.276,0.948,-36.6823,-1.93
939,1,2,433,31.5909,26.6667,4.52,2.351434,4.393,0.947,-50.3522,-1.9397
940,1,2,434,31.5909,27.8571,4.6,2.239858,4.631,0.945,-40.0789,-1.9502
941,1,2,435,31.5909,29.0476,4.72,2.127765,4.954,0.94,-36.6813,-1.9613
942,1,2,436,31.5909,30.2381,4.88,2.020441,5.306,0.932,-36.8131,-1.9674
943,1,2,437,31.5909,31.4286,4.88,1.914712,5.225,0.927,-42.0679,-1.9788
944,1,2,438,31.5909,32.619,4.88,1.812979,5.101,0.92,-28.1421,-1.991
945,1,2,439,31.5909,33.8095,4.84,1.714809,4.838,0.912,-22.9182,-2.0038
946,1,2,440,31.5909,35.0,4.84,1.628213,4.619,0.901,-19.6802,-2.0078
947,1,2,441,32.7273,10.0,6.36,1.855442,4.663,0.887,-17.4193,-2.0209
948,1,2,442,32.7273,11.1905,6.32,1.913911,4.871,0.887,-19.8081,-1.8539
949,1,2,443,32.7273,12.381,6.28,2.003746,5.034,0.886,-18.5831,-1.8608
950,1,2,444,32.7273,13.5714,6.24,3.162389,5.165,0.886,-17.7938,-1.8763
951,1,2,445,32.7273,14.7619,6.16,3.148216,5.279,0.889,-17.0531,-1.8724
952,1,2,446,32.7273,15.9524,4.16,3.126066,3.717,0.921,-16.5569,-1.8755
953,1,2,447,32.7273,17.1429,4.2,3.093959,3.765,0.928,-16.9072,-1.8666
954,1,2,448,32.7273,18.3333,4.2,3.037524,3.774,0.935,-18.1809,-1.8948
955,1,2,449,32.7273,19.5238,4.24,2.969069,3.82,0.939,-19.4163,-1.9034
956,1,2,450,32.7273,20.7143,4.28,2.888189,3.87,0.942,-20.8997,-1.912
957,1,2,451,32.7273,21.9048,4.28,2.79923,3.857,0.947,-22.4839,-1.9218
958,1,2,452,32.7273,23.0952,4.32,2.70088,3.915,0.948,-24.5907,-1.933
959,1,2,453,32.7273,24.2857,4.36,2.600572,4.03,0.949,-27.0182,-1.9438
960,1,2,454,32.7273,25.4762,4.4,2.497474,4.146,0.949,-30.1234,-1.9544
961,1,2,455,32.7273,26.6667,4.44,2.395878,4.258,0.949,-34.1347,-1.9653
962,1,2,456,32.7273,27.8571,4.48,2.296778,4.358,0.948,-41.0447,-1.9783
963,1,2,457,32.7273,29.0476,4.56,2.199467,4.563,0.945,-49.6809,-1.9914
964,1,2,458,32.7273,30.2381,4.68,2.104729,4.852,0.939,-40.9611,-2.0054
965,1,2,459,32.7273,31.4286,4.8,2.013526,5.096,0.932,-44.7846,-2.0119
966,1,2,460,32.7273,32.619,4.8,1.928636,4.977,0.927,-35.6185,-2.0257
967,1,2,461,32.7273,33.8095,4.76,1.849043,4.724,0.921,-26.4196,-2.0402
968,1,2,462,32.7273,35.0,4.76,1.78423,4.534,0.912,-21.8695,-2.0547
969,1,2,463,33.8636,10.0,6.2,1.709597,4.725,0.895,-18.9913,-2.0717
970,1,2,464,33.8636,11.1905,6.2,1.75353,4.94,0.895,-22.6271,-1.867
971,1,2,465,33.8636,12.381,6.16,1.816511,5.101,0.895,-21.0411,-1.8788
972,1,2,466,33.8636,13.5714,6.12,1.880814,5.236,0.896,-20.0678,-1.8962
973,1,2,467,33.8636,14.7619,6.04,3.072677,5.345,0.901,-19.1728,-1.9013
974,1,2,468,33.8636,15.9524,5.96,3.054821,5.431,0.905,-18.6433,-1.8978
975,1,2,469,33.8636,17.1429,5.84,3.029494,5.505,0.91,-18.6796,-1.8981
976,1,2,470,33.8636,18.3333,5.76,2.981771,5.599,0.913,-18.987,-1.912
977,1,2,471,33.8636,19.5238,5.72,2.923855,5.708,0.915,-19.5474,-1.9223
978,1,2,472,33.8636,20.7143,5.64,2.854335,5.828,0.917,-20.2912,-1.933
979,1,2,473,33.8636,21.9048,4.2,2.777823,3.886,0.945,-21.1898,-1.9445
980,1,2,474,33.8636,23.0952,4.24,2.693072,3.902,0.947,-22.5113,-1.9568
981,1,2,475,33.8636,24.2857,4.24,2.606054,3.927,0.951,-24.3702,-1.9701
982,1,2,476,33.8636,25.4762,4.28,2.515291,3.993,0.952,-26.6611,-1.9842
983,1,2,477,33.8636,26.6667,4.32,2.427995,4.073,0.952,-29.7196,-1.9995
984,1,2,478,33.8636,27.8571,4.36,2.340586,4.156,0.952,-33.9001,-2.0102
985,1,2,479,33.8636,29.0476,4.44,2.254984,4.327,0.949,-39.0325,-2.0249
986,1,2,480,33.8636,30.2381,4.52,2.174437,4.487,0.945,-49.6209,-2.0408
987,1,2,481,33.8636,31.4286,4.64,2.09681,4.725,0.939,-53.4913,-2.0574
988,1,2,482,33.8636,32.619,4.68,2.027039,4.725,0.934,-42.2876,-2.0747
989,1,2,483,33.8636,33.8095,4.68,1.96515,4.604,0.929,-30.2265,-2.0928
990,1,2,484,33.8636,35.0,4.68,1.918487,4.438,0.921,-24.1356,-2.0998
991,1,2,485,35.0,10.0,6.08,1.57889,4.804,0.897,-20.5447,-2.1172
992,1,2,486,35.0,11.1905,6.08,1.619988,5.018,0.899,-27.2731,-1.8883
993,1,2,487,35.0,12.381,6.04,1.663652,5.167,0.902,-24.9605,-1.9193
994,1,2,488,35.0,13.5714,6.0,1.709455,5.286,0.904,-23.3918,-1.9167
995,1,2,489,35.0,14.7619,5.96,1.772815,5.401,0.907,-22.2056,-1.9173
996,1,2,490,35.0,15.9524,5.88,2.980569,5.488,0.912,-21.4705,-1.9224
997,1,2,491,35.0,17.1429,5.84,2.957783,5.592,0.914,-21.3921,-1.9302
998,1,2,492,35.0,18.3333,5.76,2.922366,5.665,0.917,-21.6501,-1.938
999,1,2,493,35.0,19.5238,5.72,2.873191,5.788,0.918,-22.1102,-1.9428
1000,1,2,494,35.0,20.7143,5.64,2.814358,5.893,0.919,-22.7586,-1.9564
1001,1,2,495,35.0,21.9048,5.6,2.748701,5.989,0.919,-23.6369,-1.9709
1002,1,2,496,35.0,23.0952,5.52,2.676616,6.049,0.919,-24.557,-1.9864
1003,1,2,497,35.0,24.2857,5.48,2.602449,6.089,0.919,-25.6213,-2.0006
1004,1,2,498,35.0,25.4762,5.4,2.524079,6.088,0.919,-26.4097,-2.0161
1005,1,2,499,35.0,26.6667,4.24,2.448533,4.062,0.953,-27.221,-2.0328
1006,1,2,500,35.0,27.8571,4.28,2.373433,4.114,0.953,-29.531,-2.0508
1007,1,2,501,35.0,29.0476,4.32,2.300841,4.171,0.952,-32.9998,-2.0696
1008,1,2,502,35.0,30.2381,4.4,2.23271,4.292,0.949,-37.1051,-2.0826
1009,1,2,503,35.0,31.4286,4.48,2.168222,4.404,0.946,-41.6564,-2.1006
1010,1,2,504,35.0,32.619,4.56,2.113036,4.512,0.94,-40.7588,-2.1196
1011,1,2,505,35.0,33.8095,4.6,2.066674,4.499,0.934,-32.8715,-2.139
1012,1,3,1,10.0,10.0,3.088000059,0.34796,1.029,0.806,-7.5885,-1.391
1013,1,3,2,10.0,11.1905,3.016000032,0.153585,0.995,0.793,-10.8651,-1.1919
1014,1,3,3,10.0,12.381,2.950000048,0.1600000000000001,0.942,0.778,-10.1514,-1.1758
1015,1,3,4,10.0,13.5714,2.890000105,0.0,0.875,0.763,-9.5245,-1.1705
1016,1,3,5,10.0,14.7619,2.835999966,0.0,0.794,0.746,-8.9548,-1.1515
1017,1,3,6,10.0,15.9524,2.782000065,0.0,0.701,0.728,-8.4533,-1.1438
1018,1,3,7,10.0,17.1429,2.727999926,0.0,0.605,0.711,-7.9756,-1.1348
1019,1,3,8,10.0,18.3333,2.680000067,0.0,0.506,0.694,-7.5696,-1.1294
1020,1,3,9,10.0,19.5238,2.631999969,0.0,0.41,0.678,-7.1804,-1.1256
1021,1,3,10,10.0,20.7143,2.584000111,0.0,0.318,0.664,-6.8298,-1.1191
1022,1,3,11,10.0,21.9048,2.542000055,0.0,0.223,0.649,-6.4966,-1.0713
1023,1,3,12,10.0,23.0952,2.5,0.0,0.126,0.634,-6.2078,-1.08
1024,1,3,13,10.0,24.2857,2.463999987,0.0,0.023,0.619,-5.9438,-1.0945
1025,1,3,14,10.0,25.4762,2.421999931,0.0,-0.082,0.604,-5.6928,-1.1209
1026,1,3,15,10.0,26.6667,2.39199996,0.0,-0.191,0.589,-5.4647,-1.145
1027,1,3,16,10.0,27.8571,2.355999947,0.0,-0.302,0.575,-5.2575,-1.151
1028,1,3,17,10.0,29.0476,2.319999933,0.0,-0.419,0.56,-5.0628,-1.1678
1029,1,3,18,10.0,30.2381,2.289999962,0.0,-0.535,0.546,-4.8776,-1.1894
1030,1,3,19,10.0,31.4286,7.0,0.0,1.233,0.578,-4.7054,-1.2062
1031,1,3,20,10.0,32.619,7.0,0.0,1.552,0.609,-5.4135,-1.198
1032,1,3,21,10.0,33.8095,6.789999962,0.0,1.564,0.63,-5.8862,-1.2061
1033,1,3,22,10.0,35.0,6.56799984,0.0,1.427,0.648,-6.1334,-1.2119
1034,1,3,23,11.1364,10.0,2.937999964,0.295759,1.105,0.808,-6.5089,-1.2203
1035,1,3,24,11.1364,11.1905,2.871999979,0.075943,1.05,0.794,-10.6754,-1.183
1036,1,3,25,11.1364,12.381,2.812000036,0.08,0.981,0.778,-10.042,-1.1704
1037,1,3,26,11.1364,13.5714,2.757999897,0.0,0.899,0.761,-9.4508,-1.1576
1038,1,3,27,11.1364,14.7619,2.703999996,0.0,0.814,0.745,-8.9319,-1.1458
1039,1,3,28,11.1364,15.9524,2.655999899,0.0,0.726,0.73,-8.4511,-1.1315
1040,1,3,29,11.1364,17.1429,2.60800004,0.0,0.641,0.715,-8.0061,-1.1276
1041,1,3,30,11.1364,18.3333,2.559999943,0.0,0.553,0.701,-7.6221,-1.1214
1042,1,3,31,11.1364,19.5238,2.512000084,0.0,0.471,0.687,-7.2494,-1.1248
1043,1,3,32,11.1364,20.7143,2.470000029,0.0,0.382,0.673,-6.907,-1.1012
1044,1,3,33,11.1364,21.9048,2.427999973,0.0,0.29,0.659,-6.6056,-1.1123
1045,1,3,34,11.1364,23.0952,2.39199996,0.0,0.194,0.644,-6.3261,-1.1335
1046,1,3,35,11.1364,24.2857,2.355999947,0.0,0.089,0.629,-6.075,-1.1427
1047,1,3,36,11.1364,25.4762,2.325999975,0.0,-0.015,0.615,-5.8307,-1.1681
1048,1,3,37,11.1364,26.6667,2.289999962,0.0,-0.126,0.6,-5.608,-1.1892
1049,1,3,38,11.1364,27.8571,2.25999999,0.0,-0.237,0.585,-5.4048,-1.1953
1050,1,3,39,11.1364,29.0476,2.230000019,0.0,-0.349,0.571,-5.2117,-1.2085
1051,1,3,40,11.1364,30.2381,2.200000048,0.0,-0.459,0.557,-5.0327,-1.2238
1052,1,3,41,11.1364,31.4286,7.0,0.0,1.11,0.548,-4.866,-1.234
1053,1,3,42,11.1364,32.619,6.940000057,0.0,1.275,0.574,-4.9428,-1.2448
1054,1,3,43,11.1364,33.8095,6.760000229,0.0,1.411,0.59,-5.2423,-1.231
1055,1,3,44,11.1364,35.0,6.544000149,0.0,1.161,0.611,-5.4615,-1.2307
1056,1,3,45,12.2727,10.0,2.799999952,0.25171,1.133,0.806,-5.7034,-1.231
1057,1,3,46,12.2727,11.1905,2.746000051,0.2400000000000002,1.063,0.791,-10.5476,-1.167
1058,1,3,47,12.2727,12.381,2.686000109,0.0,0.986,0.775,-9.9391,-1.1484
1059,1,3,48,12.2727,13.5714,2.638000011,0.0,0.91,0.762,-9.4042,-1.1418
1060,1,3,49,12.2727,14.7619,2.584000111,0.0,0.837,0.749,-8.9078,-1.1291
1061,1,3,50,12.2727,15.9524,2.542000055,0.0,0.759,0.735,-8.465,-1.1188
1062,1,3,51,12.2727,17.1429,2.493999958,0.0,0.683,0.722,-8.0364,-1.1232
1063,1,3,52,12.2727,18.3333,2.451999903,0.0,0.599,0.708,-7.6741,-1.1148
1064,1,3,53,12.2727,19.5238,2.410000086,0.0,0.519,0.695,-7.3184,-1.1268
1065,1,3,54,12.2727,20.7143,2.368000031,0.0,0.43,0.681,-6.9978,-1.143
1066,1,3,55,12.2727,21.9048,2.332000017,0.0,0.335,0.667,-6.7092,-1.1595
1067,1,3,56,12.2727,23.0952,2.296000004,0.0,0.235,0.652,-6.4414,-1.1779
1068,1,3,57,12.2727,24.2857,2.266000032,0.0,0.131,0.637,-6.1882,-1.2011
1069,1,3,58,12.2727,25.4762,2.236000061,0.0,0.026,0.622,-5.9605,-1.2106
1070,1,3,59,12.2727,26.6667,2.200000048,0.0,-0.086,0.607,-5.7471,-1.2251
1071,1,3,60,12.2727,27.8571,2.176000118,0.0,-0.187,0.593,-5.5401,-1.2428
1072,1,3,61,12.2727,29.0476,2.145999908,0.0,-0.289,0.58,-5.3627,-1.2416
1073,1,3,62,12.2727,30.2381,2.115999937,0.0,-0.384,0.569,-5.1852,-1.2496
1074,1,3,63,12.2727,31.4286,2.092000008,0.0,-0.473,0.558,-5.023,-1.252
1075,1,3,64,12.2727,32.619,6.946000099,0.0,1.226,0.544,-4.8691,-1.2541
1076,1,3,65,12.2727,33.8095,6.771999836,0.0,1.232,0.556,-4.8243,-1.251
1077,1,3,66,12.2727,35.0,6.532000065,0.0,0.977,0.575,-4.9587,-1.2453
1078,1,3,67,13.4091,10.0,2.680000067,0.213318,1.128,0.801,-5.1408,-1.2363
1079,1,3,68,13.4091,11.1905,2.625999928,0.2000000000000001,1.063,0.789,-10.4348,-1.1494
1080,1,3,69,13.4091,12.381,2.572000027,0.0,0.998,0.777,-9.8779,-1.1355
1081,1,3,70,13.4091,13.5714,2.523999929,0.0,0.933,0.765,-9.3627,-1.1301
1082,1,3,71,13.4091,14.7619,2.482000113,0.0,0.868,0.753,-8.9002,-1.1244
1083,1,3,72,13.4091,15.9524,2.434000015,0.0,0.793,0.74,-8.4892,-1.1134
1084,1,3,73,13.4091,17.1429,2.39199996,0.0,0.716,0.728,-8.0843,-1.1274
1085,1,3,74,13.4091,18.3333,2.349999905,0.0,0.635,0.715,-7.7243,-1.1377
1086,1,3,75,13.4091,19.5238,2.313999891,0.0,0.549,0.702,-7.3875,-1.1713
1087,1,3,76,13.4091,20.7143,2.278000116,0.0,0.456,0.687,-7.094,-1.1873
1088,1,3,77,13.4091,21.9048,2.242000103,0.0,0.356,0.672,-6.8222,-1.2083
1089,1,3,78,13.4091,23.0952,2.211999893,0.0,0.255,0.657,-6.5597,-1.227
1090,1,3,79,13.4091,24.2857,2.181999922,0.0,0.153,0.642,-6.3153,-1.2439
1091,1,3,80,13.4091,25.4762,2.15199995,0.0,0.053,0.627,-6.0893,-1.2544
1092,1,3,81,13.4091,26.6667,2.121999979,0.0,-0.046,0.614,-5.8841,-1.2629
1093,1,3,82,13.4091,27.8571,2.092000008,0.0,-0.135,0.603,-5.6828,-1.2724
1094,1,3,83,13.4091,29.0476,2.068000078,0.0,-0.217,0.592,-5.4994,-1.2745
1095,1,3,84,13.4091,30.2381,2.04399991,0.0,-0.295,0.583,-5.3363,-1.2759
1096,1,3,85,13.4091,31.4286,2.013999939,0.0,-0.37,0.574,-5.1772,-1.2711
1097,1,3,86,13.4091,32.619,1.99000001,0.0,-0.445,0.565,-5.024,-1.2657
1098,1,3,87,13.4091,33.8095,1.965999961,0.0,-0.512,0.556,-4.8881,-1.2557
1099,1,3,88,13.4091,35.0,6.56799984,0.0,0.902,0.546,-4.7639,-1.2439
1100,1,3,89,14.5455,10.0,2.572000027,0.179777,1.132,0.802,-4.7421,-1.2327
1101,1,3,90,14.5455,11.1905,2.517999887,0.1600000000000001,1.078,0.791,-10.3375,-1.1313
1102,1,3,91,14.5455,12.381,2.470000029,0.0,1.02,0.78,-9.8195,-1.1246
1103,1,3,92,14.5455,13.5714,2.427999973,0.0,0.958,0.769,-9.3416,-1.1201
1104,1,3,93,14.5455,14.7619,2.380000114,0.0,0.891,0.758,-8.8964,-1.1217
1105,1,3,94,14.5455,15.9524,2.344000101,0.0,0.814,0.746,-8.5065,-1.1089
1106,1,3,95,14.5455,17.1429,2.302000046,0.0,0.732,0.733,-8.1215,-1.1315
1107,1,3,96,14.5455,18.3333,2.266000032,0.0,0.646,0.719,-7.781,-1.1492
1108,1,3,97,14.5455,19.5238,2.230000019,0.0,0.556,0.704,-7.4611,-1.2077
1109,1,3,98,14.5455,20.7143,2.194000006,0.0,0.459,0.689,-7.1833,-1.2287
1110,1,3,99,14.5455,21.9048,2.164000034,0.0,0.362,0.674,-6.9271,-1.2571
1111,1,3,100,14.5455,23.0952,2.134000063,0.0,0.268,0.66,-6.6753,-1.2702
1112,1,3,101,14.5455,24.2857,2.104000092,0.0,0.174,0.647,-6.4386,-1.2798
1113,1,3,102,14.5455,25.4762,2.073999882,0.0,0.091,0.635,-6.2081,-1.2901
1114,1,3,103,14.5455,26.6667,2.049999952,0.0,0.01,0.625,-6.021,-1.2952
1115,1,3,104,14.5455,27.8571,2.019999981,0.0,-0.062,0.616,-5.8225,-1.2964
1116,1,3,105,14.5455,29.0476,1.996000051,0.0,-0.129,0.607,-5.6413,-1.291
1117,1,3,106,14.5455,30.2381,1.972000003,0.0,-0.196,0.599,-5.4776,-1.2842
1118,1,3,107,14.5455,31.4286,1.947999954,0.0,-0.264,0.59,-5.3252,-1.2884
1119,1,3,108,14.5455,32.619,1.924000025,0.0,-0.332,0.58,-5.1789,-1.2758
1120,1,3,109,14.5455,33.8095,1.906000018,0.0,-0.391,0.571,-5.043,-1.2608
1121,1,3,110,14.5455,35.0,1.881999969,0.0,-0.443,0.562,-4.9169,-1.2439
1122,1,3,111,15.6818,10.0,2.470000029,0.152144,1.149,0.804,-4.8015,-1.2267
1123,1,3,112,15.6818,11.1905,2.421999931,0.1600000000000001,1.097,0.795,-10.2661,-1.119
1124,1,3,113,15.6818,12.381,2.374000072,0.0,1.037,0.785,-9.7658,-1.1204
1125,1,3,114,15.6818,13.5714,2.332000017,0.0,0.97,0.774,-9.3234,-1.1157
1126,1,3,115,15.6818,14.7619,2.296000004,0.0,0.897,0.762,-8.9102,-1.1272
1127,1,3,116,15.6818,15.9524,2.253999949,0.0,0.816,0.749,-8.5298,-1.1444
1128,1,3,117,15.6818,17.1429,2.217999935,0.0,0.727,0.734,-8.1755,-1.2116
1129,1,3,118,15.6818,18.3333,2.181999922,0.0,0.635,0.718,-7.8443,-1.2078
1130,1,3,119,15.6818,19.5238,2.145999908,0.0,0.547,0.704,-7.5444,-1.2448
1131,1,3,120,15.6818,20.7143,2.115999937,0.0,0.457,0.69,-7.2948,-1.284
1132,1,3,121,15.6818,21.9048,2.085999966,0.0,0.371,0.677,-7.0359,-1.3025
1133,1,3,122,15.6818,23.0952,2.062000036,0.0,0.294,0.666,-6.7913,-1.3115
1134,1,3,123,15.6818,24.2857,2.032000065,0.0,0.217,0.656,-6.5575,-1.3145
1135,1,3,124,15.6818,25.4762,2.002000093,0.0,0.149,0.647,-6.3429,-1.3161
1136,1,3,125,15.6818,26.6667,1.983999968,0.0,0.085,0.638,-6.1464,-1.3096
1137,1,3,126,15.6818,27.8571,1.953999996,0.0,0.024,0.63,-5.9572,-1.3193
1138,1,3,127,15.6818,29.0476,1.929999948,0.0,-0.037,0.621,-5.7898,-1.3075
1139,1,3,128,15.6818,30.2381,1.906000018,0.0,-0.099,0.611,-5.6217,-1.2937
1140,1,3,129,15.6818,31.4286,1.888000011,0.0,-0.163,0.601,-5.4712,-1.2757
1141,1,3,130,15.6818,32.619,1.870000005,0.0,-0.231,0.591,-5.3327,-1.2576
1142,1,3,131,15.6818,33.8095,1.845999956,0.0,-0.29,0.581,-5.1951,-1.2683
1143,1,3,132,15.6818,35.0,1.827999949,0.0,-0.341,0.572,-5.0745,-1.2478
1144,1,3,133,16.8182,10.0,2.374000072,0.128661,1.162,0.808,-4.9548,-1.2265
1145,1,3,134,16.8182,11.1905,2.332000017,0.1600000000000001,1.104,0.799,-10.1999,-1.1136
1146,1,3,135,16.8182,12.381,2.289999962,0.0,1.037,0.788,-9.7469,-1.1237
1147,1,3,136,16.8182,13.5714,2.247999907,0.0,0.96,0.775,-9.3277,-1.1236
1148,1,3,137,16.8182,14.7619,2.211999893,0.0,0.879,0.761,-8.9336,-1.1397
1149,1,3,138,16.8182,15.9524,2.176000118,0.0,0.796,0.746,-8.5706,-1.1638
1150,1,3,139,16.8182,17.1429,2.140000105,0.0,0.711,0.731,-8.235,-1.2502
1151,1,3,140,16.8182,18.3333,2.104000092,0.0,0.625,0.717,-7.9318,-1.2777
1152,1,3,141,16.8182,19.5238,2.073999882,0.0,0.547,0.706,-7.653,-1.3099
1153,1,3,142,16.8182,20.7143,2.04399991,0.0,0.468,0.694,-7.3977,-1.3274
1154,1,3,143,16.8182,21.9048,2.019999981,0.0,0.402,0.685,-7.1364,-1.3363
1155,1,3,144,16.8182,23.0952,1.99000001,0.0,0.34,0.676,-6.8906,-1.3346
1156,1,3,145,16.8182,24.2857,1.965999961,0.0,0.278,0.667,-6.6885,-1.3448
1157,1,3,146,16.8182,25.4762,1.942000031,0.0,0.222,0.659,-6.473,-1.339
1158,1,3,147,16.8182,26.6667,1.917999983,0.0,0.164,0.649,-6.2739,-1.3255
1159,1,3,148,16.8182,27.8571,1.894000053,0.0,0.106,0.64,-6.0952,-1.3094
1160,1,3,149,16.8182,29.0476,1.876000047,0.0,0.046,0.63,-5.9266,-1.3221
1161,1,3,150,16.8182,30.2381,1.851999998,0.0,-0.018,0.619,-5.769,-1.3012
1162,1,3,151,16.8182,31.4286,7.0,0.0,1.356,0.584,-5.6187,-1.281
1163,1,3,152,16.8182,32.619,7.0,0.0,1.531,0.595,-5.752,-1.256
1164,1,3,153,16.8182,33.8095,7.0,0.0,1.537,0.592,-5.7786,-1.277
1165,1,3,154,16.8182,35.0,7.0,0.0,1.447,0.58,-5.6725,-1.2552
1166,1,3,155,17.9545,10.0,2.289999962,0.111502,1.159,0.811,-5.4532,-1.2321
1167,1,3,156,17.9545,11.1905,2.247999907,0.1200000000000001,1.09,0.799,-10.1706,-1.1157
1168,1,3,157,17.9545,12.381,2.211999893,0.0,1.014,0.785,-9.7383,-1.1333
1169,1,3,158,17.9545,13.5714,2.170000076,0.0,0.93,0.769,-9.3385,-1.1333
1170,1,3,159,17.9545,14.7619,2.140000105,0.0,0.852,0.755,-8.9613,-1.1578
1171,1,3,160,17.9545,15.9524,2.09800005,0.0,0.772,0.742,-8.6124,-1.1861
1172,1,3,161,17.9545,17.1429,2.068000078,0.0,0.703,0.731,-8.2947,-1.2849
1173,1,3,162,17.9545,18.3333,2.038000107,0.0,0.634,0.721,-8.0203,-1.3136
1174,1,3,163,17.9545,19.5238,2.007999897,0.0,0.568,0.712,-7.751,-1.3466
1175,1,3,164,17.9545,20.7143,1.983999968,0.0,0.508,0.703,-7.4999,-1.3655
1176,1,3,165,17.9545,21.9048,1.953999996,0.0,0.451,0.694,-7.2403,-1.3663
1177,1,3,166,17.9545,23.0952,1.929999948,0.0,0.399,0.685,-7.0182,-1.3575
1178,1,3,167,17.9545,24.2857,1.906000018,0.0,0.345,0.676,-6.8031,-1.3426
1179,1,3,168,17.9545,25.4762,1.881999969,0.0,0.29,0.666,-6.5998,-1.3574
1180,1,3,169,17.9545,26.6667,1.85800004,0.0,0.232,0.655,-6.4161,-1.3392
1181,1,3,170,17.9545,27.8571,1.840000033,0.0,0.176,0.645,-6.2239,-1.3173
1182,1,3,171,17.9545,29.0476,7.0,0.0,0.528,0.585,-6.0723,-1.2931
1183,1,3,172,17.9545,30.2381,7.0,0.0,1.165,0.621,-5.9912,-1.3129
1184,1,3,173,17.9545,31.4286,7.0,0.0,1.54,0.641,-6.5388,-1.2886
1185,1,3,174,17.9545,32.619,7.0,0.0,1.714,0.647,-6.837,-1.2635
1186,1,3,175,17.9545,33.8095,7.0,0.0,1.707,0.64,-6.8625,-1.2384
1187,1,3,176,17.9545,35.0,7.0,0.0,1.644,0.628,-6.7636,-1.2664
1188,1,3,177,19.0909,10.0,2.211999893,0.098751,1.129,0.807,-6.48,-1.2435
1189,1,3,178,19.0909,11.1905,2.176000118,0.08,1.053,0.792,-10.1433,-1.1293
1190,1,3,179,19.0909,12.381,2.134000063,0.0,0.973,0.776,-9.7315,-1.1542
1191,1,3,180,19.0909,13.5714,2.09800005,0.0,0.903,0.764,-9.3381,-1.2003
1192,1,3,181,19.0909,14.7619,2.068000078,0.0,0.837,0.754,-9.0036,-1.291
1193,1,3,182,19.0909,15.9524,2.032000065,0.0,0.774,0.744,-8.6775,-1.271
1194,1,3,183,19.0909,17.1429,2.002000093,0.0,0.72,0.737,-8.3816,-1.3199
1195,1,3,184,19.0909,18.3333,1.978000045,0.0,0.667,0.729,-8.1114,-1.3474
1196,1,3,185,19.0909,19.5238,1.947999954,0.0,0.611,0.72,-7.8388,-1.3784
1197,1,3,186,19.0909,20.7143,1.924000025,0.0,0.559,0.71,-7.604,-1.3945
1198,1,3,187,19.0909,21.9048,1.899999976,0.0,0.508,0.701,-7.3635,-1.3893
1199,1,3,188,19.0909,23.0952,1.876000047,0.0,0.456,0.691,-7.1286,-1.3742
1200,1,3,189,19.0909,24.2857,1.851999998,0.0,0.401,0.68,-6.9306,-1.3536
1201,1,3,190,19.0909,25.4762,1.827999949,0.0,0.346,0.669,-6.7306,-1.3699
1202,1,3,191,19.0909,26.6667,1.809999943,0.0,0.287,0.659,-6.5482,-1.3481
1203,1,3,192,19.0909,27.8571,7.0,0.0,1.029,0.627,-6.3708,-1.3228
1204,1,3,193,19.0909,29.0476,7.0,0.0,1.091,0.661,-7.0237,-1.2959
1205,1,3,194,19.0909,30.2381,7.0,0.0,1.42,0.688,-7.7929,-1.3205
1206,1,3,195,19.0909,31.4286,7.0,0.0,1.721,0.701,-8.3746,-1.2954
1207,1,3,196,19.0909,32.619,7.0,0.0,1.875,0.702,-8.6066,-1.2705
1208,1,3,197,19.0909,33.8095,7.0,0.0,1.896,0.694,-8.5058,-1.2452
1209,1,3,198,19.0909,35.0,7.0,0.0,1.878,0.681,-8.1922,-1.2226
1210,1,3,199,20.2273,10.0,2.140000105,0.091402,1.081,0.796,-7.8208,-1.2571
1211,1,3,200,20.2273,11.1905,2.104000092,0.08,1.012,0.783,-10.1212,-1.1429
1212,1,3,201,20.2273,12.381,2.068000078,0.0,0.948,0.773,-9.7383,-1.1706
1213,1,3,202,20.2273,13.5714,2.032000065,0.0,0.894,0.765,-9.3745,-1.2218
1214,1,3,203,20.2273,14.7619,2.002000093,0.0,0.848,0.758,-9.0646,-1.3135
1215,1,3,204,20.2273,15.9524,1.972000003,0.0,0.8,0.751,-8.7712,-1.3446
1216,1,3,205,20.2273,17.1429,1.942000031,0.0,0.756,0.744,-8.4467,-1.3369
1217,1,3,206,20.2273,18.3333,1.917999983,0.0,0.706,0.734,-8.1826,-1.3629
1218,1,3,207,20.2273,19.5238,1.894000053,0.0,0.659,0.725,-7.956,-1.4159
1219,1,3,208,20.2273,20.7143,1.870000005,0.0,0.608,0.714,-7.7103,-1.4143
1220,1,3,209,20.2273,21.9048,1.845999956,0.0,0.556,0.703,-7.4717,-1.4068
1221,1,3,210,20.2273,23.0952,1.822000027,0.0,0.503,0.692,-7.2597,-1.3902
1222,1,3,211,20.2273,24.2857,7.0,0.0,3.427,0.618,-7.0446,-1.3678
1223,1,3,212,20.2273,25.4762,7.0,0.0,3.117,0.644,-7.0492,-1.3409
1224,1,3,213,20.2273,26.6667,7.0,0.0,2.686,0.672,-7.6599,-1.3121
1225,1,3,214,20.2273,27.8571,7.0,0.0,2.084,0.703,-8.4995,-1.3365
1226,1,3,215,20.2273,29.0476,7.0,0.016597,1.797,0.729,-9.4176,-1.3105
1227,1,3,216,20.2273,30.2381,7.0,0.062086,1.93,0.746,-10.2458,-1.2807
1228,1,3,217,20.2273,31.4286,7.0,0.092607,2.049,0.752,-10.8107,-1.2565
1229,1,3,218,20.2273,32.619,7.0,0.075263,2.091,0.749,-10.8906,-1.2884
1230,1,3,219,20.2273,33.8095,7.0,0.001161,2.076,0.741,-10.5259,-1.2689
1231,1,3,220,20.2273,35.0,7.0,0.04,2.061,0.73,-10.0064,-1.2491
1232,1,3,221,21.3636,10.0,2.073999882,0.084154,1.046,0.789,-9.5115,-1.2292
1233,1,3,222,21.3636,11.1905,2.038000107,0.08,0.996,0.781,-10.1327,-1.2152
1234,1,3,223,21.3636,12.381,2.007999897,0.0,0.952,0.776,-9.7756,-1.2025
1235,1,3,224,21.3636,13.5714,1.972000003,0.0,0.915,0.77,-9.4199,-1.2535
1236,1,3,225,21.3636,14.7619,1.942000031,0.0,0.88,0.764,-9.117,-1.3442
1237,1,3,226,21.3636,15.9524,1.911999941,0.0,0.838,0.756,-8.8257,-1.3722
1238,1,3,227,21.3636,17.1429,1.888000011,0.0,0.799,0.747,-8.5651,-1.408
1239,1,3,228,21.3636,18.3333,1.863999963,0.0,0.752,0.736,-8.3102,-1.4203
1240,1,3,229,21.3636,19.5238,1.840000033,0.0,0.701,0.725,-8.0435,-1.4314
1241,1,3,230,21.3636,20.7143,7.0,0.0,4.591,0.659,-7.8184,-1.406
1242,1,3,231,21.3636,21.9048,7.0,0.0,4.473,0.667,-7.918,-1.4156
1243,1,3,232,21.3636,23.0952,7.0,0.0,4.306,0.68,-8.2842,-1.3968
1244,1,3,233,21.3636,24.2857,7.0,0.0,4.067,0.698,-8.8089,-1.3727
1245,1,3,234,21.3636,25.4762,7.0,0.024254,3.771,0.719,-9.4885,-1.3449
1246,1,3,235,21.3636,26.6667,7.0,0.090382,3.417,0.743,-10.4056,-1.3159
1247,1,3,236,21.3636,27.8571,7.0,0.151882,2.883,0.764,-11.5908,-1.3424
1248,1,3,237,21.3636,29.0476,7.0,0.209097,2.314,0.779,-12.7937,-1.3183
1249,1,3,238,21.3636,30.2381,7.0,0.263375,2.404,0.788,-13.746,-1.2913
1250,1,3,239,21.3636,31.4286,7.0,0.310533,2.445,0.79,-14.061,-1.2694
1251,1,3,240,21.3636,32.619,7.0,0.330631,2.417,0.785,-13.4945,-1.3046
1252,1,3,241,21.3636,33.8095,7.0,0.309638,2.33,0.777,-12.7678,-1.2886
1253,1,3,242,21.3636,35.0,7.0,0.236894,2.387,0.769,-12.0467,-1.2731
1254,1,3,243,22.5,10.0,2.007999897,0.08414,1.049,0.791,-11.479,-1.2576
1255,1,3,244,22.5,11.1905,1.978000045,0.08,1.019,0.787,-10.1393,-1.236
1256,1,3,245,22.5,12.381,1.947999954,0.0,0.99,0.782,-9.7763,-1.272
1257,1,3,246,22.5,13.5714,1.917999983,0.0,0.96,0.776,-9.4643,-1.3294
1258,1,3,247,22.5,14.7619,1.888000011,0.0,0.928,0.768,-9.1821,-1.3557
1259,1,3,248,22.5,15.9524,7.0,0.0,5.185,0.707,-8.9093,-1.38
1260,1,3,249,22.5,17.1429,7.0,0.0,5.129,0.706,-8.6604,-1.4131
1261,1,3,250,22.5,18.3333,7.0,0.0,5.055,0.707,-8.844,-1.4232
1262,1,3,251,22.5,19.5238,7.0,0.0,5.017,0.711,-9.1145,-1.434
1263,1,3,252,22.5,20.7143,7.0,0.003194,4.948,0.719,-9.5243,-1.4154
1264,1,3,253,22.5,21.9048,7.0,0.051563,4.845,0.73,-10.041,-1.3886
1265,1,3,254,22.5,23.0952,7.0,0.107473,4.713,0.744,-10.757,-1.3625
1266,1,3,255,22.5,24.2857,7.0,0.157823,4.491,0.759,-11.7187,-1.3814
1267,1,3,256,22.5,25.4762,7.0,0.211565,4.197,0.775,-12.869,-1.3573
1268,1,3,257,22.5,26.6667,7.0,0.266254,3.862,0.789,-14.3166,-1.332
1269,1,3,258,22.5,27.8571,7.0,0.329527,3.389,0.802,-15.9845,-1.3048
1270,1,3,259,22.5,29.0476,7.0,0.38595,2.776,0.81,-17.2609,-1.3373
1271,1,3,260,22.5,30.2381,7.0,0.442955,2.742,0.813,-17.9607,-1.3147
1272,1,3,261,22.5,31.4286,7.0,0.492485,2.749,0.811,-17.4476,-1.2998
1273,1,3,262,22.5,32.619,7.0,0.53262,2.688,0.807,-16.349,-1.2787
1274,1,3,263,22.5,33.8095,7.0,0.554844,2.574,0.801,-15.2552,-1.2682
1275,1,3,264,22.5,35.0,7.0,0.532335,2.834,0.797,-14.6698,-1.3146
1276,1,3,265,23.6364,10.0,1.953999996,0.086783,1.096,0.8,-14.1662,-1.3062
1277,1,3,266,23.6364,11.1905,1.924000025,0.08,1.072,0.796,-10.1696,-1.2659
1278,1,3,267,23.6364,12.381,1.888000011,0.0,1.049,0.788,-9.8418,-1.2989
1279,1,3,268,23.6364,13.5714,1.863999963,0.0,1.012,0.779,-9.5584,-1.4007
1280,1,3,269,23.6364,14.7619,7.0,0.0,5.31,0.726,-9.2276,-1.3707
1281,1,3,270,23.6364,15.9524,7.0,0.0,5.306,0.731,-9.2377,-1.3896
1282,1,3,271,23.6364,17.1429,7.0,0.020069,5.287,0.738,-9.6688,-1.4169
1283,1,3,272,23.6364,18.3333,7.0,0.082093,5.261,0.746,-10.1781,-1.4421
1284,1,3,273,23.6364,19.5238,7.0,0.13671,5.227,0.755,-10.8766,-1.4346
1285,1,3,274,23.6364,20.7143,7.0,0.185536,5.159,0.765,-11.7347,-1.4163
1286,1,3,275,23.6364,21.9048,7.0,0.233521,5.056,0.776,-12.7812,-1.3939
1287,1,3,276,23.6364,23.0952,7.0,0.28164,4.907,0.787,-14.0843,-1.3676
1288,1,3,277,23.6364,24.2857,7.0,0.334702,4.698,0.797,-15.7089,-1.3402
1289,1,3,278,23.6364,25.4762,7.0,0.38557,4.408,0.806,-17.452,-1.3648
1290,1,3,279,23.6364,26.6667,7.0,0.437105,4.116,0.814,-19.8368,-1.3443
1291,1,3,280,23.6364,27.8571,7.0,0.492252,3.7,0.819,-22.2711,-1.3228
1292,1,3,281,23.6364,29.0476,7.0,0.550338,3.144,0.82,-23.0642,-1.3039
1293,1,3,282,23.6364,30.2381,6.993999958,0.606431,2.925,0.82,-22.1397,-1.3414
1294,1,3,283,23.6364,31.4286,7.0,0.659174,2.93,0.819,-20.0556,-1.3297
1295,1,3,284,23.6364,32.619,7.0,0.708504,2.855,0.817,-18.5319,-1.3199
1296,1,3,285,23.6364,33.8095,7.0,0.746822,2.789,0.815,-17.5539,-1.3122
1297,1,3,286,23.6364,35.0,7.0,0.766487,3.235,0.815,-17.0883,-1.3078
1298,1,3,287,24.7727,10.0,1.899999976,0.089992,1.148,0.808,-16.9579,-1.3568
1299,1,3,288,24.7727,11.1905,1.870000005,0.08,1.12,0.799,-10.1672,-1.295
1300,1,3,289,24.7727,12.381,1.840000033,0.0,1.09,0.789,-9.8744,-1.3229
1301,1,3,290,24.7727,13.5714,1.809999943,0.0,1.048,0.778,-9.6296,-1.4123
1302,1,3,291,24.7727,14.7619,7.0,0.0,5.373,0.742,-9.3428,-1.4218
1303,1,3,292,24.7727,15.9524,7.0,0.092251,5.368,0.754,-9.9247,-1.429
1304,1,3,293,24.7727,17.1429,7.0,0.175041,5.345,0.766,-10.6924,-1.4137
1305,1,3,294,24.7727,18.3333,7.0,0.240469,5.339,0.777,-11.7775,-1.4356
1306,1,3,295,24.7727,19.5238,7.0,0.2978,5.295,0.787,-13.0635,-1.4088
1307,1,3,296,24.7727,20.7143,7.0,0.353904,5.218,0.797,-14.5804,-1.3813
1308,1,3,297,24.7727,21.9048,7.0,0.403781,5.108,0.805,-16.2524,-1.3937
1309,1,3,298,24.7727,23.0952,7.0,0.451946,4.959,0.811,-18.523,-1.3745
1310,1,3,299,24.7727,24.2857,7.0,0.499332,4.763,0.816,-21.4216,-1.3526
1311,1,3,300,24.7727,25.4762,7.0,0.551998,4.472,0.818,-24.9503,-1.33
1312,1,3,301,24.7727,26.6667,6.946000099,0.601218,4.258,0.82,-27.6782,-1.361
1313,1,3,302,24.7727,27.8571,6.886000156,0.653277,3.992,0.821,-26.4176,-1.3478
1314,1,3,303,24.7727,29.0476,6.820000172,0.706218,3.63,0.82,-24.5703,-1.3366
1315,1,3,304,24.7727,30.2381,6.78399992,0.762212,3.165,0.82,-22.5157,-1.3222
1316,1,3,305,24.7727,31.4286,6.777999878,0.814688,3.097,0.818,-20.8801,-1.3679
1317,1,3,306,24.7727,32.619,6.880000114,0.867076,3.032,0.816,-19.0439,-1.3637
1318,1,3,307,24.7727,33.8095,7.0,0.914357,3.037,0.821,-17.8468,-1.3678
1319,1,3,308,24.7727,35.0,7.0,0.952812,3.466,0.823,-17.9921,-1.3714
1320,1,3,309,25.9091,10.0,1.845999956,0.094253,1.159,0.803,-18.7453,-1.3764
1321,1,3,310,25.9091,11.1905,1.822000027,0.08,1.126,0.793,-10.237,-1.3268
1322,1,3,311,25.9091,12.381,1.792000055,0.0,1.083,0.783,-9.8963,-1.349
1323,1,3,312,25.9091,13.5714,7.0,0.0,5.329,0.742,-9.6842,-1.4115
1324,1,3,313,25.9091,14.7619,7.0,0.102986,5.375,0.759,-9.678,-1.4204
1325,1,3,314,25.9091,15.9524,7.0,0.220515,5.369,0.775,-10.7648,-1.423
1326,1,3,315,25.9091,17.1429,7.0,0.308593,5.35,0.79,-12.1158,-1.432
1327,1,3,316,25.9091,18.3333,7.0,0.382723,5.322,0.801,-13.7206,-1.4254
1328,1,3,317,25.9091,19.5238,7.0,0.445467,5.258,0.809,-15.6353,-1.4063
1329,1,3,318,25.9091,20.7143,7.0,0.504832,5.15,0.814,-17.9524,-1.3831
1330,1,3,319,25.9091,21.9048,7.0,0.557309,5.031,0.817,-21.0494,-1.3955
1331,1,3,320,25.9091,23.0952,6.975999832,0.607081,4.908,0.819,-24.4165,-1.3803
1332,1,3,321,25.9091,24.2857,6.909999847,0.65508,4.8,0.82,-25.8464,-1.3653
1333,1,3,322,25.9091,25.4762,6.843999863,0.704403,4.644,0.82,-26.3748,-1.3512
1334,1,3,323,25.9091,26.6667,6.777999878,0.754841,4.446,0.821,-26.0953,-1.3392
1335,1,3,324,25.9091,27.8571,6.717999935,0.804944,4.232,0.82,-25.8676,-1.3758
1336,1,3,325,25.9091,29.0476,6.664000034,0.855548,3.96,0.819,-24.6209,-1.3732
1337,1,3,326,25.9091,30.2381,6.59800005,0.908649,3.6,0.818,-22.9357,-1.3729
1338,1,3,327,25.9091,31.4286,6.56799984,0.960359,3.252,0.818,-21.2555,-1.3746
1339,1,3,328,25.9091,32.619,6.556000233,1.012525,3.225,0.816,-19.6895,-1.4202
1340,1,3,329,25.9091,33.8095,6.771999836,1.062468,3.169,0.811,-18.0323,-1.43
1341,1,3,330,25.9091,35.0,6.886000156,1.108426,3.284,0.815,-17.1498,-1.4426
1342,1,3,331,27.0455,10.0,1.797999978,0.098507,1.101,0.788,-17.7557,-1.4573
1343,1,3,332,27.0455,11.1905,1.774000049,0.1200000000000001,1.063,0.78,-10.29,-1.3584
1344,1,3,333,27.0455,12.381,1.75,0.0,1.013,0.772,-9.9737,-1.3739
1345,1,3,334,27.0455,13.5714,7.0,0.075104,5.335,0.759,-9.7433,-1.4136
1346,1,3,335,27.0455,14.7619,7.0,0.218802,5.362,0.779,-10.6684,-1.416
1347,1,3,336,27.0455,15.9524,7.0,0.339026,5.33,0.796,-12.2251,-1.4147
1348,1,3,337,27.0455,17.1429,7.0,0.43227,5.261,0.808,-14.1061,-1.4207
1349,1,3,338,27.0455,18.3333,7.0,0.512698,5.2,0.815,-16.3086,-1.4164
1350,1,3,339,27.0455,19.5238,7.0,0.580717,5.11,0.819,-18.9162,-1.403
1351,1,3,340,27.0455,20.7143,6.96999979,0.640513,5.034,0.82,-21.4186,-1.3861
1352,1,3,341,27.0455,21.9048,6.892000198,0.696978,4.996,0.82,-22.7302,-1.3685
1353,1,3,342,27.0455,23.0952,6.81400013,0.752067,4.941,0.821,-23.5306,-1.3542
1354,1,3,343,27.0455,24.2857,6.754000187,0.80188,4.853,0.82,-24.506,-1.3828
1355,1,3,344,27.0455,25.4762,6.688000202,0.851801,4.741,0.819,-25.1318,-1.3787
1356,1,3,345,27.0455,26.6667,6.622000217,0.901523,4.592,0.818,-25.0039,-1.3762
1357,1,3,346,27.0455,27.8571,6.56799984,0.951569,4.405,0.818,-24.6586,-1.3759
1358,1,3,347,27.0455,29.0476,6.513999939,1.000919,4.207,0.819,-24.1112,-1.4181
1359,1,3,348,27.0455,30.2381,6.447999954,1.052207,3.951,0.82,-22.9104,-1.4277
1360,1,3,349,27.0455,31.4286,6.388000011,1.103309,3.62,0.82,-21.4915,-1.4403
1361,1,3,350,27.0455,32.619,6.352000237,1.153526,3.373,0.819,-20.0881,-1.4543
1362,1,3,351,27.0455,33.8095,6.315999985,1.203652,3.389,0.817,-18.5764,-1.5028
1363,1,3,352,27.0455,35.0,6.676000118,1.251966,3.233,0.811,-17.1356,-1.5248
1364,1,3,353,28.1818,10.0,1.756000042,0.102397,1.003,0.774,-16.5987,-1.5499
1365,1,3,354,28.1818,11.1905,1.731999993,0.048792,0.963,0.769,-10.3377,-1.3881
1366,1,3,355,28.1818,12.381,7.0,0.061614,5.215,0.756,-10.0652,-1.4003
1367,1,3,356,28.1818,13.5714,7.0,0.203841,5.262,0.78,-10.6193,-1.4113
1368,1,3,357,28.1818,14.7619,7.0,0.334167,5.243,0.798,-12.3361,-1.4089
1369,1,3,358,28.1818,15.9524,7.0,0.451706,5.185,0.81,-14.3251,-1.4047
1370,1,3,359,28.1818,17.1429,7.0,0.547732,5.131,0.817,-16.5855,-1.4085
1371,1,3,360,28.1818,18.3333,6.964000225,0.632309,5.067,0.82,-18.6276,-1.4069
1372,1,3,361,28.1818,19.5238,6.880000114,0.705061,5.045,0.821,-19.8882,-1.4017
1373,1,3,362,28.1818,20.7143,6.808000088,0.769132,5.02,0.821,-20.8168,-1.3931
1374,1,3,363,28.1818,21.9048,6.742000103,0.828972,4.983,0.82,-21.723,-1.3866
1375,1,3,364,28.1818,23.0952,6.676000118,0.885245,4.941,0.819,-22.4016,-1.3828
1376,1,3,365,28.1818,24.2857,6.610000134,0.939905,4.887,0.818,-22.9424,-1.3806
1377,1,3,366,28.1818,25.4762,6.550000191,0.991556,4.809,0.818,-23.6928,-1.4152
1378,1,3,367,28.1818,26.6667,6.489999771,1.042249,4.702,0.819,-23.6832,-1.4236
1379,1,3,368,28.1818,27.8571,6.423999786,1.093274,4.564,0.821,-23.5447,-1.436
1380,1,3,369,28.1818,29.0476,6.369999886,1.14244,4.403,0.821,-22.9327,-1.4504
1381,1,3,370,28.1818,30.2381,6.315999985,1.192835,4.206,0.822,-22.3051,-1.4944
1382,1,3,371,28.1818,31.4286,6.25,1.242847,3.954,0.823,-21.2539,-1.5177
1383,1,3,372,28.1818,32.619,6.190000057,1.293412,3.645,0.822,-20.1057,-1.5438
1384,1,3,373,28.1818,33.8095,6.136000156,1.343104,3.531,0.821,-18.8828,-1.5725
1385,1,3,374,28.1818,35.0,6.081999779,1.389906,3.607,0.82,-17.649,-1.6028
1386,1,3,375,29.3182,10.0,1.713999987,0.10623,0.976,0.777,-16.4231,-1.6553
1387,1,3,376,29.3182,11.1905,7.0,0.049338,5.083,0.756,-10.391,-1.4182
1388,1,3,377,29.3182,12.381,7.0,0.197486,5.156,0.782,-10.5126,-1.413
1389,1,3,378,29.3182,13.5714,7.0,0.328583,5.148,0.801,-12.36,-1.4136
1390,1,3,379,29.3182,14.7619,7.0,0.448301,5.085,0.812,-14.4024,-1.4083
1391,1,3,380,29.3182,15.9524,7.0,0.560886,5.014,0.816,-16.3847,-1.4018
1392,1,3,381,29.3182,17.1429,6.903999805,0.655864,5.03,0.82,-17.8667,-1.4072
1393,1,3,382,29.3182,18.3333,6.820000172,0.740715,5.027,0.821,-18.5236,-1.3974
1394,1,3,383,29.3182,19.5238,6.742000103,0.815463,5.017,0.821,-19.3096,-1.3909
1395,1,3,384,29.3182,20.7143,6.664000034,0.88615,5.007,0.819,-19.9633,-1.3847
1396,1,3,385,29.3182,21.9048,6.604000092,0.949562,4.982,0.819,-20.7591,-1.409
1397,1,3,386,29.3182,23.0952,6.538000107,1.009289,4.959,0.819,-21.3732,-1.4147
1398,1,3,387,29.3182,24.2857,6.472000122,1.067044,4.927,0.821,-21.6579,-1.4236
1399,1,3,388,29.3182,25.4762,6.418000221,1.122829,4.862,0.821,-22.026,-1.4375
1400,1,3,389,29.3182,26.6667,6.357999802,1.176373,4.784,0.822,-22.2234,-1.4766
1401,1,3,390,29.3182,27.8571,6.297999859,1.229543,4.671,0.823,-22.1971,-1.5015
1402,1,3,391,29.3182,29.0476,6.237999916,1.281744,4.539,0.824,-21.7325,-1.5273
1403,1,3,392,29.3182,30.2381,6.177999973,1.333617,4.38,0.824,-21.3012,-1.5578
1404,1,3,393,29.3182,31.4286,6.124000072,1.38214,4.188,0.826,-20.5828,-1.5893
1405,1,3,394,29.3182,32.619,6.058000088,1.432495,3.932,0.826,-19.7258,-1.6424
1406,1,3,395,29.3182,33.8095,5.998000145,1.48159,3.689,0.825,-18.7403,-1.6811
1407,1,3,396,29.3182,35.0,5.938000202,1.525677,3.743,0.824,-17.7891,-1.722
1408,1,3,397,30.4545,10.0,7.0,0.058213,5.018,0.761,-16.8304,-1.7666
1409,1,3,398,30.4545,11.1905,7.0,0.195904,5.112,0.788,-10.7505,-1.4329
1410,1,3,399,30.4545,12.381,7.0,0.324642,5.077,0.805,-12.7038,-1.4279
1411,1,3,400,30.4545,13.5714,7.0,0.44824,5.011,0.814,-14.704,-1.4157
1412,1,3,401,30.4545,14.7619,6.940000057,0.563381,4.999,0.817,-16.2498,-1.4077
1413,1,3,402,30.4545,15.9524,6.849999905,0.668159,5.001,0.819,-16.8717,-1.4009
1414,1,3,403,30.4545,17.1429,6.754000187,0.761269,5.018,0.819,-17.5369,-1.4057
1415,1,3,404,30.4545,18.3333,6.676000118,0.847038,5.013,0.819,-18.0808,-1.4032
1416,1,3,405,30.4545,19.5238,6.604000092,0.923613,5.008,0.819,-18.7476,-1.4082
1417,1,3,406,30.4545,20.7143,6.532000065,0.996598,5.007,0.821,-19.2626,-1.4132
1418,1,3,407,30.4545,21.9048,6.472000122,1.063779,4.984,0.822,-19.8061,-1.4389
1419,1,3,408,30.4545,23.0952,6.406000137,1.127362,4.964,0.823,-20.2389,-1.4556
1420,1,3,409,30.4545,24.2857,6.346000195,1.150005,4.932,0.823,-20.4848,-1.476
1421,1,3,410,30.4545,25.4762,6.291999817,1.15392,4.88,0.823,-20.6786,-1.5036
1422,1,3,411,30.4545,26.6667,6.231999874,1.171366,4.821,0.824,-20.8258,-1.5403
1423,1,3,412,30.4545,27.8571,6.171999931,1.195748,4.736,0.825,-20.7789,-1.5779
1424,1,3,413,30.4545,29.0476,6.111999989,1.232127,4.624,0.826,-20.4475,-1.6153
1425,1,3,414,30.4545,30.2381,6.052000046,1.284599,4.478,0.827,-20.1178,-1.6588
1426,1,3,415,30.4545,31.4286,5.998000145,1.33915,4.319,0.827,-19.613,-1.7022
1427,1,3,416,30.4545,32.619,5.93200016,1.406813,4.109,0.825,-19.0196,-1.7538
1428,1,3,417,30.4545,33.8095,5.866000175,1.459128,3.847,0.824,-18.3128,-1.803
1429,1,3,418,30.4545,35.0,5.800000191,1.49291,3.812,0.822,-17.5969,-1.8547
1430,1,3,419,31.5909,10.0,7.0,0.215121,5.061,0.792,-16.9264,-1.9109
1431,1,3,420,31.5909,11.1905,7.0,0.337525,5.052,0.806,-13.5057,-1.4548
1432,1,3,421,31.5909,12.381,7.0,0.455597,4.987,0.813,-15.2627,-1.4457
1433,1,3,422,31.5909,13.5714,6.892000198,0.567351,5.007,0.818,-16.0065,-1.4165
1434,1,3,423,31.5909,14.7619,6.789999962,0.672966,5.017,0.819,-16.2807,-1.4096
1435,1,3,424,31.5909,15.9524,6.699999809,0.77241,5.021,0.818,-16.6806,-1.4051
1436,1,3,425,31.5909,17.1429,6.616000175,0.861963,5.018,0.82,-17.193,-1.4109
1437,1,3,426,31.5909,18.3333,6.544000149,0.946879,5.003,0.821,-17.6017,-1.4176
1438,1,3,427,31.5909,19.5238,6.472000122,1.02426,4.994,0.823,-18.1097,-1.4341
1439,1,3,428,31.5909,20.7143,6.412000179,1.063831,4.973,0.823,-18.5183,-1.4507
1440,1,3,429,31.5909,21.9048,6.346000195,1.070446,4.956,0.824,-18.8253,-1.4753
1441,1,3,430,31.5909,23.0952,6.285999775,1.081099,4.932,0.823,-19.0412,-1.5013
1442,1,3,431,31.5909,24.2857,6.231999874,1.0957,4.9,0.824,-19.2987,-1.539
1443,1,3,432,31.5909,25.4762,6.171999931,1.111448,4.866,0.824,-19.4029,-1.5801
1444,1,3,433,31.5909,26.6667,6.118000031,1.13193,4.814,0.826,-19.3412,-1.6209
1445,1,3,434,31.5909,27.8571,6.058000088,1.15828,4.745,0.826,-19.3906,-1.6672
1446,1,3,435,31.5909,29.0476,5.998000145,1.191276,4.648,0.825,-19.0981,-1.7163
1447,1,3,436,31.5909,30.2381,5.938000202,1.232314,4.514,0.825,-18.8565,-1.7725
1448,1,3,437,31.5909,31.4286,5.877999783,1.285649,4.366,0.824,-18.4687,-1.828
1449,1,3,438,31.5909,32.619,5.811999798,1.353442,4.193,0.823,-18.1164,-1.8888
1450,1,3,439,31.5909,33.8095,5.739999771,1.412307,3.977,0.822,-17.6615,-1.9486
1451,1,3,440,31.5909,35.0,5.668000221,1.460309,3.839,0.822,-17.1082,-2.0018
1452,1,3,441,32.7273,10.0,7.0,0.363204,5.062,0.807,-16.7109,-2.0696
1453,1,3,442,32.7273,11.1905,6.915999889,0.473396,5.065,0.818,-15.5256,-1.4777
1454,1,3,443,32.7273,12.381,6.837999821,0.58131,5.026,0.822,-15.7396,-1.4671
1455,1,3,444,32.7273,13.5714,6.736000061,0.683528,5.018,0.821,-15.9334,-1.4263
1456,1,3,445,32.7273,14.7619,6.645999908,0.78248,5.006,0.82,-16.1528,-1.4217
1457,1,3,446,32.7273,15.9524,6.56799984,0.875238,4.993,0.82,-16.5508,-1.4119
1458,1,3,447,32.7273,17.1429,6.489999771,0.960936,4.979,0.821,-16.9011,-1.4274
1459,1,3,448,32.7273,18.3333,6.423999786,0.972634,4.956,0.822,-17.1796,-1.443
1460,1,3,449,32.7273,19.5238,6.352000237,0.984157,4.939,0.821,-17.4567,-1.4688
1461,1,3,450,32.7273,20.7143,6.291999817,0.998123,4.919,0.821,-17.7558,-1.4999
1462,1,3,451,32.7273,21.9048,6.231999874,1.011147,4.901,0.821,-17.9458,-1.5381
1463,1,3,452,32.7273,23.0952,6.171999931,1.029771,4.885,0.822,-18.0517,-1.5772
1464,1,3,453,32.7273,30.2381,5.823999882,1.223226,4.514,0.822,-18.1485,-1.6161
1465,1,3,454,32.7273,31.4286,5.757999897,1.260175,4.368,0.822,-17.3147,-1.9697
1466,1,3,455,32.7273,32.619,5.68599987,1.303106,4.223,0.823,-17.0732,-2.0431
1467,1,3,456,32.7273,33.8095,5.613999844,1.359013,4.047,0.824,-16.8017,-2.1145
1468,1,3,457,32.7273,35.0,5.53000021,1.415383,3.863,0.826,-16.523,-2.1871
1469,1,3,458,33.8636,10.0,6.849999905,0.503183,5.11,0.821,-16.3456,-2.2454
1470,1,3,459,33.8636,11.1905,6.760000229,0.602918,5.065,0.819,-15.5294,-1.5062
1471,1,3,460,33.8636,12.381,6.670000076,0.70009,5.014,0.818,-15.67,-1.4972
1472,1,3,461,33.8636,13.5714,6.585999966,0.796339,4.986,0.817,-15.7605,-1.4202
1473,1,3,462,33.8636,14.7619,6.513999939,0.866311,4.963,0.817,-16.0053,-1.4253
1474,1,3,463,33.8636,15.9524,6.43599987,0.879285,4.94,0.818,-16.2331,-1.4293
1475,1,3,464,33.8636,17.1429,6.363999844,0.891475,4.921,0.817,-16.4694,-1.4576
1476,1,3,465,33.8636,18.3333,6.297999859,0.906811,4.901,0.818,-16.6424,-1.4855
1477,1,3,466,33.8636,19.5238,6.237999916,0.919093,4.882,0.818,-16.8031,-1.5261
1478,1,3,467,33.8636,20.7143,6.171999931,0.939365,4.875,0.82,-16.9126,-1.5667
1479,1,3,468,33.8636,21.9048,6.118000031,0.958253,4.852,0.82,-17.0232,-1.6126
1480,1,3,469,33.8636,23.0952,6.058000088,0.980087,4.834,0.821,-17.0579,-1.6641
1481,1,3,470,33.8636,24.2857,6.004000187,1.013785,4.804,0.82,-16.9548,-1.7206
1482,1,3,471,33.8636,25.4762,5.949999809,1.051407,4.768,0.821,-17.0119,-1.7734
1483,1,3,472,33.8636,26.6667,5.889999866,1.100937,4.726,0.821,-16.8593,-1.8385
1484,1,3,473,33.8636,27.8571,5.835999966,1.157271,4.661,0.822,-16.7403,-1.9138
1485,1,3,474,33.8636,29.0476,5.769999981,1.205472,4.582,0.822,-16.5494,-1.9868
1486,1,3,475,33.8636,30.2381,5.703999996,1.234586,4.475,0.822,-16.3848,-2.0683
1487,1,3,476,33.8636,31.4286,5.638000011,1.255942,4.337,0.823,-16.2054,-2.1466
1488,1,3,477,33.8636,32.619,5.553999901,1.268232,4.191,0.824,-16.0149,-2.2103
1489,1,3,478,33.8636,33.8095,5.46999979,1.288012,4.015,0.826,-15.9052,-2.2922
1490,1,3,479,33.8636,35.0,5.380000114,1.324935,3.849,0.828,-15.8605,-2.3759
1491,1,3,480,35.0,10.0,6.693999767,0.6369,5.036,0.811,-15.947,-2.4655
1492,1,3,481,35.0,11.1905,6.622000217,0.729937,4.994,0.812,-15.5107,-1.5383
1493,1,3,482,35.0,12.381,6.532000065,0.776002,4.982,0.813,-15.6217,-1.4925
1494,1,3,483,35.0,13.5714,6.453999996,0.790521,4.957,0.814,-15.606,-1.4463
1495,1,3,484,35.0,14.7619,6.381999969,0.806506,4.922,0.813,-15.7525,-1.4577
1496,1,3,485,35.0,15.9524,6.315999985,0.819424,4.894,0.814,-15.8781,-1.4643
1497,1,3,486,35.0,17.1429,6.25,0.829822,4.874,0.815,-16.0125,-1.5066
1498,1,3,487,35.0,18.3333,6.184000015,0.848773,4.862,0.817,-16.0405,-1.5482
1499,1,3,488,35.0,19.5238,6.124000072,0.863967,4.843,0.818,-16.1268,-1.5969
1500,1,3,489,35.0,20.7143,6.06400013,0.881635,4.825,0.819,-16.1379,-1.6508
1501,1,3,490,35.0,21.9048,6.010000229,0.909131,4.797,0.819,-16.0824,-1.7168
1502,1,3,491,35.0,23.0952,5.955999851,0.93697,4.768,0.819,-16.0828,-1.7668
1503,1,3,492,35.0,24.2857,5.895999908,0.976581,4.74,0.82,-15.9555,-1.8359
1504,1,3,493,35.0,25.4762,5.842000008,1.034491,4.7,0.821,-15.8412,-1.9174
1505,1,3,494,35.0,26.6667,5.788000107,1.118146,4.647,0.821,-15.7309,-1.9726
1506,1,3,495,35.0,27.8571,5.728000164,1.204157,4.58,0.821,-15.5854,-2.0604
1507,1,3,496,35.0,29.0476,5.662000179,1.242433,4.497,0.821,-15.3929,-2.1452
1508,1,3,497,35.0,30.2381,5.584000111,1.249065,4.39,0.822,-15.2323,-2.2389
1509,1,3,498,35.0,31.4286,5.506000042,1.243899,4.258,0.823,-15.1198,-2.3302
1510,1,3,499,35.0,32.619,5.392000198,1.234521,4.064,0.824,-15.0682,-2.4275
1511,1,3,500,35.0,33.8095,5.277999878,1.223848,3.776,0.826,-15.121,-2.488
1512,1,3,501,35.0,35.0,5.176000118,1.226323,3.73,0.829,-15.3853,-2.5821
1513,2,4,1,10.0,10.0,3.48,0.736223,0.859,0.826,-11.9891,-1.4697
1514,2,4,2,10.0,11.1905,3.48,0.680958,0.823,0.817,-12.4481,-1.4183
1515,2,4,3,10.0,12.381,3.48,0.603592,0.783,0.808,-11.8219,-1.3952
1516,2,4,4,10.0,13.5714,3.44,0.485973,0.776,0.798,-11.2256,-1.2939
1517,2,4,5,10.0,14.7619,5.48,0.655092,2.811,0.81,-10.7002,-1.3
1518,2,4,6,10.0,15.9524,5.44,0.701065,2.89,0.812,-10.6466,-1.3006
1519,2,4,7,10.0,17.1429,5.44,0.696512,2.944,0.813,-10.7465,-1.3033
1520,2,4,8,10.0,18.3333,5.4,0.651487,3.015,0.812,-10.7618,-1.3056
1521,2,4,9,10.0,19.5238,5.36,0.546739,3.083,0.809,-10.7012,-1.3075
1522,2,4,10,10.0,20.7143,5.32,0.379423,3.145,0.803,-10.5239,-1.306
1523,2,4,11,10.0,21.9048,5.28,0.4000000000000003,3.2,0.796,-10.2706,-1.297
1524,2,4,12,10.0,23.0952,5.28,0.0,3.22,0.785,-9.9252,-1.3027
1525,2,4,13,10.0,24.2857,5.24,0.0,3.254,0.773,-9.5025,-1.3397
1526,2,4,14,10.0,25.4762,5.2,0.0,3.289,0.758,-9.0563,-1.3271
1527,2,4,15,10.0,26.6667,5.16,0.0,3.305,0.742,-8.5851,-1.3292
1528,2,4,16,10.0,27.8571,5.12,0.0,3.31,0.724,-8.0904,-1.3207
1529,2,4,17,10.0,29.0476,5.12,0.0,3.311,0.703,-7.6048,-1.2907
1530,2,4,18,10.0,30.2381,7.0,0.0,3.624,0.687,-7.1109,-1.2805
1531,2,4,19,10.0,31.4286,7.0,0.0,3.405,0.724,-7.6684,-1.2689
1532,2,4,20,10.0,32.619,7.0,0.054199,2.992,0.761,-8.9031,-1.2563
1533,2,4,21,10.0,33.8095,7.0,0.216756,2.699,0.791,-10.6225,-1.2266
1534,2,4,22,10.0,35.0,7.0,0.380741,3.052,0.809,-12.7094,-1.2182
1535,2,4,23,11.1364,10.0,3.36,0.654084,0.961,0.823,-14.8576,-1.2016
1536,2,4,24,11.1364,11.1905,3.32,0.607006,0.959,0.818,-12.0594,-1.3992
1537,2,4,25,11.1364,12.381,3.32,0.538477,0.929,0.809,-11.5586,-1.3673
1538,2,4,26,11.1364,13.5714,3.32,0.425675,0.896,0.8,-11.0846,-1.3707
1539,2,4,27,11.1364,14.7619,3.32,0.243932,0.864,0.791,-10.5849,-1.2619
1540,2,4,28,11.1364,15.9524,5.48,0.436298,2.845,0.805,-10.171,-1.2662
1541,2,4,29,11.1364,17.1429,5.48,0.521504,2.912,0.808,-10.2869,-1.2587
1542,2,4,30,11.1364,18.3333,5.44,0.536966,2.993,0.809,-10.4174,-1.2558
1543,2,4,31,11.1364,19.5238,5.4,0.482727,3.071,0.808,-10.4648,-1.2582
1544,2,4,32,11.1364,20.7143,5.36,0.364235,3.143,0.805,-10.3957,-1.2563
1545,2,4,33,11.1364,21.9048,5.36,0.3600000000000003,3.194,0.799,-10.2375,-1.2548
1546,2,4,34,11.1364,23.0952,5.32,0.0,3.251,0.791,-9.9891,-1.3037
1547,2,4,35,11.1364,24.2857,5.28,0.0,3.295,0.78,-9.6486,-1.32
1548,2,4,36,11.1364,25.4762,5.24,0.0,3.341,0.767,-9.2479,-1.3378
1549,2,4,37,11.1364,26.6667,5.2,0.0,3.39,0.753,-8.8067,-1.3336
1550,2,4,38,11.1364,27.8571,5.16,0.0,3.41,0.735,-8.3492,-1.3016
1551,2,4,39,11.1364,29.0476,7.0,0.0,3.61,0.686,-7.8584,-1.2911
1552,2,4,40,11.1364,30.2381,7.0,0.0,3.504,0.714,-7.5179,-1.2781
1553,2,4,41,11.1364,31.4286,7.0,0.0,3.243,0.746,-8.3993,-1.2644
1554,2,4,42,11.1364,32.619,7.0,0.118736,2.82,0.776,-9.6502,-1.2494
1555,2,4,43,11.1364,33.8095,7.0,0.275898,2.798,0.798,-11.2215,-1.2188
1556,2,4,44,11.1364,35.0,7.0,0.436906,3.106,0.811,-13.0279,-1.2019
1557,2,4,45,12.2727,10.0,3.2,0.602855,1.059,0.824,-14.5458,-1.193
1558,2,4,46,12.2727,11.1905,3.2,0.553917,1.039,0.818,-11.8553,-1.4165
1559,2,4,47,12.2727,12.381,3.2,0.485412,1.019,0.812,-11.3841,-1.3862
1560,2,4,48,12.2727,13.5714,3.2,0.396942,0.999,0.804,-10.9259,-1.2298
1561,2,4,49,12.2727,14.7619,3.2,0.233898,0.974,0.796,-10.5502,-1.2322
1562,2,4,50,12.2727,15.9524,5.52,0.2400000000000002,2.864,0.8,-10.1697,-1.2359
1563,2,4,51,12.2727,17.1429,5.52,0.341222,2.929,0.805,-9.939,-1.2422
1564,2,4,52,12.2727,18.3333,5.48,0.453754,3.012,0.808,-10.1599,-1.2407
1565,2,4,53,12.2727,19.5238,5.44,0.459343,3.093,0.809,-10.2881,-1.2393
1566,2,4,54,12.2727,20.7143,5.4,0.38546,3.169,0.807,-10.314,-1.2442
1567,2,4,55,12.2727,21.9048,5.36,0.179188,3.246,0.803,-10.2387,-1.2485
1568,2,4,56,12.2727,23.0952,5.32,0.1600000000000001,3.321,0.797,-10.0556,-1.2523
1569,2,4,57,12.2727,24.2857,5.28,0.0,3.37,0.787,-9.7912,-1.314
1570,2,4,58,12.2727,25.4762,5.28,0.0,3.414,0.776,-9.4256,-1.3272
1571,2,4,59,12.2727,26.6667,5.24,0.0,3.471,0.762,-9.0308,-1.331
1572,2,4,60,12.2727,27.8571,5.2,0.0,3.512,0.747,-8.5887,-1.3077
1573,2,4,61,12.2727,29.0476,7.0,0.0,3.564,0.709,-8.1282,-1.2941
1574,2,4,62,12.2727,30.2381,7.0,0.0,3.394,0.733,-8.1161,-1.2799
1575,2,4,63,12.2727,31.4286,7.0,0.024372,3.112,0.759,-9.0053,-1.268
1576,2,4,64,12.2727,32.619,7.0,0.183599,2.661,0.784,-10.2008,-1.2544
1577,2,4,65,12.2727,33.8095,7.0,0.343258,2.811,0.801,-11.6553,-1.2235
1578,2,4,66,12.2727,35.0,7.0,0.501748,3.112,0.81,-13.1132,-1.2085
1579,2,4,67,13.4091,10.0,3.08,0.563888,1.129,0.825,-14.1498,-1.1913
1580,2,4,68,13.4091,11.1905,3.08,0.522888,1.117,0.82,-11.7175,-1.4501
1581,2,4,69,13.4091,12.381,3.08,0.470405,1.106,0.815,-11.309,-1.3904
1582,2,4,70,13.4091,13.5714,3.08,0.379631,1.081,0.808,-10.9296,-1.266
1583,2,4,71,13.4091,14.7619,7.0,0.121109,3.08,0.789,-10.5387,-1.2445
1584,2,4,72,13.4091,15.9524,7.0,0.161452,3.127,0.787,-10.2252,-1.2337
1585,2,4,73,13.4091,17.1429,5.6,0.2000000000000001,2.998,0.803,-10.1691,-1.244
1586,2,4,74,13.4091,18.3333,5.56,0.424421,3.057,0.807,-9.9995,-1.2528
1587,2,4,75,13.4091,19.5238,5.52,0.502281,3.138,0.81,-10.1942,-1.2819
1588,2,4,76,13.4091,20.7143,5.44,0.460322,3.226,0.81,-10.305,-1.2711
1589,2,4,77,13.4091,21.9048,5.4,0.321635,3.298,0.807,-10.2915,-1.2729
1590,2,4,78,13.4091,23.0952,5.36,0.3200000000000003,3.391,0.802,-10.1598,-1.2748
1591,2,4,79,13.4091,24.2857,5.32,0.0,3.455,0.794,-9.951,-1.3214
1592,2,4,80,13.4091,25.4762,5.28,0.0,3.504,0.784,-9.6295,-1.3277
1593,2,4,81,13.4091,26.6667,5.24,0.0,3.562,0.771,-9.2634,-1.3275
1594,2,4,82,13.4091,27.8571,5.2,0.0,3.609,0.756,-8.8379,-1.3215
1595,2,4,83,13.4091,29.0476,7.0,0.0,3.526,0.728,-8.3798,-1.3029
1596,2,4,84,13.4091,30.2381,7.0,0.0,3.334,0.749,-8.7084,-1.2895
1597,2,4,85,13.4091,31.4286,7.0,0.097264,3.042,0.771,-9.607,-1.2757
1598,2,4,86,13.4091,32.619,7.0,0.254273,2.639,0.792,-10.7358,-1.2616
1599,2,4,87,13.4091,33.8095,7.0,0.403625,2.823,0.804,-12.0189,-1.2233
1600,2,4,88,13.4091,35.0,7.0,0.557975,3.102,0.811,-13.1165,-1.2061
1601,2,4,89,14.5455,10.0,2.96,0.529665,1.193,0.826,-13.7723,-1.1885
1602,2,4,90,14.5455,11.1905,2.96,0.497355,1.185,0.823,-11.6023,-1.4546
1603,2,4,91,14.5455,12.381,2.96,0.446195,1.169,0.817,-11.2396,-1.2994
1604,2,4,92,14.5455,13.5714,7.0,0.255736,3.348,0.8,-10.8894,-1.2777
1605,2,4,93,14.5455,14.7619,7.0,0.404579,3.424,0.801,-10.6916,-1.2923
1606,2,4,94,14.5455,15.9524,6.96,0.540441,3.486,0.795,-10.7627,-1.2615
1607,2,4,95,14.5455,17.1429,6.8,0.603856,3.591,0.787,-10.5699,-1.2696
1608,2,4,96,14.5455,18.3333,5.64,0.620854,3.185,0.807,-10.1971,-1.2685
1609,2,4,97,14.5455,19.5238,5.56,0.672575,3.248,0.812,-10.2267,-1.336
1610,2,4,98,14.5455,20.7143,5.52,0.598757,3.315,0.813,-10.3889,-1.3276
1611,2,4,99,14.5455,21.9048,5.44,0.491121,3.386,0.812,-10.4072,-1.3115
1612,2,4,100,14.5455,23.0952,5.4,0.304439,3.481,0.807,-10.342,-1.3313
1613,2,4,101,14.5455,24.2857,5.36,0.2800000000000002,3.563,0.801,-10.1471,-1.325
1614,2,4,102,14.5455,25.4762,5.32,0.0,3.615,0.791,-9.8563,-1.3158
1615,2,4,103,14.5455,26.6667,5.28,0.0,3.681,0.779,-9.4881,-1.3147
1616,2,4,104,14.5455,27.8571,5.24,0.0,3.743,0.766,-9.0662,-1.3104
1617,2,4,105,14.5455,29.0476,7.0,0.0,3.547,0.744,-8.6221,-1.2957
1618,2,4,106,14.5455,30.2381,7.0,0.019044,3.348,0.764,-9.249,-1.2866
1619,2,4,107,14.5455,31.4286,7.0,0.169113,3.056,0.781,-10.1161,-1.2635
1620,2,4,108,14.5455,32.619,7.0,0.321458,2.659,0.796,-11.171,-1.255
1621,2,4,109,14.5455,33.8095,7.0,0.471916,2.805,0.805,-12.2068,-1.2238
1622,2,4,110,14.5455,35.0,6.96,0.627607,2.972,0.81,-13.0716,-1.2176
1623,2,4,111,15.6818,10.0,2.88,0.498342,1.23,0.826,-13.4011,-1.1808
1624,2,4,112,15.6818,11.1905,2.88,0.474361,1.223,0.822,-11.4946,-1.349
1625,2,4,113,15.6818,12.381,7.0,0.329747,3.717,0.809,-11.2042,-1.3336
1626,2,4,114,15.6818,13.5714,7.0,0.506121,3.795,0.812,-11.1427,-1.317
1627,2,4,115,15.6818,14.7619,6.96,0.713296,3.863,0.808,-11.2972,-1.3106
1628,2,4,116,15.6818,15.9524,6.76,0.952244,3.881,0.801,-11.1699,-1.3223
1629,2,4,117,15.6818,17.1429,6.56,1.427297,3.886,0.8,-10.8417,-1.2856
1630,2,4,118,15.6818,18.3333,5.76,1.353864,3.406,0.81,-10.5706,-1.2975
1631,2,4,119,15.6818,19.5238,5.64,1.013487,3.408,0.815,-10.4631,-1.365
1632,2,4,120,15.6818,20.7143,5.56,0.821811,3.458,0.817,-10.5654,-1.418
1633,2,4,121,15.6818,21.9048,5.48,0.661319,3.513,0.817,-10.6271,-1.3945
1634,2,4,122,15.6818,23.0952,5.44,0.51022,3.614,0.813,-10.5387,-1.3708
1635,2,4,123,15.6818,24.2857,5.36,0.235397,3.692,0.807,-10.3711,-1.3468
1636,2,4,124,15.6818,25.4762,5.32,0.2400000000000002,3.745,0.799,-10.0853,-1.3232
1637,2,4,125,15.6818,26.6667,5.28,0.0,3.813,0.788,-9.7291,-1.3068
1638,2,4,126,15.6818,27.8571,7.0,0.0,3.776,0.744,-9.3154,-1.2981
1639,2,4,127,15.6818,29.0476,7.0,0.0,3.613,0.759,-9.0657,-1.2799
1640,2,4,128,15.6818,30.2381,7.0,0.104005,3.391,0.775,-9.7679,-1.2798
1641,2,4,129,15.6818,31.4286,7.0,0.24824,3.12,0.789,-10.6004,-1.2569
1642,2,4,130,15.6818,32.619,7.0,0.395823,2.742,0.8,-11.5249,-1.2432
1643,2,4,131,15.6818,33.8095,7.0,0.545146,2.784,0.805,-12.3384,-1.2255
1644,2,4,132,15.6818,35.0,6.88,0.701773,2.796,0.808,-12.8312,-1.2091
1645,2,4,133,16.8182,10.0,2.76,0.471205,1.25,0.824,-13.0843,-1.1928
1646,2,4,134,16.8182,11.1905,7.0,0.384471,4.176,0.815,-11.4244,-1.3747
1647,2,4,135,16.8182,12.381,7.0,0.570833,4.227,0.818,-11.5662,-1.3619
1648,2,4,136,16.8182,13.5714,6.92,0.755101,4.233,0.815,-11.7867,-1.3503
1649,2,4,137,16.8182,14.7619,6.72,0.975612,4.225,0.815,-11.63,-1.3558
1650,2,4,138,16.8182,15.9524,6.52,1.254026,4.158,0.814,-11.4161,-1.3258
1651,2,4,139,16.8182,17.1429,6.32,1.504336,4.037,0.814,-11.1953,-1.3477
1652,2,4,140,16.8182,18.3333,5.92,1.382911,3.748,0.819,-10.9994,-1.3084
1653,2,4,141,16.8182,19.5238,5.72,1.18054,3.638,0.822,-10.8801,-1.3154
1654,2,4,142,16.8182,20.7143,5.6,1.003835,3.66,0.824,-10.9053,-1.4429
1655,2,4,143,16.8182,21.9048,5.52,0.831147,3.699,0.822,-10.9297,-1.4192
1656,2,4,144,16.8182,23.0952,5.44,0.668374,3.777,0.818,-10.8111,-1.399
1657,2,4,145,16.8182,24.2857,5.4,0.472492,3.85,0.812,-10.6049,-1.3752
1658,2,4,146,16.8182,25.4762,5.32,0.4400000000000004,3.897,0.805,-10.324,-1.3496
1659,2,4,147,16.8182,26.6667,5.28,0.0,3.965,0.794,-9.9657,-1.3223
1660,2,4,148,16.8182,27.8571,7.0,0.0,3.845,0.755,-9.5347,-1.307
1661,2,4,149,16.8182,29.0476,7.0,0.031682,3.677,0.768,-9.494,-1.2905
1662,2,4,150,16.8182,30.2381,7.0,0.18655,3.523,0.784,-10.1475,-1.2736
1663,2,4,151,16.8182,31.4286,7.0,0.329373,3.26,0.795,-10.9521,-1.2778
1664,2,4,152,16.8182,32.619,7.0,0.476796,2.914,0.802,-11.7296,-1.2639
1665,2,4,153,16.8182,33.8095,6.92,0.627463,2.723,0.804,-12.3236,-1.2488
1666,2,4,154,16.8182,35.0,6.84,0.785208,2.744,0.805,-12.6324,-1.2344
1667,2,4,155,17.9545,10.0,7.0,0.460767,4.63,0.817,-12.847,-1.2191
1668,2,4,156,17.9545,11.1905,6.96,0.629959,4.637,0.819,-12.0143,-1.3858
1669,2,4,157,17.9545,12.381,6.84,0.793746,4.61,0.819,-12.0806,-1.3833
1670,2,4,158,17.9545,13.5714,6.64,0.975455,4.522,0.823,-11.9556,-1.38
1671,2,4,159,17.9545,14.7619,6.48,1.18322,4.418,0.825,-11.8453,-1.383
1672,2,4,160,17.9545,15.9524,6.32,1.40857,4.322,0.825,-11.7033,-1.3556
1673,2,4,161,17.9545,17.1429,6.12,1.468001,4.143,0.824,-11.6161,-1.3487
1674,2,4,162,17.9545,18.3333,5.92,1.357344,3.992,0.828,-11.4873,-1.3668
1675,2,4,163,17.9545,19.5238,5.72,1.220131,3.9,0.831,-11.4004,-1.416
1676,2,4,164,17.9545,20.7143,5.6,1.082261,3.881,0.832,-11.3482,-1.4538
1677,2,4,165,17.9545,21.9048,5.52,0.950218,3.917,0.829,-11.2685,-1.4289
1678,2,4,166,17.9545,23.0952,5.44,0.797737,3.977,0.825,-11.1335,-1.4053
1679,2,4,167,17.9545,24.2857,5.4,0.616543,4.035,0.818,-10.8813,-1.4059
1680,2,4,168,17.9545,25.4762,5.32,0.342689,4.064,0.81,-10.5529,-1.3671
1681,2,4,169,17.9545,26.6667,5.28,0.3200000000000003,4.131,0.799,-10.1688,-1.3422
1682,2,4,170,17.9545,27.8571,7.0,0.0,3.948,0.765,-9.7406,-1.3278
1683,2,4,171,17.9545,29.0476,7.0,0.126464,3.797,0.778,-9.8963,-1.3029
1684,2,4,172,17.9545,30.2381,7.0,0.270819,3.619,0.789,-10.5166,-1.2968
1685,2,4,173,17.9545,31.4286,7.0,0.408798,3.375,0.796,-11.1806,-1.2816
1686,2,4,174,17.9545,32.619,6.96,0.554605,3.056,0.799,-11.7177,-1.2665
1687,2,4,175,17.9545,33.8095,6.84,0.711102,2.801,0.801,-12.0713,-1.2505
1688,2,4,176,17.9545,35.0,6.76,0.869725,2.666,0.804,-12.3252,-1.2349
1689,2,4,177,19.0909,10.0,6.8,0.710912,4.93,0.819,-12.5553,-1.2221
1690,2,4,178,19.0909,11.1905,6.68,0.850286,4.849,0.823,-12.2111,-1.4133
1691,2,4,179,19.0909,12.381,6.56,1.007147,4.784,0.828,-12.1719,-1.3805
1692,2,4,180,19.0909,13.5714,6.4,1.17283,4.667,0.832,-12.1691,-1.3753
1693,2,4,181,19.0909,14.7619,6.28,1.352353,4.563,0.832,-12.1157,-1.4095
1694,2,4,182,19.0909,15.9524,6.16,1.392844,4.461,0.832,-12.0957,-1.4065
1695,2,4,183,19.0909,17.1429,6.0,1.368957,4.329,0.834,-11.9989,-1.3876
1696,2,4,184,19.0909,18.3333,5.84,1.309837,4.219,0.837,-11.9284,-1.3757
1697,2,4,185,19.0909,19.5238,5.72,1.230998,4.167,0.839,-11.8668,-1.4843
1698,2,4,186,19.0909,20.7143,5.6,1.134015,4.133,0.838,-11.7842,-1.4691
1699,2,4,187,19.0909,21.9048,5.52,1.009898,4.172,0.836,-11.6641,-1.4494
1700,2,4,188,19.0909,23.0952,5.44,0.886936,4.196,0.83,-11.4279,-1.3999
1701,2,4,189,19.0909,24.2857,5.36,0.749533,4.218,0.824,-11.1349,-1.3969
1702,2,4,190,19.0909,25.4762,5.32,0.529592,4.268,0.815,-10.8029,-1.383
1703,2,4,191,19.0909,26.6667,5.28,0.5200000000000005,4.322,0.805,-10.3903,-1.3618
1704,2,4,192,19.0909,27.8571,7.0,0.071372,4.032,0.774,-9.9405,-1.3313
1705,2,4,193,19.0909,29.0476,7.0,0.223235,3.852,0.783,-10.2274,-1.3235
1706,2,4,194,19.0909,30.2381,7.0,0.364138,3.692,0.791,-10.753,-1.3146
1707,2,4,195,19.0909,31.4286,6.96,0.504856,3.484,0.796,-11.2414,-1.3021
1708,2,4,196,19.0909,32.619,6.88,0.651399,3.226,0.801,-11.5661,-1.2887
1709,2,4,197,19.0909,33.8095,6.76,0.805257,3.03,0.803,-11.8685,-1.2751
1710,2,4,198,19.0909,35.0,6.64,0.964915,2.833,0.806,-12.0963,-1.2611
1711,2,4,199,20.2273,10.0,6.52,0.932734,5.032,0.827,-12.3351,-1.2479
1712,2,4,200,20.2273,11.1905,6.44,1.053413,4.962,0.831,-12.3417,-1.4169
1713,2,4,201,20.2273,12.381,6.32,1.182967,4.852,0.834,-12.3487,-1.4142
1714,2,4,202,20.2273,13.5714,6.2,1.233878,4.749,0.836,-12.4055,-1.3989
1715,2,4,203,20.2273,14.7619,6.12,1.275451,4.688,0.838,-12.4102,-1.4301
1716,2,4,204,20.2273,15.9524,6.0,1.285063,4.585,0.84,-12.3995,-1.4212
1717,2,4,205,20.2273,17.1429,5.88,1.280484,4.497,0.843,-12.3478,-1.3918
1718,2,4,206,20.2273,18.3333,5.76,1.252106,4.409,0.844,-12.326,-1.3892
1719,2,4,207,20.2273,19.5238,5.64,1.201425,4.375,0.846,-12.226,-1.4815
1720,2,4,208,20.2273,20.7143,5.56,1.137155,4.387,0.844,-12.1148,-1.4509
1721,2,4,209,20.2273,21.9048,5.48,1.054143,4.389,0.84,-11.9255,-1.4415
1722,2,4,210,20.2273,23.0952,5.4,0.960867,4.397,0.835,-11.6448,-1.425
1723,2,4,211,20.2273,24.2857,5.36,0.822753,4.426,0.827,-11.3404,-1.4063
1724,2,4,212,20.2273,25.4762,5.28,0.626718,4.445,0.818,-10.9321,-1.3749
1725,2,4,213,20.2273,26.6667,5.24,0.149484,4.478,0.808,-10.5025,-1.358
1726,2,4,214,20.2273,27.8571,7.0,0.149067,4.067,0.778,-10.0262,-1.3555
1727,2,4,215,20.2273,29.0476,7.0,0.302688,3.922,0.785,-10.381,-1.3341
1728,2,4,216,20.2273,30.2381,6.96,0.448059,3.805,0.791,-10.8131,-1.3204
1729,2,4,217,20.2273,31.4286,6.88,0.589183,3.62,0.796,-11.1455,-1.3065
1730,2,4,218,20.2273,32.619,6.76,0.748342,3.428,0.799,-11.3992,-1.2924
1731,2,4,219,20.2273,33.8095,6.68,0.910245,3.242,0.802,-11.6569,-1.277
1732,2,4,220,20.2273,35.0,6.56,1.066434,3.078,0.805,-11.8717,-1.2626
1733,2,4,221,21.3636,10.0,6.28,0.983339,5.056,0.831,-12.0771,-1.2479
1734,2,4,222,21.3636,11.1905,6.2,1.035727,4.966,0.834,-12.4988,-1.413
1735,2,4,223,21.3636,12.381,6.12,1.097976,4.907,0.839,-12.5198,-1.4367
1736,2,4,224,21.3636,13.5714,6.04,1.146579,4.846,0.842,-12.6273,-1.4283
1737,2,4,225,21.3636,14.7619,5.96,1.185848,4.784,0.844,-12.6535,-1.4312
1738,2,4,226,21.3636,15.9524,5.84,1.205697,4.686,0.848,-12.6487,-1.424
1739,2,4,227,21.3636,17.1429,5.76,1.213898,4.662,0.849,-12.6223,-1.418
1740,2,4,228,21.3636,18.3333,5.64,1.201068,4.598,0.85,-12.5871,-1.4031
1741,2,4,229,21.3636,19.5238,5.56,1.175297,4.59,0.85,-12.4531,-1.4965
1742,2,4,230,21.3636,20.7143,5.48,1.132867,4.573,0.847,-12.2889,-1.464
1743,2,4,231,21.3636,21.9048,5.4,1.077554,4.563,0.843,-12.0347,-1.4449
1744,2,4,232,21.3636,23.0952,5.36,1.002305,4.58,0.836,-11.7429,-1.4275
1745,2,4,233,21.3636,24.2857,5.32,0.879727,4.614,0.828,-11.3969,-1.3938
1746,2,4,234,21.3636,25.4762,5.24,0.692482,4.609,0.82,-10.9684,-1.3774
1747,2,4,235,21.3636,26.6667,7.0,0.057149,4.193,0.772,-10.5199,-1.3721
1748,2,4,236,21.3636,27.8571,7.0,0.236027,4.11,0.78,-10.1122,-1.3598
1749,2,4,237,21.3636,29.0476,7.0,0.382356,3.994,0.785,-10.4895,-1.3372
1750,2,4,238,21.3636,30.2381,6.88,0.530148,3.921,0.791,-10.7536,-1.3222
1751,2,4,239,21.3636,31.4286,6.8,0.687774,3.735,0.794,-11.0132,-1.3069
1752,2,4,240,21.3636,32.619,6.68,0.850919,3.6,0.798,-11.1973,-1.3138
1753,2,4,241,21.3636,33.8095,6.6,1.018572,3.447,0.801,-11.4233,-1.3016
1754,2,4,242,21.3636,35.0,6.48,1.159014,3.325,0.805,-11.6417,-1.2629
1755,2,4,243,22.5,10.0,6.08,0.915402,5.093,0.835,-11.8537,-1.2491
1756,2,4,244,22.5,11.1905,6.04,0.965761,5.057,0.838,-12.5842,-1.4438
1757,2,4,245,22.5,12.381,5.96,1.027747,5.013,0.843,-12.6061,-1.464
1758,2,4,246,22.5,13.5714,5.88,1.073746,4.956,0.847,-12.7309,-1.4517
1759,2,4,247,22.5,14.7619,5.8,1.106627,4.899,0.85,-12.7515,-1.4529
1760,2,4,248,22.5,15.9524,5.72,1.143299,4.861,0.852,-12.7184,-1.4401
1761,2,4,249,22.5,17.1429,5.64,1.156089,4.822,0.852,-12.7278,-1.4303
1762,2,4,250,22.5,18.3333,5.56,1.16498,4.791,0.852,-12.6148,-1.5032
1763,2,4,251,22.5,19.5238,5.48,1.154931,4.762,0.85,-12.501,-1.4931
1764,2,4,252,22.5,20.7143,5.4,1.137288,4.731,0.847,-12.2783,-1.4661
1765,2,4,253,22.5,21.9048,5.36,1.098631,4.744,0.842,-12.0238,-1.4479
1766,2,4,254,22.5,23.0952,5.28,1.03396,4.736,0.836,-11.696,-1.4316
1767,2,4,255,22.5,24.2857,5.24,0.936238,4.752,0.828,-11.3096,-1.4005
1768,2,4,256,22.5,25.4762,5.2,0.729545,4.754,0.818,-10.9011,-1.3836
1769,2,4,257,22.5,26.6667,7.0,0.143533,4.229,0.775,-10.4394,-1.3682
1770,2,4,258,22.5,27.8571,7.0,0.306893,4.139,0.78,-10.2526,-1.3679
1771,2,4,259,22.5,29.0476,6.92,0.465849,4.098,0.785,-10.509,-1.3552
1772,2,4,260,22.5,30.2381,6.8,0.627522,4.005,0.79,-10.6741,-1.3428
1773,2,4,261,22.5,31.4286,6.68,0.79473,3.881,0.794,-10.8665,-1.3306
1774,2,4,262,22.5,32.619,6.56,0.965128,3.809,0.798,-11.063,-1.3183
1775,2,4,263,22.5,33.8095,6.48,1.10817,3.681,0.802,-11.2545,-1.3057
1776,2,4,264,22.5,35.0,6.36,1.152024,3.623,0.807,-11.4782,-1.2935
1777,2,4,265,23.6364,10.0,5.92,0.861322,5.144,0.838,-11.7082,-1.2804
1778,2,4,266,23.6364,11.1905,5.84,0.912736,5.097,0.843,-12.4955,-1.4756
1779,2,4,267,23.6364,12.381,5.8,0.969164,5.082,0.846,-12.5569,-1.4956
1780,2,4,268,23.6364,13.5714,5.72,1.015328,5.03,0.849,-12.6372,-1.4783
1781,2,4,269,23.6364,14.7619,5.64,1.057204,4.988,0.851,-12.6429,-1.4769
1782,2,4,270,23.6364,15.9524,5.6,1.097708,4.98,0.851,-12.6503,-1.4627
1783,2,4,271,23.6364,17.1429,5.52,1.117631,4.932,0.851,-12.6151,-1.4468
1784,2,4,272,23.6364,18.3333,5.44,1.138981,4.895,0.851,-12.472,-1.4369
1785,2,4,273,23.6364,19.5238,5.4,1.149005,4.888,0.848,-12.3224,-1.4959
1786,2,4,274,23.6364,20.7143,5.32,1.151948,4.882,0.845,-12.1065,-1.4737
1787,2,4,275,23.6364,21.9048,5.24,1.122138,4.849,0.84,-11.8505,-1.4494
1788,2,4,276,23.6364,23.0952,5.2,1.088544,4.851,0.833,-11.4824,-1.4252
1789,2,4,277,23.6364,24.2857,5.12,1.003049,4.794,0.826,-11.1314,-1.4119
1790,2,4,278,23.6364,25.4762,5.08,0.773814,4.764,0.816,-10.722,-1.3983
1791,2,4,279,23.6364,26.6667,7.0,0.225542,4.267,0.778,-10.2846,-1.3855
1792,2,4,280,23.6364,27.8571,6.96,0.4019,4.208,0.782,-10.3235,-1.372
1793,2,4,281,23.6364,29.0476,6.84,0.55455,4.17,0.783,-10.4823,-1.3579
1794,2,4,282,23.6364,30.2381,6.72,0.734083,4.078,0.787,-10.6352,-1.3616
1795,2,4,283,23.6364,31.4286,6.6,0.913714,3.995,0.792,-10.7753,-1.352
1796,2,4,284,23.6364,32.619,6.48,1.057952,3.957,0.799,-10.9206,-1.3424
1797,2,4,285,23.6364,33.8095,6.36,1.117217,3.893,0.805,-11.1315,-1.3323
1798,2,4,286,23.6364,35.0,6.24,1.139513,3.89,0.81,-11.3488,-1.3228
1799,2,4,287,24.7727,10.0,5.72,0.820738,5.144,0.839,-11.6216,-1.3134
1800,2,4,288,24.7727,11.1905,5.68,0.872774,5.134,0.843,-12.2687,-1.506
1801,2,4,289,24.7727,12.381,5.64,0.924911,5.117,0.845,-12.3335,-1.464
1802,2,4,290,24.7727,13.5714,5.56,0.973249,5.072,0.847,-12.3713,-1.4764
1803,2,4,291,24.7727,14.7619,5.52,1.025297,5.06,0.848,-12.3754,-1.4955
1804,2,4,292,24.7727,15.9524,5.44,1.065664,5.018,0.849,-12.3829,-1.4777
1805,2,4,293,24.7727,17.1429,5.4,1.104217,5.026,0.848,-12.2941,-1.4443
1806,2,4,294,24.7727,18.3333,5.32,1.13526,4.998,0.847,-12.1887,-1.4349
1807,2,4,295,24.7727,19.5238,5.28,1.162952,5.004,0.845,-12.0203,-1.4965
1808,2,4,296,24.7727,20.7143,5.2,1.174996,4.954,0.841,-11.8001,-1.457
1809,2,4,297,24.7727,21.9048,5.12,1.176162,4.89,0.836,-11.5242,-1.4494
1810,2,4,298,24.7727,23.0952,5.04,1.153133,4.799,0.83,-11.2131,-1.4353
1811,2,4,299,24.7727,24.2857,2.44,0.474427,1.449,0.824,-10.8705,-1.4214
1812,2,4,300,24.7727,25.4762,2.44,0.483217,1.459,0.823,-10.5493,-1.4101
1813,2,4,301,24.7727,26.6667,2.48,0.488625,1.484,0.821,-10.4856,-1.3996
1814,2,4,302,24.7727,27.8571,6.88,0.479886,4.308,0.781,-10.4231,-1.3898
1815,2,4,303,24.7727,29.0476,6.76,0.663632,4.245,0.784,-10.4683,-1.379
1816,2,4,304,24.7727,30.2381,6.64,0.857747,4.166,0.789,-10.5633,-1.3688
1817,2,4,305,24.7727,31.4286,6.52,0.990175,4.128,0.793,-10.6915,-1.3592
1818,2,4,306,24.7727,32.619,6.36,1.072667,4.122,0.799,-10.8505,-1.3613
1819,2,4,307,24.7727,33.8095,6.24,1.10971,4.11,0.806,-11.0407,-1.3538
1820,2,4,308,24.7727,35.0,6.12,1.10918,4.133,0.813,-11.2887,-1.3469
1821,2,4,309,25.9091,10.0,5.56,0.783721,5.156,0.835,-11.5746,-1.3399
1822,2,4,310,25.9091,11.1905,5.52,0.837757,5.154,0.839,-11.8769,-1.5315
1823,2,4,311,25.9091,12.381,5.48,0.888845,5.137,0.84,-11.9228,-1.4842
1824,2,4,312,25.9091,13.5714,5.4,0.943962,5.106,0.843,-11.9594,-1.495
1825,2,4,313,25.9091,14.7619,5.36,0.998803,5.109,0.844,-11.9638,-1.5121
1826,2,4,314,25.9091,15.9524,5.32,1.045911,5.109,0.844,-11.947,-1.4927
1827,2,4,315,25.9091,17.1429,5.24,1.100864,5.07,0.844,-11.8528,-1.4583
1828,2,4,316,25.9091,18.3333,5.16,1.146245,5.004,0.842,-11.7674,-1.4864
1829,2,4,317,25.9091,19.5238,5.08,1.177847,4.926,0.841,-11.6342,-1.4923
1830,2,4,318,25.9091,20.7143,4.96,1.208865,4.746,0.839,-11.4219,-1.4574
1831,2,4,319,25.9091,21.9048,4.84,1.225719,4.498,0.837,-11.2187,-1.4505
1832,2,4,320,25.9091,23.0952,2.36,0.518299,1.456,0.832,-11.0054,-1.4366
1833,2,4,321,25.9091,24.2857,2.36,0.549651,1.467,0.832,-10.8104,-1.4273
1834,2,4,322,25.9091,25.4762,2.4,0.578074,1.492,0.83,-10.7774,-1.4164
1835,2,4,323,25.9091,26.6667,2.44,0.619421,1.521,0.828,-10.7294,-1.4055
1836,2,4,324,25.9091,27.8571,2.44,0.673057,1.533,0.827,-10.6813,-1.395
1837,2,4,325,25.9091,29.0476,2.48,0.769123,1.565,0.826,-10.6201,-1.3948
1838,2,4,326,25.9091,30.2381,6.52,0.926611,4.289,0.791,-10.568,-1.3875
1839,2,4,327,25.9091,31.4286,6.4,1.024391,4.266,0.795,-10.6576,-1.3801
1840,2,4,328,25.9091,32.619,6.24,1.078977,4.294,0.803,-10.7897,-1.3728
1841,2,4,329,25.9091,33.8095,6.12,1.086181,4.331,0.81,-11.025,-1.3655
1842,2,4,330,25.9091,35.0,6.0,1.067357,4.368,0.816,-11.2982,-1.3583
1843,2,4,331,27.0455,10.0,5.36,0.748297,5.152,0.831,-11.5917,-1.3516
1844,2,4,332,27.0455,11.1905,5.32,0.806476,5.153,0.835,-11.4059,-1.5331
1845,2,4,333,27.0455,12.381,5.28,0.85552,5.137,0.836,-11.4581,-1.5056
1846,2,4,334,27.0455,13.5714,5.2,0.917673,5.082,0.838,-11.4814,-1.5054
1847,2,4,335,27.0455,14.7619,5.16,0.97223,5.061,0.839,-11.5188,-1.5061
1848,2,4,336,27.0455,15.9524,5.08,1.025856,4.975,0.841,-11.4892,-1.4847
1849,2,4,337,27.0455,17.1429,5.0,1.078926,4.871,0.841,-11.4608,-1.4697
1850,2,4,338,27.0455,18.3333,4.92,1.13326,4.746,0.842,-11.4161,-1.4567
1851,2,4,339,27.0455,19.5238,4.8,1.165141,4.472,0.843,-11.3726,-1.48
1852,2,4,340,27.0455,20.7143,4.72,1.176182,4.286,0.844,-11.2667,-1.4657
1853,2,4,341,27.0455,21.9048,4.6,1.085318,3.959,0.845,-11.191,-1.4532
1854,2,4,342,27.0455,23.0952,2.28,0.561726,1.456,0.837,-11.0865,-1.441
1855,2,4,343,27.0455,24.2857,2.32,0.598439,1.483,0.835,-11.0199,-1.4351
1856,2,4,344,27.0455,25.4762,2.36,0.652927,1.514,0.834,-10.9837,-1.4273
1857,2,4,345,27.0455,26.6667,2.36,0.732574,1.528,0.834,-10.9567,-1.4198
1858,2,4,346,27.0455,27.8571,2.4,0.88829,1.562,0.833,-10.9327,-1.412
1859,2,4,347,27.0455,29.0476,2.44,2.162869,1.598,0.832,-10.8982,-1.4047
1860,2,4,348,27.0455,30.2381,2.48,2.027407,1.636,0.832,-10.8572,-1.3971
1861,2,4,349,27.0455,31.4286,6.24,1.057002,4.435,0.801,-10.8204,-1.3898
1862,2,4,350,27.0455,32.619,6.12,1.053999,4.474,0.807,-10.8359,-1.3831
1863,2,4,351,27.0455,33.8095,6.0,1.045959,4.522,0.813,-11.0497,-1.3757
1864,2,4,352,27.0455,35.0,5.92,1.031134,4.533,0.819,-11.3238,-1.3784
1865,2,4,353,28.1818,10.0,2.08,0.312382,1.275,0.835,-11.6412,-1.3735
1866,2,4,354,28.1818,11.1905,2.08,0.32741,1.292,0.838,-11.3531,-1.4373
1867,2,4,355,28.1818,12.381,2.08,0.346774,1.3,0.838,-11.3527,-1.5261
1868,2,4,356,28.1818,13.5714,4.96,0.842466,4.82,0.838,-11.3382,-1.5104
1869,2,4,357,28.1818,14.7619,4.88,0.886614,4.667,0.841,-11.3551,-1.5131
1870,2,4,358,28.1818,15.9524,4.84,0.933486,4.618,0.844,-11.3637,-1.4923
1871,2,4,359,28.1818,17.1429,4.76,0.946415,4.432,0.847,-11.4472,-1.4773
1872,2,4,360,28.1818,18.3333,4.68,0.958251,4.242,0.85,-11.433,-1.4617
1873,2,4,361,28.1818,19.5238,4.6,0.929698,4.052,0.852,-11.4548,-1.4562
1874,2,4,362,28.1818,20.7143,4.52,0.91933,3.852,0.854,-11.4548,-1.4641
1875,2,4,363,28.1818,21.9048,4.44,0.9065,3.626,0.854,-11.4669,-1.4571
1876,2,4,364,28.1818,23.0952,4.36,0.924165,3.38,0.854,-11.4115,-1.4498
1877,2,4,365,28.1818,24.2857,4.28,0.962557,3.101,0.854,-11.3886,-1.4421
1878,2,4,366,28.1818,25.4762,4.2,1.027129,2.839,0.852,-11.3655,-1.434
1879,2,4,367,28.1818,26.6667,4.08,1.154442,2.536,0.851,-11.3268,-1.4264
1880,2,4,368,28.1818,27.8571,3.96,2.346543,2.402,0.851,-11.2985,-1.4194
1881,2,4,369,28.1818,29.0476,3.88,2.238057,2.424,0.852,-11.2646,-1.4178
1882,2,4,370,28.1818,30.2381,3.76,2.126378,2.472,0.853,-11.2598,-1.4127
1883,2,4,371,28.1818,31.4286,3.64,2.017635,2.502,0.854,-11.2281,-1.4079
1884,2,4,372,28.1818,32.619,3.52,1.903405,2.484,0.852,-11.2229,-1.403
1885,2,4,373,28.1818,33.8095,5.92,1.006279,4.649,0.817,-11.2058,-1.398
1886,2,4,374,28.1818,35.0,5.84,0.991078,4.686,0.821,-11.3935,-1.3934
1887,2,4,375,29.3182,10.0,2.0,0.305141,1.191,0.823,-11.7073,-1.3887
1888,2,4,376,29.3182,11.1905,2.04,0.322493,1.236,0.828,-11.374,-1.472
1889,2,4,377,29.3182,12.381,4.8,0.619983,4.506,0.841,-11.4092,-1.54
1890,2,4,378,29.3182,13.5714,4.76,0.660546,4.447,0.846,-11.4895,-1.5178
1891,2,4,379,29.3182,14.7619,4.72,0.694801,4.384,0.849,-11.5735,-1.4968
1892,2,4,380,29.3182,15.9524,4.64,0.729576,4.196,0.854,-11.6298,-1.5032
1893,2,4,381,29.3182,17.1429,4.6,0.751268,4.13,0.856,-11.7282,-1.4889
1894,2,4,382,29.3182,18.3333,4.52,0.784121,3.93,0.859,-11.7692,-1.4693
1895,2,4,383,29.3182,19.5238,4.48,0.824893,3.858,0.86,-11.81,-1.4682
1896,2,4,384,29.3182,20.7143,4.4,0.855792,3.627,0.862,-11.8682,-1.468
1897,2,4,385,29.3182,21.9048,4.32,0.89802,3.373,0.863,-11.8642,-1.4598
1898,2,4,386,29.3182,23.0952,4.24,0.95168,3.095,0.863,-11.8841,-1.4518
1899,2,4,387,29.3182,24.2857,4.16,1.026621,2.861,0.863,-11.8865,-1.4476
1900,2,4,388,29.3182,25.4762,4.08,1.127988,2.683,0.862,-11.9072,-1.4428
1901,2,4,389,29.3182,26.6667,4.0,1.34044,2.578,0.861,-11.8938,-1.4382
1902,2,4,390,29.3182,27.8571,3.92,2.366342,2.56,0.862,-11.8523,-1.4337
1903,2,4,391,29.3182,29.0476,3.8,2.274874,2.584,0.865,-11.8708,-1.4294
1904,2,4,392,29.3182,30.2381,3.72,2.182101,2.637,0.866,-11.8507,-1.425
1905,2,4,393,29.3182,31.4286,3.64,2.088532,2.667,0.865,-11.8453,-1.4209
1906,2,4,394,29.3182,32.619,3.52,1.992826,2.634,0.864,-11.8381,-1.4166
1907,2,4,395,29.3182,33.8095,3.4,1.893866,2.571,0.861,-11.8019,-1.4124
1908,2,4,396,29.3182,35.0,5.8,0.947092,4.769,0.823,-11.7551,-1.4084
1909,2,4,397,30.4545,10.0,4.72,0.489979,4.309,0.844,-11.767,-1.4044
1910,2,4,398,30.4545,11.1905,4.68,0.518736,4.245,0.848,-11.9191,-1.4797
1911,2,4,399,30.4545,12.381,4.64,0.556756,4.197,0.853,-11.9038,-1.5454
1912,2,4,400,30.4545,13.5714,4.6,0.594282,4.136,0.857,-11.9929,-1.5424
1913,2,4,401,30.4545,14.7619,4.56,0.631952,4.072,0.859,-12.0419,-1.5063
1914,2,4,402,30.4545,15.9524,4.52,0.672102,4.009,0.862,-12.1269,-1.5081
1915,2,4,403,30.4545,17.1429,4.48,0.710863,3.932,0.864,-12.2191,-1.4881
1916,2,4,404,30.4545,18.3333,4.4,0.755231,3.712,0.867,-12.2669,-1.4825
1917,2,4,405,30.4545,19.5238,4.36,0.80881,3.617,0.869,-12.3316,-1.4749
1918,2,4,406,30.4545,20.7143,4.28,0.856093,3.359,0.871,-12.3937,-1.4663
1919,2,4,407,30.4545,21.9048,4.24,0.915296,3.251,0.871,-12.4153,-1.4621
1920,2,4,408,30.4545,23.0952,4.16,0.98639,3.019,0.871,-12.4609,-1.4572
1921,2,4,409,30.4545,24.2857,4.08,1.074018,2.839,0.871,-12.4924,-1.4545
1922,2,4,410,30.4545,25.4762,4.0,1.198537,2.729,0.872,-12.5166,-1.4509
1923,2,4,411,30.4545,26.6667,3.92,2.446773,2.7,0.873,-12.5064,-1.4473
1924,2,4,412,30.4545,27.8571,3.84,2.372665,2.723,0.875,-12.5003,-1.4438
1925,2,4,413,30.4545,29.0476,3.76,2.292815,2.762,0.876,-12.5129,-1.4404
1926,2,4,414,30.4545,30.2381,3.68,2.211208,2.793,0.877,-12.499,-1.4371
1927,2,4,415,30.4545,31.4286,3.6,2.129944,2.795,0.876,-12.5006,-1.4337
1928,2,4,416,30.4545,32.619,3.52,2.047158,2.775,0.874,-12.469,-1.4308
1929,2,4,417,30.4545,33.8095,3.4,1.961907,2.701,0.873,-12.4385,-1.4273
1930,2,4,418,30.4545,35.0,3.32,1.875568,2.661,0.871,-12.3994,-1.4241
1931,2,4,419,31.5909,10.0,4.6,0.480755,4.117,0.854,-12.3228,-1.421
1932,2,4,420,31.5909,11.1905,4.56,0.512616,4.052,0.858,-12.6257,-1.4981
1933,2,4,421,31.5909,12.381,4.52,0.546428,3.989,0.861,-12.6257,-1.5576
1934,2,4,422,31.5909,13.5714,4.48,0.581197,3.919,0.864,-12.6484,-1.5367
1935,2,4,423,31.5909,14.7619,4.44,0.621474,3.852,0.867,-12.6746,-1.5103
1936,2,4,424,31.5909,15.9524,4.4,0.660573,3.771,0.87,-12.7732,-1.5001
1937,2,4,425,31.5909,17.1429,4.36,0.70793,3.688,0.873,-12.811,-1.4945
1938,2,4,426,31.5909,18.3333,4.28,0.758246,3.457,0.877,-12.9083,-1.4889
1939,2,4,427,31.5909,19.5238,4.24,0.806398,3.355,0.877,-12.9603,-1.4831
1940,2,4,428,31.5909,20.7143,4.2,0.868191,3.266,0.878,-12.9725,-1.4667
1941,2,4,429,31.5909,21.9048,4.12,0.930112,3.055,0.879,-13.0709,-1.464
1942,2,4,430,31.5909,23.0952,4.08,1.009366,3.003,0.879,-13.0987,-1.4618
1943,2,4,431,31.5909,24.2857,4.0,1.101073,2.887,0.881,-13.1538,-1.4592
1944,2,4,432,31.5909,25.4762,3.92,1.246269,2.847,0.883,-13.1638,-1.4603
1945,2,4,433,31.5909,26.6667,3.88,2.434847,2.876,0.883,-13.1973,-1.4591
1946,2,4,434,31.5909,27.8571,3.8,2.366056,2.896,0.885,-13.2009,-1.4579
1947,2,4,435,31.5909,29.0476,3.72,2.296715,2.916,0.886,-13.2154,-1.4567
1948,2,4,436,31.5909,30.2381,3.64,2.227978,2.92,0.886,-13.1858,-1.4556
1949,2,4,437,31.5909,31.4286,3.56,2.153686,2.899,0.885,-13.1869,-1.4543
1950,2,4,438,31.5909,32.619,3.48,2.082971,2.865,0.884,-13.1587,-1.4528
1951,2,4,439,31.5909,33.8095,3.4,2.006555,2.823,0.883,-13.1425,-1.451
1952,2,4,440,31.5909,35.0,3.32,1.929816,2.788,0.882,-13.0773,-1.4494
1953,2,4,441,32.7273,10.0,4.48,0.483677,3.852,0.859,-13.0193,-1.4477
1954,2,4,442,32.7273,11.1905,4.44,0.514767,3.791,0.865,-13.4947,-1.5247
1955,2,4,443,32.7273,12.381,4.4,0.548498,3.734,0.87,-13.4385,-1.5793
1956,2,4,444,32.7273,13.5714,4.36,0.581985,3.668,0.874,-13.4449,-1.5537
1957,2,4,445,32.7273,14.7619,4.32,0.623585,3.611,0.878,-13.4082,-1.5181
1958,2,4,446,32.7273,15.9524,4.28,0.663015,3.532,0.88,-13.518,-1.5151
1959,2,4,447,32.7273,17.1429,4.24,0.711635,3.455,0.882,-13.5107,-1.5107
1960,2,4,448,32.7273,18.3333,4.2,0.762828,3.368,0.883,-13.6309,-1.5065
1961,2,4,449,32.7273,19.5238,4.16,0.812306,3.28,0.884,-13.6639,-1.4667
1962,2,4,450,32.7273,20.7143,4.08,0.87736,3.104,0.887,-13.6705,-1.4677
1963,2,4,451,32.7273,21.9048,4.04,0.940223,3.058,0.887,-13.7954,-1.4685
1964,2,4,452,32.7273,23.0952,4.0,1.019233,3.032,0.888,-13.8061,-1.4695
1965,2,4,453,32.7273,24.2857,3.92,1.118371,2.98,0.89,-13.8435,-1.4705
1966,2,4,454,32.7273,25.4762,3.84,1.27345,2.972,0.893,-13.9007,-1.471
1967,2,4,455,32.7273,26.6667,3.8,2.418263,3.005,0.893,-13.9413,-1.4716
1968,2,4,456,32.7273,27.8571,3.72,2.357023,3.015,0.895,-13.9533,-1.4721
1969,2,4,457,32.7273,29.0476,3.68,2.294655,3.042,0.894,-13.9509,-1.4723
1970,2,4,458,32.7273,30.2381,3.6,2.230277,3.027,0.894,-13.942,-1.4723
1971,2,4,459,32.7273,31.4286,3.52,2.167668,2.998,0.894,-13.9217,-1.4719
1972,2,4,460,32.7273,32.619,3.44,2.100163,2.962,0.893,-13.9067,-1.4718
1973,2,4,461,32.7273,33.8095,3.36,2.034596,2.925,0.893,-13.8511,-1.4712
1974,2,4,462,32.7273,35.0,3.28,1.967041,2.883,0.892,-13.8187,-1.4705
1975,2,4,463,33.8636,10.0,4.36,0.488009,3.627,0.871,-13.7315,-1.4694
1976,2,4,464,33.8636,11.1905,4.32,0.51809,3.571,0.876,-14.5089,-1.5553
1977,2,4,465,33.8636,12.381,4.28,0.552828,3.522,0.881,-14.3201,-1.5879
1978,2,4,466,33.8636,13.5714,4.28,0.5866,3.586,0.881,-14.2854,-1.5441
1979,2,4,467,33.8636,14.7619,4.24,0.625879,3.522,0.884,-14.2538,-1.5334
1980,2,4,468,33.8636,15.9524,4.2,0.666837,3.449,0.886,-14.2915,-1.532
1981,2,4,469,33.8636,17.1429,4.16,0.71443,3.382,0.888,-14.322,-1.5161
1982,2,4,470,33.8636,18.3333,4.12,0.764455,3.315,0.889,-14.3947,-1.5272
1983,2,4,471,33.8636,19.5238,4.08,0.817519,3.259,0.891,-14.3922,-1.4678
1984,2,4,472,33.8636,20.7143,4.0,0.876379,3.132,0.895,-14.4562,-1.4697
1985,2,4,473,33.8636,21.9048,3.96,0.944585,3.117,0.896,-14.5371,-1.4734
1986,2,4,474,33.8636,23.0952,3.92,1.022518,3.114,0.896,-14.5996,-1.4775
1987,2,4,475,33.8636,24.2857,3.84,1.125567,3.098,0.899,-14.6279,-1.4808
1988,2,4,476,33.8636,25.4762,3.8,1.276013,3.122,0.9,-14.7197,-1.4835
1989,2,4,477,33.8636,26.6667,3.72,2.396922,3.13,0.902,-14.7133,-1.486
1990,2,4,478,33.8636,27.8571,3.68,2.34347,3.156,0.902,-14.7594,-1.488
1991,2,4,479,33.8636,29.0476,3.6,2.2866,3.138,0.903,-14.7535,-1.4896
1992,2,4,480,33.8636,30.2381,3.56,2.22931,3.15,0.902,-14.766,-1.491
1993,2,4,481,33.8636,31.4286,3.48,2.173405,3.106,0.902,-14.7413,-1.4919
1994,2,4,482,33.8636,32.619,3.4,2.11153,3.058,0.902,-14.7043,-1.4928
1995,2,4,483,33.8636,33.8095,3.36,2.05217,3.056,0.901,-14.6431,-1.4928
1996,2,4,484,33.8636,35.0,3.28,1.990222,3.007,0.901,-14.5744,-1.4929
1997,2,4,485,35.0,10.0,4.24,0.49108,3.425,0.88,-14.4976,-1.493
1998,2,4,486,35.0,11.1905,4.24,0.52211,3.499,0.881,-15.5305,-1.5863
1999,2,4,487,35.0,12.381,4.2,0.553546,3.462,0.884,-15.3161,-1.5846
2000,2,4,488,35.0,13.5714,4.16,0.589375,3.414,0.888,-15.2397,-1.5498
2001,2,4,489,35.0,14.7619,4.12,0.627444,3.368,0.891,-15.1688,-1.541
2002,2,4,490,35.0,15.9524,4.12,0.669041,3.418,0.891,-15.1421,-1.5423
2003,2,4,491,35.0,17.1429,4.08,0.714094,3.371,0.894,-15.1601,-1.5391
2004,2,4,492,35.0,18.3333,4.04,0.763492,3.324,0.896,-15.2158,-1.5361
2005,2,4,493,35.0,19.5238,3.96,0.816981,3.225,0.9,-15.22,-1.4686
2006,2,4,494,35.0,20.7143,3.92,0.873322,3.214,0.901,-15.2896,-1.4765
2007,2,4,495,35.0,21.9048,3.88,0.941637,3.221,0.903,-15.3382,-1.4832
2008,2,4,496,35.0,23.0952,3.84,1.020636,3.232,0.904,-15.4517,-1.4897
2009,2,4,497,35.0,24.2857,3.8,1.122521,3.255,0.905,-15.5027,-1.4941
2010,2,4,498,35.0,25.4762,3.72,1.269,3.245,0.908,-15.5742,-1.4988
2011,2,4,499,35.0,26.6667,3.68,2.373968,3.269,0.909,-15.5813,-1.503
2012,2,4,500,35.0,27.8571,3.64,2.325679,3.283,0.909,-15.6352,-1.5067
2013,2,4,501,35.0,29.0476,3.56,2.274549,3.247,0.91,-15.6086,-1.5096
2014,2,4,502,35.0,30.2381,3.52,2.223827,3.248,0.91,-15.6432,-1.5124
2015,2,4,503,35.0,31.4286,3.44,2.168746,3.193,0.91,-15.582,-1.5144
2016,2,4,504,35.0,32.619,3.4,2.116371,3.188,0.909,-15.5219,-1.5161
2017,2,4,505,35.0,33.8095,3.32,2.060188,3.13,0.909,-15.4762,-1.5171
2018,2,4,506,35.0,35.0,3.24,2.004741,3.072,0.909,-15.4071,-1.518
2019,2,5,1,10.0,10.0,3.72,1.205404,0.852,0.836,-25.0393,-1.3289
2020,2,5,2,10.0,11.1905,5.56,3.663103,3.008,0.848,-13.6858,-1.4779
2021,2,5,3,10.0,12.381,5.52,3.635827,3.07,0.856,-14.2351,-1.4487
2022,2,5,4,10.0,13.5714,5.48,3.586426,3.125,0.86,-15.1555,-1.3513
2023,2,5,5,10.0,14.7619,5.4,3.49349,3.226,0.863,-15.7699,-1.3448
2024,2,5,6,10.0,15.9524,5.32,2.94347,3.329,0.863,-15.9922,-1.3167
2025,2,5,7,10.0,17.1429,5.24,1.843167,3.419,0.859,-15.6951,-1.2938
2026,2,5,8,10.0,18.3333,5.16,1.451463,3.472,0.852,-14.9962,-1.2725
2027,2,5,9,10.0,19.5238,5.08,1.160844,3.473,0.84,-14.0459,-1.2655
2028,2,5,10,10.0,20.7143,5.04,0.88631,3.441,0.824,-12.9482,-1.2771
2029,2,5,11,10.0,21.9048,5.0,0.565864,3.397,0.806,-11.8514,-1.2877
2030,2,5,12,10.0,23.0952,4.96,0.5600000000000005,3.329,0.784,-10.784,-1.2876
2031,2,5,13,10.0,24.2857,4.92,0.0,3.239,0.758,-9.7834,-1.2813
2032,2,5,14,10.0,25.4762,4.84,0.0,3.069,0.73,-8.855,-1.2741
2033,2,5,15,10.0,26.6667,4.8,0.0,2.909,0.698,-8.0084,-1.2652
2034,2,5,16,10.0,27.8571,4.76,0.0,2.727,0.665,-7.2341,-1.2548
2035,2,5,17,10.0,29.0476,4.72,0.0,2.509,0.629,-6.5294,-1.2199
2036,2,5,18,10.0,30.2381,4.68,0.0,2.26,0.591,-5.8869,-1.2068
2037,2,5,19,10.0,31.4286,7.0,0.0,2.69,0.611,-5.3067,-1.1925
2038,2,5,20,10.0,32.619,7.0,0.0,2.335,0.667,-6.1356,-1.1765
2039,2,5,21,10.0,33.8095,7.0,0.0,2.119,0.721,-7.4345,-1.1488
2040,2,5,22,10.0,35.0,7.0,0.106808,2.516,0.766,-9.1395,-1.1331
2041,2,5,23,11.1364,10.0,3.56,0.953033,0.854,0.835,-11.3009,-1.1161
2042,2,5,24,11.1364,11.1905,7.0,2.147895,3.183,0.835,-13.2041,-1.4496
2043,2,5,25,11.1364,12.381,7.0,2.316613,3.23,0.839,-14.5655,-1.3628
2044,2,5,26,11.1364,13.5714,5.52,2.511716,3.171,0.859,-15.1528,-1.3496
2045,2,5,27,11.1364,14.7619,5.44,2.717812,3.243,0.864,-15.3589,-1.3477
2046,2,5,28,11.1364,15.9524,5.36,2.597162,3.347,0.865,-15.9841,-1.3356
2047,2,5,29,11.1364,17.1429,5.28,2.06177,3.443,0.864,-16.0258,-1.3268
2048,2,5,30,11.1364,18.3333,5.2,1.60721,3.512,0.858,-15.5552,-1.3054
2049,2,5,31,11.1364,19.5238,5.12,1.297477,3.547,0.849,-14.6982,-1.2909
2050,2,5,32,11.1364,20.7143,5.04,1.030544,3.525,0.835,-13.6285,-1.2705
2051,2,5,33,11.1364,21.9048,5.0,0.747202,3.479,0.818,-12.4853,-1.2715
2052,2,5,34,11.1364,23.0952,4.92,0.335808,3.385,0.797,-11.3537,-1.279
2053,2,5,35,11.1364,24.2857,4.88,0.3600000000000003,3.29,0.772,-10.2771,-1.2794
2054,2,5,36,11.1364,25.4762,4.84,0.0,3.165,0.744,-9.2863,-1.2702
2055,2,5,37,11.1364,26.6667,4.8,0.0,3.016,0.714,-8.3753,-1.2593
2056,2,5,38,11.1364,27.8571,4.72,0.0,2.749,0.679,-7.5503,-1.225
2057,2,5,39,11.1364,29.0476,4.68,0.0,2.528,0.643,-6.7972,-1.2107
2058,2,5,40,11.1364,30.2381,4.6,0.0,2.165,0.605,-6.1208,-1.1953
2059,2,5,41,11.1364,31.4286,7.0,0.0,2.619,0.628,-5.5113,-1.1791
2060,2,5,42,11.1364,32.619,7.0,0.0,2.269,0.679,-6.4208,-1.1617
2061,2,5,43,11.1364,33.8095,7.0,0.0,2.221,0.728,-7.641,-1.1358
2062,2,5,44,11.1364,35.0,7.0,0.107545,2.585,0.768,-9.2182,-1.1186
2063,2,5,45,12.2727,10.0,7.0,1.800092,3.296,0.832,-11.1821,-1.1009
2064,2,5,46,12.2727,11.1905,7.0,1.984216,3.405,0.85,-13.8178,-1.338
2065,2,5,47,12.2727,12.381,7.0,2.158265,3.477,0.852,-16.7671,-1.3232
2066,2,5,48,12.2727,13.5714,6.68,2.328197,3.736,0.841,-17.4368,-1.3546
2067,2,5,49,12.2727,14.7619,5.52,2.488989,3.323,0.867,-15.8716,-1.3576
2068,2,5,50,12.2727,15.9524,5.4,2.505563,3.406,0.87,-16.3593,-1.3499
2069,2,5,51,12.2727,17.1429,5.32,2.176862,3.496,0.869,-16.7066,-1.3435
2070,2,5,52,12.2727,18.3333,5.2,1.776775,3.583,0.865,-16.3986,-1.338
2071,2,5,53,12.2727,19.5238,5.12,1.451676,3.623,0.857,-15.5916,-1.3272
2072,2,5,54,12.2727,20.7143,5.04,1.180652,3.618,0.846,-14.4744,-1.3036
2073,2,5,55,12.2727,21.9048,4.96,0.911368,3.553,0.83,-13.2479,-1.2756
2074,2,5,56,12.2727,23.0952,4.92,0.584332,3.481,0.81,-12.0039,-1.2602
2075,2,5,57,12.2727,24.2857,4.84,0.6000000000000005,3.333,0.785,-10.8276,-1.2652
2076,2,5,58,12.2727,25.4762,4.8,0.0,3.203,0.758,-9.7437,-1.2663
2077,2,5,59,12.2727,26.6667,4.76,0.0,3.047,0.727,-8.767,-1.253
2078,2,5,60,12.2727,27.8571,4.68,0.0,2.767,0.694,-7.8796,-1.216
2079,2,5,61,12.2727,29.0476,4.6,0.0,2.434,0.658,-7.0784,-1.1993
2080,2,5,62,12.2727,30.2381,4.52,0.0,2.048,0.62,-6.3617,-1.1821
2081,2,5,63,12.2727,31.4286,7.0,0.0,2.57,0.641,-5.7303,-1.1644
2082,2,5,64,12.2727,32.619,7.0,0.0,2.241,0.688,-6.6523,-1.1462
2083,2,5,65,12.2727,33.8095,7.0,0.0,2.299,0.732,-7.7897,-1.1218
2084,2,5,66,12.2727,35.0,7.0,0.107259,2.647,0.77,-9.2626,-1.1036
2085,2,5,67,13.4091,10.0,7.0,1.583422,3.55,0.845,-11.0736,-1.0857
2086,2,5,68,13.4091,11.1905,7.0,1.856734,3.751,0.863,-15.6394,-1.3321
2087,2,5,69,13.4091,12.381,6.84,2.052919,3.918,0.86,-20.7626,-1.2872
2088,2,5,70,13.4091,13.5714,6.52,2.235676,4.028,0.858,-20.3598,-1.2797
2089,2,5,71,13.4091,14.7619,5.68,2.41752,3.524,0.868,-18.2746,-1.3417
2090,2,5,72,13.4091,15.9524,5.48,2.39414,3.513,0.875,-17.353,-1.3723
2091,2,5,73,13.4091,17.1429,5.36,2.188183,3.603,0.876,-17.9284,-1.3644
2092,2,5,74,13.4091,18.3333,5.2,1.911102,3.683,0.873,-17.708,-1.3273
2093,2,5,75,13.4091,19.5238,5.12,1.606842,3.72,0.866,-16.8166,-1.3312
2094,2,5,76,13.4091,20.7143,5.04,1.338094,3.712,0.855,-15.5321,-1.3247
2095,2,5,77,13.4091,21.9048,4.96,1.075204,3.649,0.84,-14.127,-1.3105
2096,2,5,78,13.4091,23.0952,4.88,0.779188,3.535,0.822,-12.7355,-1.2928
2097,2,5,79,13.4091,24.2857,4.8,0.322978,3.376,0.798,-11.4346,-1.2708
2098,2,5,80,13.4091,25.4762,4.76,0.3200000000000003,3.238,0.771,-10.24,-1.252
2099,2,5,81,13.4091,26.6667,4.68,0.0,2.985,0.741,-9.1738,-1.2435
2100,2,5,82,13.4091,27.8571,4.6,0.0,2.681,0.708,-8.2258,-1.2271
2101,2,5,83,13.4091,29.0476,4.52,0.0,2.321,0.672,-7.3726,-1.193
2102,2,5,84,13.4091,30.2381,4.4,0.0,1.781,0.636,-6.6228,-1.1761
2103,2,5,85,13.4091,31.4286,7.0,0.0,2.529,0.649,-5.9725,-1.1509
2104,2,5,86,13.4091,32.619,7.0,0.0,2.244,0.694,-6.7776,-1.14
2105,2,5,87,13.4091,33.8095,7.0,0.0,2.342,0.735,-7.882,-1.1076
2106,2,5,88,13.4091,35.0,7.0,0.1005,2.694,0.771,-9.2565,-1.0896
2107,2,5,89,14.5455,10.0,7.0,1.24187,4.011,0.857,-10.9297,-1.072
2108,2,5,90,14.5455,11.1905,7.0,1.748641,4.234,0.866,-19.3674,-1.2945
2109,2,5,91,14.5455,12.381,6.68,1.97585,4.271,0.867,-28.8635,-1.2836
2110,2,5,92,14.5455,13.5714,6.36,2.176111,4.208,0.869,-24.8346,-1.2747
2111,2,5,93,14.5455,14.7619,5.92,2.377021,3.905,0.871,-21.7037,-1.3083
2112,2,5,94,14.5455,15.9524,5.56,2.278448,3.704,0.88,-19.7893,-1.3333
2113,2,5,95,14.5455,17.1429,5.36,2.18071,3.742,0.883,-19.9235,-1.3246
2114,2,5,96,14.5455,18.3333,5.2,2.033582,3.799,0.881,-19.5808,-1.291
2115,2,5,97,14.5455,19.5238,5.12,1.778947,3.836,0.874,-18.4122,-1.3475
2116,2,5,98,14.5455,20.7143,5.0,1.511373,3.798,0.864,-16.8469,-1.3371
2117,2,5,99,14.5455,21.9048,4.92,1.245355,3.725,0.851,-15.1628,-1.3192
2118,2,5,100,14.5455,23.0952,4.84,0.961319,3.591,0.833,-13.5544,-1.2808
2119,2,5,101,14.5455,24.2857,4.76,0.594576,3.41,0.81,-12.0771,-1.2755
2120,2,5,102,14.5455,25.4762,4.68,0.6000000000000005,3.184,0.784,-10.7666,-1.2587
2121,2,5,103,14.5455,26.6667,4.6,0.0,2.901,0.754,-9.6009,-1.2372
2122,2,5,104,14.5455,27.8571,4.52,0.0,2.574,0.722,-8.5754,-1.2268
2123,2,5,105,14.5455,29.0476,4.4,0.0,2.06,0.687,-7.6848,-1.1946
2124,2,5,106,14.5455,30.2381,4.2,0.0,1.176,0.651,-6.9087,-1.1713
2125,2,5,107,14.5455,31.4286,7.0,0.0,2.521,0.656,-6.2629,-1.1532
2126,2,5,108,14.5455,32.619,7.0,0.0,2.285,0.698,-6.8891,-1.1347
2127,2,5,109,14.5455,33.8095,7.0,0.0,2.375,0.737,-7.9499,-1.1004
2128,2,5,110,14.5455,35.0,7.0,0.09358,2.725,0.77,-9.245,-1.0825
2129,2,5,111,15.6818,10.0,7.0,1.114922,4.724,0.864,-10.8014,-1.0661
2130,2,5,112,15.6818,11.1905,6.8,1.659218,4.631,0.862,-29.4612,-1.3056
2131,2,5,113,15.6818,12.381,6.48,1.92159,4.505,0.873,-42.2882,-1.2951
2132,2,5,114,15.6818,13.5714,6.2,2.140482,4.336,0.875,-33.2414,-1.2831
2133,2,5,115,15.6818,14.7619,5.88,2.199867,4.107,0.878,-27.3227,-1.3154
2134,2,5,116,15.6818,15.9524,5.56,2.154627,3.915,0.887,-24.3713,-1.3421
2135,2,5,117,15.6818,17.1429,5.36,2.240601,3.912,0.889,-23.4361,-1.3082
2136,2,5,118,15.6818,18.3333,5.2,2.926874,3.938,0.887,-22.4161,-1.3016
2137,2,5,119,15.6818,19.5238,5.08,2.480877,3.946,0.881,-20.6106,-1.3643
2138,2,5,120,15.6818,20.7143,4.96,1.799381,3.882,0.873,-18.4528,-1.3481
2139,2,5,121,15.6818,21.9048,4.88,1.469406,3.79,0.86,-16.3645,-1.3256
2140,2,5,122,15.6818,23.0952,4.76,1.171163,3.571,0.843,-14.4521,-1.2853
2141,2,5,123,15.6818,24.2857,4.68,0.818861,3.358,0.822,-12.7641,-1.281
2142,2,5,124,15.6818,25.4762,4.6,0.160812,3.104,0.796,-11.3008,-1.2634
2143,2,5,125,15.6818,26.6667,4.52,0.1600000000000001,2.807,0.768,-10.0488,-1.2418
2144,2,5,126,15.6818,27.8571,4.4,0.0,2.325,0.736,-8.961,-1.2037
2145,2,5,127,15.6818,29.0476,4.24,0.0,1.616,0.703,-8.0299,-1.1993
2146,2,5,128,15.6818,30.2381,3.84,0.0,0.537,0.671,-7.2461,-1.1737
2147,2,5,129,15.6818,31.4286,7.0,0.0,2.571,0.662,-6.6436,-1.1383
2148,2,5,130,15.6818,32.619,7.0,0.0,2.343,0.7,-6.974,-1.1197
2149,2,5,131,15.6818,33.8095,7.0,0.0,2.391,0.736,-7.9663,-1.0948
2150,2,5,132,15.6818,35.0,7.0,0.081223,2.732,0.768,-9.1737,-1.077
2151,2,5,133,16.8182,10.0,6.88,1.155073,5.123,0.857,-10.6406,-1.0606
2152,2,5,134,16.8182,11.1905,6.6,1.601373,4.899,0.865,-34.39,-1.3077
2153,2,5,135,16.8182,12.381,6.32,1.888596,4.68,0.875,-34.4314,-1.3021
2154,2,5,136,16.8182,13.5714,6.04,2.103117,4.416,0.878,-38.6914,-1.2967
2155,2,5,137,16.8182,14.7619,5.76,2.036356,4.225,0.886,-45.7422,-1.3072
2156,2,5,138,16.8182,15.9524,5.52,2.052117,4.118,0.892,-34.0088,-1.2939
2157,2,5,139,16.8182,17.1429,5.32,3.297994,4.079,0.893,-29.9336,-1.32
2158,2,5,140,16.8182,18.3333,5.16,3.004541,4.073,0.891,-26.8769,-1.3176
2159,2,5,141,16.8182,19.5238,5.04,2.688841,4.058,0.888,-23.5013,-1.3335
2160,2,5,142,16.8182,20.7143,4.92,2.335787,3.966,0.881,-20.3933,-1.3262
2161,2,5,143,16.8182,21.9048,4.8,1.883072,3.786,0.87,-17.6939,-1.3076
2162,2,5,144,16.8182,23.0952,4.72,1.468253,3.603,0.853,-15.3968,-1.2882
2163,2,5,145,16.8182,24.2857,4.6,1.082486,3.288,0.833,-13.4693,-1.2844
2164,2,5,146,16.8182,25.4762,4.52,0.578863,3.013,0.809,-11.8734,-1.2451
2165,2,5,147,16.8182,26.6667,4.4,0.6000000000000005,2.572,0.782,-10.5136,-1.2195
2166,2,5,148,16.8182,27.8571,4.28,0.0,2.042,0.752,-9.3771,-1.2007
2167,2,5,149,16.8182,29.0476,4.04,0.0,1.1,0.72,-8.4201,-1.1724
2168,2,5,150,16.8182,30.2381,3.72,0.0,0.782,0.697,-7.6601,-1.1624
2169,2,5,151,16.8182,31.4286,7.0,0.0,2.624,0.665,-7.0859,-1.1446
2170,2,5,152,16.8182,32.619,7.0,0.0,2.433,0.7,-7.0172,-1.1059
2171,2,5,153,16.8182,33.8095,7.0,0.0,2.41,0.735,-7.9557,-1.0877
2172,2,5,154,16.8182,35.0,7.0,0.062324,2.71,0.763,-9.0893,-1.0709
2173,2,5,155,17.9545,10.0,6.68,1.232903,5.336,0.858,-10.4808,-1.0743
2174,2,5,156,17.9545,11.1905,6.4,1.588783,5.036,0.867,-30.129,-1.3273
2175,2,5,157,17.9545,12.381,6.16,1.879396,4.802,0.873,-28.0823,-1.3203
2176,2,5,158,17.9545,13.5714,5.92,1.948352,4.576,0.879,-28.4021,-1.3117
2177,2,5,159,17.9545,14.7619,5.68,1.90695,4.416,0.888,-30.7792,-1.317
2178,2,5,160,17.9545,15.9524,5.44,1.974279,4.294,0.895,-35.6168,-1.3051
2179,2,5,161,17.9545,17.1429,5.28,3.293383,4.248,0.895,-45.8174,-1.2972
2180,2,5,162,17.9545,18.3333,5.08,3.032236,4.184,0.897,-34.7718,-1.3241
2181,2,5,163,17.9545,19.5238,4.96,2.775771,4.114,0.894,-27.458,-1.3558
2182,2,5,164,17.9545,20.7143,4.84,2.507849,3.97,0.887,-22.6863,-1.3388
2183,2,5,165,17.9545,21.9048,4.72,2.217795,3.749,0.878,-19.1,-1.3149
2184,2,5,166,17.9545,23.0952,4.6,1.871303,3.45,0.863,-16.3934,-1.2923
2185,2,5,167,17.9545,24.2857,4.52,1.445837,3.195,0.844,-14.2165,-1.2847
2186,2,5,168,17.9545,25.4762,4.4,0.95227,2.789,0.821,-12.4668,-1.2436
2187,2,5,169,17.9545,26.6667,4.28,0.9600000000000009,2.292,0.795,-11.0386,-1.2278
2188,2,5,170,17.9545,27.8571,4.08,0.0,1.479,0.767,-9.8687,-1.2102
2189,2,5,171,17.9545,29.0476,3.84,0.0,1.069,0.742,-8.9104,-1.1858
2190,2,5,172,17.9545,30.2381,3.64,0.0,1.04,0.72,-8.1565,-1.1599
2191,2,5,173,17.9545,31.4286,3.48,0.0,0.954,0.697,-7.572,-1.1419
2192,2,5,174,17.9545,32.619,7.0,0.0,2.497,0.697,-7.0715,-1.1229
2193,2,5,175,17.9545,33.8095,7.0,0.0,2.396,0.729,-7.9045,-1.1046
2194,2,5,176,17.9545,35.0,7.0,0.042451,2.713,0.76,-8.9765,-1.0874
2195,2,5,177,19.0909,10.0,6.48,1.331682,5.413,0.86,-10.3056,-1.0734
2196,2,5,178,19.0909,11.1905,6.24,1.621517,5.169,0.865,-28.3577,-1.3491
2197,2,5,179,19.0909,12.381,6.0,1.896492,4.917,0.871,-25.3403,-1.3399
2198,2,5,180,19.0909,13.5714,5.76,1.831965,4.673,0.88,-24.491,-1.3324
2199,2,5,181,19.0909,14.7619,5.56,1.815327,4.551,0.889,-25.04,-1.3401
2200,2,5,182,19.0909,15.9524,5.36,1.941406,4.457,0.894,-27.0051,-1.3231
2201,2,5,183,19.0909,17.1429,5.2,3.276325,4.395,0.896,-30.565,-1.3157
2202,2,5,184,19.0909,18.3333,5.04,3.045345,4.301,0.898,-39.9023,-1.3256
2203,2,5,185,19.0909,19.5238,4.88,2.820051,4.131,0.898,-33.3404,-1.3698
2204,2,5,186,19.0909,20.7143,4.76,2.590496,3.943,0.893,-25.3011,-1.3454
2205,2,5,187,19.0909,21.9048,4.64,2.351413,3.682,0.884,-20.6453,-1.3178
2206,2,5,188,19.0909,23.0952,4.52,2.080013,3.361,0.871,-17.4231,-1.2986
2207,2,5,189,19.0909,24.2857,4.4,1.762497,2.975,0.855,-15.0159,-1.2722
2208,2,5,190,19.0909,25.4762,4.28,1.35676,2.515,0.834,-13.1458,-1.2531
2209,2,5,191,19.0909,26.6667,4.12,0.753362,1.852,0.809,-11.649,-1.2289
2210,2,5,192,19.0909,27.8571,3.92,0.7600000000000007,1.364,0.786,-10.4482,-1.2108
2211,2,5,193,19.0909,29.0476,3.72,0.0,1.318,0.766,-9.4903,-1.1844
2212,2,5,194,19.0909,30.2381,3.56,0.0,1.271,0.743,-8.732,-1.1569
2213,2,5,195,19.0909,31.4286,3.44,0.0,1.169,0.72,-8.098,-1.1377
2214,2,5,196,19.0909,32.619,7.0,0.0,2.606,0.693,-7.5545,-1.1196
2215,2,5,197,19.0909,33.8095,7.0,0.0,2.419,0.725,-7.8137,-1.1017
2216,2,5,198,19.0909,35.0,7.0,0.012946,2.702,0.755,-8.827,-1.0852
2217,2,5,199,20.2273,10.0,6.28,1.445933,5.412,0.86,-10.0858,-1.0697
2218,2,5,200,20.2273,11.1905,6.08,1.689248,5.258,0.865,-27.7747,-1.3706
2219,2,5,201,20.2273,12.381,5.88,1.942233,5.089,0.872,-24.1802,-1.3528
2220,2,5,202,20.2273,13.5714,5.68,1.764497,4.916,0.878,-22.7357,-1.3214
2221,2,5,203,20.2273,14.7619,5.44,1.763161,4.703,0.887,-22.6421,-1.3481
2222,2,5,204,20.2273,15.9524,5.28,1.959771,4.616,0.892,-23.622,-1.3311
2223,2,5,205,20.2273,17.1429,5.08,3.265768,4.452,0.899,-26.0099,-1.2996
2224,2,5,206,20.2273,18.3333,4.92,3.0494,4.284,0.902,-31.1859,-1.3692
2225,2,5,207,20.2273,19.5238,4.8,2.84292,4.113,0.902,-47.0215,-1.3607
2226,2,5,208,20.2273,20.7143,4.64,2.633645,3.793,0.899,-28.3847,-1.3497
2227,2,5,209,20.2273,21.9048,4.52,2.415694,3.494,0.892,-22.3636,-1.3243
2228,2,5,210,20.2273,23.0952,4.4,2.182699,3.136,0.881,-18.5753,-1.2842
2229,2,5,211,20.2273,24.2857,4.28,1.919705,2.705,0.865,-15.9404,-1.2747
2230,2,5,212,20.2273,25.4762,4.12,1.600687,2.077,0.845,-13.9458,-1.2554
2231,2,5,213,20.2273,26.6667,3.96,1.190349,1.647,0.825,-12.3768,-1.2295
2232,2,5,214,20.2273,27.8571,3.8,0.484161,1.547,0.807,-11.1552,-1.1958
2233,2,5,215,20.2273,29.0476,3.64,0.4800000000000004,1.544,0.787,-10.1641,-1.1915
2234,2,5,216,20.2273,30.2381,3.52,0.0,1.475,0.765,-9.3555,-1.1739
2235,2,5,217,20.2273,31.4286,3.4,0.0,1.364,0.743,-8.673,-1.1563
2236,2,5,218,20.2273,32.619,7.0,0.0,2.722,0.688,-8.0701,-1.1154
2237,2,5,219,20.2273,33.8095,7.0,0.0,2.635,0.723,-7.6809,-1.0976
2238,2,5,220,20.2273,35.0,7.0,0.0,2.717,0.753,-8.6973,-1.1039
2239,2,5,221,21.3636,10.0,6.12,1.573723,5.419,0.861,-9.923,-1.0882
2240,2,5,222,21.3636,11.1905,5.96,1.785227,5.348,0.866,-28.5464,-1.3975
2241,2,5,223,21.3636,12.381,5.76,2.016165,5.224,0.873,-24.1315,-1.3789
2242,2,5,224,21.3636,13.5714,5.56,1.751195,5.052,0.877,-22.2259,-1.3416
2243,2,5,225,21.3636,14.7619,5.36,1.758392,4.86,0.883,-21.6949,-1.3574
2244,2,5,226,21.3636,15.9524,5.16,3.493254,4.666,0.892,-22.2365,-1.3528
2245,2,5,227,21.3636,17.1429,5.0,3.263726,4.498,0.898,-24.0258,-1.3245
2246,2,5,228,21.3636,18.3333,4.84,3.052961,4.269,0.903,-27.7205,-1.3607
2247,2,5,229,21.3636,19.5238,4.68,2.849526,3.973,0.906,-37.7846,-1.3546
2248,2,5,230,21.3636,20.7143,4.52,2.650552,3.596,0.905,-33.0121,-1.3136
2249,2,5,231,21.3636,21.9048,4.4,2.446053,3.264,0.9,-24.3286,-1.3095
2250,2,5,232,21.3636,23.0952,4.28,2.229667,2.869,0.889,-20.0028,-1.2888
2251,2,5,233,21.3636,24.2857,4.12,1.990442,2.272,0.875,-17.0755,-1.2825
2252,2,5,234,21.3636,25.4762,4.0,1.724415,1.919,0.858,-14.9066,-1.2465
2253,2,5,235,21.3636,26.6667,3.84,1.409986,1.766,0.843,-13.2717,-1.2291
2254,2,5,236,21.3636,27.8571,3.68,1.003301,1.785,0.827,-11.9684,-1.2116
2255,2,5,237,21.3636,29.0476,3.56,0.230597,1.744,0.807,-10.9214,-1.193
2256,2,5,238,21.3636,30.2381,3.44,0.2400000000000002,1.648,0.785,-10.0477,-1.1743
2257,2,5,239,21.3636,31.4286,3.36,0.0,1.536,0.764,-9.2992,-1.156
2258,2,5,240,21.3636,32.619,3.28,0.0,1.421,0.743,-8.6259,-1.1381
2259,2,5,241,21.3636,33.8095,7.0,0.0,2.816,0.717,-8.044,-1.1205
2260,2,5,242,21.3636,35.0,7.0,0.0,2.712,0.749,-8.5085,-1.1044
2261,2,5,243,22.5,10.0,5.96,1.714051,5.469,0.865,-9.714,-1.0893
2262,2,5,244,22.5,11.1905,5.8,1.903154,5.44,0.871,-31.1237,-1.4134
2263,2,5,245,22.5,12.381,5.64,2.115365,5.358,0.873,-25.4351,-1.4034
2264,2,5,246,22.5,13.5714,5.44,1.795275,5.183,0.877,-22.7643,-1.3775
2265,2,5,247,22.5,14.7619,5.24,1.795504,4.948,0.883,-21.76,-1.3563
2266,2,5,248,22.5,15.9524,5.08,3.510373,4.754,0.89,-21.8184,-1.3327
2267,2,5,249,22.5,17.1429,4.88,3.275518,4.415,0.899,-23.0741,-1.3575
2268,2,5,250,22.5,18.3333,4.72,3.059451,4.135,0.906,-25.8608,-1.3454
2269,2,5,251,22.5,19.5238,4.56,2.853205,3.78,0.91,-32.2069,-1.3442
2270,2,5,252,22.5,20.7143,4.4,2.651033,3.365,0.911,-42.6606,-1.334
2271,2,5,253,22.5,21.9048,4.28,2.449726,3.002,0.906,-27.2635,-1.3157
2272,2,5,254,22.5,23.0952,4.12,2.240595,2.438,0.896,-21.9069,-1.2968
2273,2,5,255,22.5,24.2857,4.0,2.024207,2.108,0.885,-18.5028,-1.2718
2274,2,5,256,22.5,25.4762,3.84,1.79073,1.969,0.875,-16.1497,-1.252
2275,2,5,257,22.5,26.6667,3.72,1.533068,1.986,0.861,-14.3479,-1.2332
2276,2,5,258,22.5,27.8571,3.6,1.230391,1.977,0.845,-12.9401,-1.214
2277,2,5,259,22.5,29.0476,3.48,0.843058,1.9,0.825,-11.7835,-1.194
2278,2,5,260,22.5,30.2381,3.4,0.8400000000000007,1.805,0.805,-10.8119,-1.1744
2279,2,5,261,22.5,31.4286,3.28,0.0,1.683,0.785,-9.9685,-1.1552
2280,2,5,262,22.5,32.619,3.24,0.0,1.585,0.764,-9.2338,-1.1373
2281,2,5,263,22.5,33.8095,7.0,0.0,2.995,0.711,-8.5829,-1.121
2282,2,5,264,22.5,35.0,7.0,0.0,2.908,0.744,-8.313,-1.1057
2283,2,5,265,23.6364,10.0,5.8,1.864231,5.5,0.87,-9.4906,-1.1052
2284,2,5,266,23.6364,11.1905,5.68,2.035939,5.497,0.873,-38.1072,-1.4338
2285,2,5,267,23.6364,12.381,5.48,2.230425,5.411,0.877,-28.2682,-1.4154
2286,2,5,268,23.6364,13.5714,5.32,1.920985,5.265,0.879,-24.4095,-1.399
2287,2,5,269,23.6364,14.7619,5.12,1.873132,4.982,0.884,-22.6548,-1.3778
2288,2,5,270,23.6364,15.9524,4.96,3.553609,4.702,0.89,-22.0117,-1.3499
2289,2,5,271,23.6364,17.1429,4.76,3.310149,4.299,0.9,-22.5887,-1.3317
2290,2,5,272,23.6364,18.3333,4.6,3.072874,3.938,0.909,-24.4431,-1.3552
2291,2,5,273,23.6364,19.5238,4.44,2.848553,3.547,0.914,-28.5734,-1.3417
2292,2,5,274,23.6364,20.7143,4.28,2.635389,3.103,0.914,-40.8304,-1.3318
2293,2,5,275,23.6364,21.9048,4.16,2.431852,2.705,0.91,-32.226,-1.3204
2294,2,5,276,23.6364,23.0952,4.0,2.231656,2.263,0.904,-24.5052,-1.2955
2295,2,5,277,23.6364,24.2857,3.88,2.030916,2.143,0.897,-20.3896,-1.2801
2296,2,5,278,23.6364,25.4762,3.72,1.822845,2.158,0.89,-17.6744,-1.2571
2297,2,5,279,23.6364,26.6667,3.6,1.601856,2.16,0.877,-15.6207,-1.244
2298,2,5,280,23.6364,27.8571,3.48,1.356919,2.097,0.86,-14.034,-1.2275
2299,2,5,281,23.6364,29.0476,3.4,1.068856,2.014,0.842,-12.7359,-1.2099
2300,2,5,282,23.6364,30.2381,3.32,0.707242,1.926,0.823,-11.6287,-1.1918
2301,2,5,283,23.6364,31.4286,3.24,0.7200000000000006,1.829,0.804,-10.6922,-1.1533
2302,2,5,284,23.6364,32.619,3.16,0.0,1.72,0.784,-9.8639,-1.1365
2303,2,5,285,23.6364,33.8095,3.12,0.0,1.617,0.764,-9.1474,-1.1387
2304,2,5,286,23.6364,35.0,7.0,0.0,3.089,0.74,-8.516,-1.1228
2305,2,5,287,24.7727,10.0,5.64,2.022053,5.51,0.872,-9.3415,-1.1081
2306,2,5,288,24.7727,11.1905,5.52,2.175155,5.507,0.876,-37.6245,-1.4569
2307,2,5,289,24.7727,12.381,5.36,2.352071,5.445,0.879,-35.7134,-1.4377
2308,2,5,290,24.7727,13.5714,5.2,2.567305,5.283,0.88,-27.6203,-1.4166
2309,2,5,291,24.7727,14.7619,5.04,1.998489,5.023,0.882,-24.1155,-1.4069
2310,2,5,292,24.7727,15.9524,4.84,3.623344,4.591,0.891,-22.414,-1.3773
2311,2,5,293,24.7727,17.1429,4.68,3.373908,4.205,0.9,-22.1469,-1.3519
2312,2,5,294,24.7727,18.3333,4.48,3.101486,3.713,0.911,-23.1482,-1.3631
2313,2,5,295,24.7727,19.5238,4.32,2.834339,3.306,0.916,-25.6266,-1.3516
2314,2,5,296,24.7727,20.7143,4.16,2.600486,2.812,0.916,-31.3873,-1.3287
2315,2,5,297,24.7727,21.9048,4.04,2.397465,2.474,0.914,-43.8416,-1.3107
2316,2,5,298,24.7727,23.0952,3.88,2.206954,2.277,0.914,-28.7395,-1.2971
2317,2,5,299,24.7727,24.2857,3.76,2.022887,2.285,0.91,-23.0028,-1.2826
2318,2,5,300,24.7727,25.4762,3.64,1.834995,2.306,0.901,-19.5657,-1.2672
2319,2,5,301,24.7727,26.6667,3.52,1.640942,2.269,0.888,-17.1552,-1.2501
2320,2,5,302,24.7727,27.8571,3.4,1.431406,2.192,0.873,-15.2815,-1.2319
2321,2,5,303,24.7727,29.0476,3.32,1.19955,2.124,0.857,-13.7727,-1.2123
2322,2,5,304,24.7727,30.2381,3.24,0.929419,2.042,0.84,-12.5335,-1.1932
2323,2,5,305,24.7727,31.4286,3.2,0.576754,1.966,0.822,-11.4608,-1.1748
2324,2,5,306,24.7727,32.619,3.12,0.6000000000000005,1.855,0.803,-10.5465,-1.1574
2325,2,5,307,24.7727,33.8095,3.08,0.0,1.753,0.783,-9.7462,-1.1408
2326,2,5,308,24.7727,35.0,7.0,0.0,3.242,0.738,-9.0422,-1.1261
2327,2,5,309,25.9091,10.0,5.48,2.177297,5.488,0.874,-9.2505,-1.1129
2328,2,5,310,25.9091,11.1905,5.36,2.313465,5.496,0.88,-28.4389,-1.4662
2329,2,5,311,25.9091,12.381,5.2,2.472906,5.398,0.881,-42.2316,-1.4233
2330,2,5,312,25.9091,13.5714,5.08,2.671758,5.233,0.88,-32.3221,-1.4028
2331,2,5,313,25.9091,14.7619,4.92,2.229979,4.907,0.882,-25.4364,-1.4254
2332,2,5,314,25.9091,15.9524,4.72,3.73311,4.387,0.893,-22.4954,-1.4
2333,2,5,315,25.9091,17.1429,4.56,3.464844,3.989,0.902,-21.4248,-1.3711
2334,2,5,316,25.9091,18.3333,4.36,3.163597,3.48,0.911,-21.6985,-1.3463
2335,2,5,317,25.9091,19.5238,4.2,2.802104,3.017,0.916,-23.1593,-1.3621
2336,2,5,318,25.9091,20.7143,4.08,2.548808,2.681,0.917,-26.5479,-1.3442
2337,2,5,319,25.9091,21.9048,3.92,2.352145,2.412,0.92,-33.7856,-1.3137
2338,2,5,320,25.9091,23.0952,3.76,2.173009,2.381,0.923,-38.2035,-1.311
2339,2,5,321,25.9091,24.2857,3.64,2.00417,2.405,0.919,-26.8484,-1.2946
2340,2,5,322,25.9091,25.4762,3.52,1.833687,2.39,0.91,-22.047,-1.2755
2341,2,5,323,25.9091,26.6667,3.44,1.66036,2.359,0.898,-19.0134,-1.2549
2342,2,5,324,25.9091,27.8571,3.32,1.47715,2.285,0.885,-16.7274,-1.2339
2343,2,5,325,25.9091,29.0476,3.24,1.278972,2.217,0.871,-14.9477,-1.2127
2344,2,5,326,25.9091,30.2381,3.2,1.061254,2.157,0.855,-13.4973,-1.1932
2345,2,5,327,25.9091,31.4286,3.12,0.804089,2.059,0.838,-12.2888,-1.1755
2346,2,5,328,25.9091,32.619,3.08,0.446629,1.972,0.82,-11.2577,-1.1593
2347,2,5,329,25.9091,33.8095,3.0,0.4800000000000004,1.849,0.8,-10.3708,-1.1446
2348,2,5,330,25.9091,35.0,7.0,0.0,3.354,0.737,-9.5912,-1.1315
2349,2,5,331,27.0455,10.0,5.24,2.321907,5.453,0.876,-9.233,-1.1198
2350,2,5,332,27.0455,11.1905,5.16,2.443447,5.421,0.88,-24.2128,-1.3862
2351,2,5,333,27.0455,12.381,5.04,2.587673,5.255,0.882,-32.6267,-1.4314
2352,2,5,334,27.0455,13.5714,4.92,2.771272,5.007,0.882,-35.7926,-1.4102
2353,2,5,335,27.0455,14.7619,4.76,3.021673,4.598,0.887,-25.7172,-1.4055
2354,2,5,336,27.0455,15.9524,4.6,3.932261,4.17,0.894,-21.9479,-1.4031
2355,2,5,337,27.0455,17.1429,4.44,3.595954,3.752,0.901,-20.3594,-1.3864
2356,2,5,338,27.0455,18.3333,4.28,3.296249,3.322,0.908,-20.2251,-1.3924
2357,2,5,339,27.0455,19.5238,4.12,2.736732,2.869,0.913,-21.1114,-1.3714
2358,2,5,340,27.0455,20.7143,3.96,2.485348,2.546,0.92,-23.3525,-1.3557
2359,2,5,341,27.0455,21.9048,3.8,2.299791,2.454,0.927,-27.5036,-1.3222
2360,2,5,342,27.0455,23.0952,3.68,2.133787,2.478,0.928,-37.6025,-1.3246
2361,2,5,343,27.0455,24.2857,3.56,1.978424,2.492,0.924,-34.1022,-1.3025
2362,2,5,344,27.0455,25.4762,3.44,1.822927,2.463,0.916,-25.548,-1.2787
2363,2,5,345,27.0455,26.6667,3.32,1.665425,2.405,0.907,-21.2866,-1.255
2364,2,5,346,27.0455,27.8571,3.24,1.50159,2.354,0.897,-18.4153,-1.2326
2365,2,5,347,27.0455,29.0476,3.2,1.32796,2.31,0.884,-16.2519,-1.2109
2366,2,5,348,27.0455,30.2381,3.12,1.143529,2.228,0.869,-14.5459,-1.1928
2367,2,5,349,27.0455,31.4286,3.08,0.934922,2.157,0.853,-13.1728,-1.1771
2368,2,5,350,27.0455,32.619,3.0,0.684102,2.055,0.835,-12.0,-1.1631
2369,2,5,351,27.0455,33.8095,2.96,0.284079,1.965,0.816,-11.0146,-1.1505
2370,2,5,352,27.0455,35.0,2.92,0.2800000000000002,1.864,0.797,-10.1691,-1.1395
2371,2,5,353,28.1818,10.0,5.0,2.455629,5.205,0.877,-9.4318,-1.1291
2372,2,5,354,28.1818,11.1905,4.96,2.56309,5.174,0.881,-24.4377,-1.3905
2373,2,5,355,28.1818,12.381,4.88,2.694143,5.021,0.883,-34.3725,-1.4416
2374,2,5,356,28.1818,13.5714,4.76,2.861946,4.706,0.886,-32.5604,-1.4192
2375,2,5,357,28.1818,14.7619,4.64,3.090714,4.369,0.888,-24.2322,-1.416
2376,2,5,358,28.1818,15.9524,4.52,3.532534,4.034,0.889,-20.763,-1.3936
2377,2,5,359,28.1818,17.1429,4.36,3.810432,3.596,0.896,-19.1433,-1.4019
2378,2,5,360,28.1818,18.3333,4.16,3.478524,3.035,0.906,-18.7595,-1.3764
2379,2,5,361,28.1818,19.5238,4.0,2.639687,2.686,0.913,-19.3344,-1.384
2380,2,5,362,28.1818,20.7143,3.84,2.415284,2.534,0.923,-20.8433,-1.3461
2381,2,5,363,28.1818,21.9048,3.72,2.244549,2.548,0.929,-23.5494,-1.3346
2382,2,5,364,28.1818,23.0952,3.56,2.092083,2.549,0.93,-28.3196,-1.3252
2383,2,5,365,28.1818,24.2857,3.44,1.947463,2.531,0.927,-43.5184,-1.3093
2384,2,5,366,28.1818,25.4762,3.32,1.804753,2.485,0.922,-31.5226,-1.2906
2385,2,5,367,28.1818,26.6667,3.24,1.660408,2.452,0.916,-24.2426,-1.2708
2386,2,5,368,28.1818,27.8571,3.16,1.512193,2.401,0.906,-20.4323,-1.2506
2387,2,5,369,28.1818,29.0476,3.12,1.357593,2.367,0.895,-17.7086,-1.2302
2388,2,5,370,28.1818,30.2381,3.04,1.194789,2.293,0.881,-15.7058,-1.2121
2389,2,5,371,28.1818,31.4286,3.0,1.017887,2.232,0.866,-14.0982,-1.1958
2390,2,5,372,28.1818,32.619,2.96,0.817629,2.157,0.849,-12.7964,-1.1811
2391,2,5,373,28.1818,33.8095,2.92,0.561444,2.067,0.831,-11.6996,-1.1675
2392,2,5,374,28.1818,35.0,2.88,0.5600000000000005,1.969,0.813,-10.7579,-1.1557
2393,2,5,375,29.3182,10.0,4.84,2.57621,4.924,0.879,-9.9602,-1.1449
2394,2,5,376,29.3182,11.1905,4.8,2.671937,4.861,0.883,-27.7648,-1.4022
2395,2,5,377,29.3182,12.381,4.72,2.790473,4.657,0.885,-43.8382,-1.4653
2396,2,5,378,29.3182,13.5714,4.64,2.943412,4.434,0.885,-28.0978,-1.4257
2397,2,5,379,29.3182,14.7619,4.52,3.148625,4.075,0.884,-22.3334,-1.4225
2398,2,5,380,29.3182,15.9524,4.4,3.49874,3.746,0.887,-19.4049,-1.4406
2399,2,5,381,29.3182,17.1429,4.24,4.635223,3.318,0.894,-17.9119,-1.4199
2400,2,5,382,29.3182,18.3333,4.08,3.699712,2.923,0.901,-17.4399,-1.3981
2401,2,5,383,29.3182,19.5238,3.92,2.540285,2.671,0.912,-17.7713,-1.3689
2402,2,5,384,29.3182,20.7143,3.76,2.346646,2.6,0.923,-18.8684,-1.3549
2403,2,5,385,29.3182,21.9048,3.6,2.189888,2.596,0.929,-20.848,-1.3568
2404,2,5,386,29.3182,23.0952,3.48,2.047656,2.59,0.93,-24.0099,-1.3376
2405,2,5,387,29.3182,24.2857,3.36,1.913277,2.558,0.93,-29.8812,-1.3152
2406,2,5,388,29.3182,25.4762,3.24,1.780435,2.515,0.928,-46.6222,-1.2923
2407,2,5,389,29.3182,26.6667,3.16,1.647916,2.49,0.922,-28.7455,-1.27
2408,2,5,390,29.3182,27.8571,3.12,1.511851,2.476,0.914,-22.8537,-1.2492
2409,2,5,391,29.3182,29.0476,3.04,1.371841,2.419,0.904,-19.3716,-1.23
2410,2,5,392,29.3182,30.2381,3.0,1.226918,2.372,0.892,-16.9473,-1.2136
2411,2,5,393,29.3182,31.4286,2.96,1.072502,2.313,0.878,-15.0899,-1.1995
2412,2,5,394,29.3182,32.619,2.88,0.902617,2.207,0.862,-13.6125,-1.1872
2413,2,5,395,29.3182,33.8095,2.84,0.701958,2.119,0.845,-12.3898,-1.1761
2414,2,5,396,29.3182,35.0,2.8,0.435452,2.025,0.828,-11.3584,-1.1661
2415,2,5,397,30.4545,10.0,4.68,2.684957,4.553,0.882,-10.494,-1.1566
2416,2,5,398,30.4545,11.1905,4.64,2.771455,4.473,0.884,-34.6144,-1.4212
2417,2,5,399,30.4545,12.381,4.6,2.878453,4.391,0.883,-32.0233,-1.4669
2418,2,5,400,30.4545,13.5714,4.52,3.014876,4.162,0.88,-24.4874,-1.4387
2419,2,5,401,30.4545,14.7619,4.44,3.19794,3.943,0.878,-20.4659,-1.4872
2420,2,5,402,30.4545,15.9524,4.32,3.444344,3.611,0.881,-18.0775,-1.4551
2421,2,5,403,30.4545,17.1429,4.16,4.696533,3.182,0.887,-16.7268,-1.4218
2422,2,5,404,30.4545,18.3333,4.0,4.011787,2.849,0.896,-16.2272,-1.4032
2423,2,5,405,30.4545,19.5238,3.84,2.451899,2.686,0.909,-16.429,-1.3876
2424,2,5,406,30.4545,20.7143,3.68,2.279629,2.65,0.92,-17.2365,-1.3902
2425,2,5,407,30.4545,21.9048,3.52,2.135505,2.618,0.927,-18.7589,-1.366
2426,2,5,408,30.4545,23.0952,3.36,2.002062,2.567,0.93,-21.1278,-1.3483
2427,2,5,409,30.4545,24.2857,3.24,1.876965,2.549,0.932,-24.9779,-1.332
2428,2,5,410,30.4545,25.4762,3.16,1.751349,2.545,0.931,-33.1177,-1.3139
2429,2,5,411,30.4545,26.6667,3.08,1.628761,2.521,0.928,-37.1088,-1.2654
2430,2,5,412,30.4545,27.8571,3.04,1.503118,2.509,0.921,-25.9669,-1.247
2431,2,5,413,30.4545,29.0476,2.96,1.375695,2.448,0.912,-21.2464,-1.23
2432,2,5,414,30.4545,30.2381,2.92,1.24499,2.403,0.901,-18.2797,-1.2173
2433,2,5,415,30.4545,31.4286,2.88,1.106398,2.344,0.888,-16.1363,-1.2067
2434,2,5,416,30.4545,32.619,2.84,0.958145,2.273,0.874,-14.4526,-1.1968
2435,2,5,417,30.4545,33.8095,2.8,0.790936,2.192,0.858,-13.1026,-1.1881
2436,2,5,418,30.4545,35.0,2.76,0.588077,2.1,0.842,-11.9844,-1.1796
2437,2,5,419,31.5909,10.0,4.56,2.784877,4.277,0.88,-11.0328,-1.1709
2438,2,5,420,31.5909,11.1905,7.0,2.862706,5.071,0.845,-35.4254,-1.4474
2439,2,5,421,31.5909,12.381,6.84,2.95923,5.042,0.854,-31.2171,-1.4533
2440,2,5,422,31.5909,13.5714,4.44,3.080176,4.003,0.874,-23.695,-1.43
2441,2,5,423,31.5909,14.7619,4.32,3.24171,3.655,0.877,-18.783,-1.5043
2442,2,5,424,31.5909,15.9524,4.2,3.342139,3.335,0.878,-16.876,-1.4748
2443,2,5,425,31.5909,17.1429,2.28,4.687386,1.658,0.877,-15.7221,-1.4188
2444,2,5,426,31.5909,18.3333,2.32,2.582912,1.719,0.883,-15.1786,-1.3971
2445,2,5,427,31.5909,19.5238,2.4,2.372865,1.804,0.89,-15.5501,-1.3915
2446,2,5,428,31.5909,20.7143,3.56,2.214832,2.653,0.916,-15.9863,-1.3924
2447,2,5,429,31.5909,21.9048,3.4,2.081134,2.597,0.924,-17.1014,-1.3762
2448,2,5,430,31.5909,23.0952,3.24,1.95521,2.556,0.93,-19.0035,-1.3676
2449,2,5,431,31.5909,24.2857,3.12,1.837481,2.537,0.934,-21.9603,-1.3553
2450,2,5,432,31.5909,25.4762,3.04,1.718507,2.529,0.934,-27.1632,-1.3415
2451,2,5,433,31.5909,26.6667,3.0,1.604722,2.532,0.932,-42.8394,-1.2598
2452,2,5,434,31.5909,27.8571,2.92,1.488264,2.487,0.927,-30.2489,-1.2499
2453,2,5,435,31.5909,29.0476,2.88,1.371235,2.458,0.919,-23.4336,-1.2342
2454,2,5,436,31.5909,30.2381,2.84,1.252368,2.416,0.91,-19.7201,-1.2254
2455,2,5,437,31.5909,31.4286,2.8,1.127432,2.361,0.898,-17.2198,-1.2182
2456,2,5,438,31.5909,32.619,2.8,0.995127,2.333,0.885,-15.3206,-1.2109
2457,2,5,439,31.5909,33.8095,2.76,0.849046,2.26,0.87,-13.8268,-1.2036
2458,2,5,440,31.5909,35.0,2.72,0.682108,2.176,0.854,-12.6002,-1.1955
2459,2,5,441,32.7273,10.0,7.0,2.875756,5.341,0.843,-11.5768,-1.1865
2460,2,5,442,32.7273,11.1905,6.88,2.946556,5.227,0.85,-29.4543,-1.5355
2461,2,5,443,32.7273,12.381,6.68,3.032884,5.079,0.848,-42.691,-1.468
2462,2,5,444,32.7273,13.5714,6.56,3.140655,5.041,0.842,-27.6883,-1.4452
2463,2,5,445,32.7273,14.7619,6.36,3.207031,4.985,0.84,-20.8463,-1.5041
2464,2,5,446,32.7273,15.9524,2.2,0.897457,1.63,0.879,-17.0136,-1.4693
2465,2,5,447,32.7273,17.1429,2.24,4.649434,1.684,0.883,-15.0896,-1.4177
2466,2,5,448,32.7273,18.3333,2.28,2.477124,1.747,0.89,-15.4487,-1.4108
2467,2,5,449,32.7273,19.5238,2.32,2.299125,1.803,0.894,-15.8734,-1.4252
2468,2,5,450,32.7273,20.7143,2.4,2.152516,1.887,0.9,-16.3522,-1.4039
2469,2,5,451,32.7273,21.9048,2.48,2.025857,1.984,0.907,-16.9741,-1.392
2470,2,5,452,32.7273,23.0952,3.12,1.906928,2.522,0.929,-17.8549,-1.3793
2471,2,5,453,32.7273,24.2857,3.0,1.79514,2.497,0.933,-19.9239,-1.3725
2472,2,5,454,32.7273,25.4762,2.92,1.686582,2.486,0.935,-24.002,-1.3621
2473,2,5,455,32.7273,26.6667,2.88,1.577746,2.491,0.934,-32.1354,-1.35
2474,2,5,456,32.7273,27.8571,2.84,1.470204,2.482,0.931,-37.5211,-1.275
2475,2,5,457,32.7273,29.0476,2.8,1.361628,2.462,0.925,-25.9934,-1.2607
2476,2,5,458,32.7273,30.2381,2.8,1.25177,2.463,0.917,-21.2701,-1.2501
2477,2,5,459,32.7273,31.4286,2.76,1.137872,2.418,0.907,-18.3372,-1.2338
2478,2,5,460,32.7273,32.619,2.72,1.01832,2.358,0.895,-16.2124,-1.228
2479,2,5,461,32.7273,33.8095,2.68,0.887896,2.283,0.88,-14.5737,-1.2206
2480,2,5,462,32.7273,35.0,2.68,0.7443,2.238,0.865,-13.2209,-1.2119
2481,2,5,463,33.8636,10.0,6.92,1.792447,5.472,0.841,-12.1197,-1.2025
2482,2,5,464,33.8636,11.1905,6.72,3.023622,5.27,0.841,-29.8306,-1.5111
2483,2,5,465,33.8636,12.381,6.56,3.100291,5.199,0.845,-34.0311,-1.4834
2484,2,5,466,33.8636,13.5714,6.4,3.176971,5.134,0.852,-35.0115,-1.5473
2485,2,5,467,33.8636,14.7619,6.24,3.119021,5.048,0.854,-23.872,-1.5176
2486,2,5,468,33.8636,15.9524,6.0,3.124652,4.933,0.849,-18.934,-1.4874
2487,2,5,469,33.8636,17.1429,2.16,1.17112,1.715,0.897,-15.9858,-1.4255
2488,2,5,470,33.8636,18.3333,2.2,2.391332,1.762,0.899,-15.7649,-1.4229
2489,2,5,471,33.8636,19.5238,2.28,2.229979,1.825,0.901,-16.2045,-1.4293
2490,2,5,472,33.8636,20.7143,2.32,2.09034,1.883,0.905,-16.6893,-1.4167
2491,2,5,473,33.8636,21.9048,2.4,1.969564,1.975,0.91,-17.3695,-1.4043
2492,2,5,474,33.8636,23.0952,2.52,1.856824,2.111,0.919,-18.2436,-1.3958
2493,2,5,475,33.8636,24.2857,2.72,1.751412,2.316,0.93,-19.6284,-1.3849
2494,2,5,476,33.8636,25.4762,2.8,1.649704,2.436,0.936,-22.3743,-1.3728
2495,2,5,477,33.8636,26.6667,2.8,1.54585,2.484,0.937,-28.2373,-1.3597
2496,2,5,478,33.8636,27.8571,2.76,1.446732,2.482,0.935,-45.633,-1.2769
2497,2,5,479,33.8636,29.0476,2.72,1.345795,2.466,0.931,-28.894,-1.2672
2498,2,5,480,33.8636,30.2381,2.72,1.245241,2.47,0.924,-22.8838,-1.2606
2499,2,5,481,33.8636,31.4286,2.68,1.140213,2.422,0.914,-19.4871,-1.2548
2500,2,5,482,33.8636,32.619,2.68,1.030904,2.4,0.902,-17.0977,-1.2464
2501,2,5,483,33.8636,33.8095,2.64,0.913316,2.326,0.888,-15.2745,-1.2375
2502,2,5,484,33.8636,35.0,2.6,0.785474,2.237,0.873,-13.8395,-1.2281
2503,2,5,485,35.0,10.0,6.76,1.187298,5.533,0.833,-12.6569,-1.2164
2504,2,5,486,35.0,11.1905,6.6,1.843163,5.376,0.838,-26.3439,-1.5165
2505,2,5,487,35.0,12.381,6.44,3.162,5.259,0.852,-28.242,-1.4966
2506,2,5,488,35.0,13.5714,6.28,3.098859,5.179,0.862,-41.9285,-1.5605
2507,2,5,489,35.0,14.7619,6.12,3.032239,5.119,0.863,-28.602,-1.5359
2508,2,5,490,35.0,15.9524,5.88,1.827918,4.987,0.857,-21.5877,-1.4414
2509,2,5,491,35.0,17.1429,5.56,1.601562,4.929,0.857,-17.9631,-1.4365
2510,2,5,492,35.0,18.3333,2.16,2.316268,1.778,0.906,-16.4768,-1.4561
2511,2,5,493,35.0,19.5238,2.2,2.16286,1.815,0.906,-16.5527,-1.4417
2512,2,5,494,35.0,20.7143,2.24,2.028326,1.864,0.909,-17.0838,-1.4277
2513,2,5,495,35.0,21.9048,2.32,1.910859,1.954,0.913,-17.7452,-1.4183
2514,2,5,496,35.0,23.0952,2.4,1.804724,2.059,0.92,-18.6635,-1.4073
2515,2,5,497,35.0,24.2857,2.52,1.705253,2.209,0.928,-19.9785,-1.397
2516,2,5,498,35.0,25.4762,2.64,1.609682,2.36,0.936,-22.165,-1.3869
2517,2,5,499,35.0,26.6667,2.68,1.512156,2.438,0.939,-26.5118,-1.3766
2518,2,5,500,35.0,27.8571,2.68,1.419884,2.47,0.938,-38.8335,-1.2843
2519,2,5,501,35.0,29.0476,2.64,1.326443,2.449,0.934,-32.2619,-1.2797
2520,2,5,502,35.0,30.2381,2.64,1.233409,2.454,0.928,-24.5102,-1.2765
2521,2,5,503,35.0,31.4286,2.64,1.136735,2.446,0.919,-20.6233,-1.2728
2522,2,5,504,35.0,32.619,2.6,1.036225,2.381,0.907,-17.9439,-1.2678
2523,2,5,505,35.0,33.8095,2.56,0.929098,2.302,0.893,-15.9909,-1.2613
2524,2,5,506,35.0,35.0,2.56,0.813911,2.262,0.879,-14.4362,-1.254
2525,2,6,1,10.0,10.0,2.96,0.831521,3.851,0.964,-10.4721,-1.44
2526,2,6,2,10.0,11.1905,2.96,0.822307,3.846,0.962,-14.5583,-3.1083
2527,2,6,3,10.0,12.381,2.96,0.811077,3.825,0.956,-14.3799,-3.1934
2528,2,6,4,10.0,13.5714,2.96,0.803513,3.867,0.96,-14.1473,-3.4239
2529,2,6,5,10.0,14.7619,2.96,0.792411,3.866,0.957,-14.0602,-3.1721
2530,2,6,6,10.0,15.9524,2.96,0.780046,3.86,0.953,-13.8602,-3.2696
2531,2,6,7,10.0,17.1429,2.96,0.766439,3.856,0.948,-13.6366,-3.4289
2532,2,6,8,10.0,18.3333,2.96,0.761705,3.928,0.955,-13.4117,-3.5784
2533,2,6,9,10.0,19.5238,2.96,0.746427,3.94,0.952,-13.3641,-3.1616
2534,2,6,10,10.0,20.7143,2.96,0.730062,3.954,0.95,-13.1415,-3.2184
2535,2,6,11,10.0,21.9048,2.96,0.711706,3.971,0.947,-12.9165,-3.2779
2536,2,6,12,10.0,23.0952,2.96,0.690044,4.0,0.945,-12.682,-3.3335
2537,2,6,13,10.0,24.2857,2.96,0.668208,4.025,0.942,-12.4384,-3.328
2538,2,6,14,10.0,25.4762,2.96,0.64212,4.053,0.94,-12.213,-3.3365
2539,2,6,15,10.0,26.6667,2.96,0.611681,4.077,0.936,-11.9674,-3.3404
2540,2,6,16,10.0,27.8571,2.96,0.57476,4.098,0.932,-11.7139,-3.3499
2541,2,6,17,10.0,29.0476,2.96,0.530245,4.122,0.927,-11.4472,-3.3577
2542,2,6,18,10.0,30.2381,2.96,0.475556,4.158,0.922,-11.1695,-3.3696
2543,2,6,19,10.0,31.4286,2.96,0.403988,4.213,0.917,-10.8799,-3.3911
2544,2,6,20,10.0,32.619,4.44,0.208646,7.166,0.878,-10.5732,-3.4314
2545,2,6,21,10.0,33.8095,4.36,0.366957,7.333,0.899,-10.5137,-3.4111
2546,2,6,22,10.0,35.0,4.28,0.45036,7.487,0.921,-11.9819,-3.4745
2547,2,6,23,11.1364,10.0,2.96,0.771121,3.783,0.954,-13.8295,-3.5403
2548,2,6,24,11.1364,11.1905,2.96,0.76371,3.808,0.956,-13.8973,-3.4899
2549,2,6,25,11.1364,12.381,2.96,0.753975,3.795,0.952,-13.7968,-3.3562
2550,2,6,26,11.1364,13.5714,2.96,0.746631,3.827,0.954,-13.616,-3.5287
2551,2,6,27,11.1364,14.7619,2.96,0.736962,3.833,0.952,-13.5163,-3.3608
2552,2,6,28,11.1364,15.9524,2.96,0.725361,3.832,0.948,-13.3577,-3.4142
2553,2,6,29,11.1364,17.1429,2.96,0.712449,3.829,0.944,-13.173,-3.542
2554,2,6,30,11.1364,18.3333,2.96,0.698016,3.829,0.94,-12.975,-3.6995
2555,2,6,31,11.1364,19.5238,2.96,0.676648,3.895,0.946,-12.7735,-3.8467
2556,2,6,32,11.1364,20.7143,2.96,0.659865,3.91,0.943,-12.5755,-3.4466
2557,2,6,33,11.1364,21.9048,2.96,0.642513,3.931,0.94,-12.3771,-3.5121
2558,2,6,34,11.1364,23.0952,2.96,0.622004,3.951,0.938,-12.178,-3.5559
2559,2,6,35,11.1364,24.2857,2.96,0.59877,3.974,0.935,-11.9692,-3.615
2560,2,6,36,11.1364,25.4762,2.96,0.570821,4.0,0.931,-11.7546,-3.6659
2561,2,6,37,11.1364,26.6667,2.96,0.541706,4.025,0.928,-11.5275,-3.6922
2562,2,6,38,11.1364,27.8571,2.96,0.534667,4.072,0.927,-11.3165,-3.7006
2563,2,6,39,11.1364,29.0476,2.96,0.493603,4.107,0.923,-11.2277,-3.6251
2564,2,6,40,11.1364,30.2381,2.96,0.444847,4.163,0.92,-10.9874,-3.6331
2565,2,6,41,11.1364,31.4286,2.96,0.378213,4.226,0.916,-10.7506,-3.5647
2566,2,6,42,11.1364,32.619,3.0,0.259641,4.37,0.912,-10.4657,-3.6308
2567,2,6,43,11.1364,33.8095,4.24,0.235415,7.115,0.889,-10.1986,-3.6852
2568,2,6,44,11.1364,35.0,4.2,0.392815,7.291,0.905,-10.5706,-3.7095
2569,2,6,45,12.2727,10.0,2.96,0.704917,3.726,0.947,-11.9616,-3.7696
2570,2,6,46,12.2727,11.1905,2.96,0.698702,3.755,0.95,-13.2369,-3.7786
2571,2,6,47,12.2727,12.381,2.96,0.687976,3.741,0.945,-13.1595,-3.6174
2572,2,6,48,12.2727,13.5714,2.96,0.682257,3.768,0.946,-13.0107,-3.8088
2573,2,6,49,12.2727,14.7619,2.96,0.691523,3.797,0.947,-12.9144,-3.6893
2574,2,6,50,12.2727,15.9524,2.96,0.662183,3.778,0.941,-12.9587,-3.6232
2575,2,6,51,12.2727,17.1429,2.96,0.648094,3.774,0.937,-12.6292,-3.8594
2576,2,6,52,12.2727,18.3333,2.96,0.655608,3.806,0.937,-12.4673,-4.0286
2577,2,6,53,12.2727,19.5238,2.96,0.641202,3.813,0.933,-12.4823,-3.9845
2578,2,6,54,12.2727,20.7143,2.96,0.622008,3.885,0.94,-12.3058,-4.1243
2579,2,6,55,12.2727,21.9048,2.96,0.605306,3.906,0.937,-12.1164,-3.6877
2580,2,6,56,12.2727,23.0952,2.96,0.587295,3.929,0.934,-11.9421,-3.7427
2581,2,6,57,12.2727,24.2857,2.96,0.566423,3.954,0.932,-11.76,-3.7997
2582,2,6,58,12.2727,25.4762,2.96,0.542664,3.98,0.929,-11.5696,-3.8485
2583,2,6,59,12.2727,26.6667,2.96,0.513556,4.013,0.925,-11.3778,-3.8926
2584,2,6,60,12.2727,27.8571,2.96,0.482867,4.057,0.923,-11.1792,-3.904
2585,2,6,61,12.2727,29.0476,3.0,0.445662,4.166,0.92,-10.975,-3.8473
2586,2,6,62,12.2727,30.2381,3.0,0.400276,4.23,0.918,-10.7842,-3.8544
2587,2,6,63,12.2727,31.4286,3.0,0.330732,4.299,0.915,-10.5902,-3.7736
2588,2,6,64,12.2727,32.619,3.0,0.206875,4.379,0.912,-10.3644,-3.7948
2589,2,6,65,12.2727,33.8095,3.04,0.2400000000000002,4.538,0.909,-10.119,-3.8892
2590,2,6,66,12.2727,35.0,4.08,0.307298,7.052,0.896,-9.9017,-3.9485
2591,2,6,67,13.4091,10.0,2.92,0.663197,3.64,0.943,-10.8147,-3.9168
2592,2,6,68,13.4091,11.1905,2.92,0.654852,3.633,0.94,-12.8841,-4.0126
2593,2,6,69,13.4091,12.381,2.92,0.64845,3.659,0.942,-12.762,-4.1605
2594,2,6,70,13.4091,13.5714,2.92,0.638061,3.645,0.937,-12.7049,-4.0083
2595,2,6,71,13.4091,14.7619,2.92,0.63544,3.689,0.94,-12.5516,-4.2545
2596,2,6,72,13.4091,15.9524,2.92,0.626424,3.699,0.938,-12.4879,-4.0055
2597,2,6,73,13.4091,17.1429,2.92,0.612694,3.695,0.934,-12.3651,-4.0698
2598,2,6,74,13.4091,18.3333,2.96,0.600131,3.751,0.931,-12.2224,-4.246
2599,2,6,75,13.4091,19.5238,2.96,0.586498,3.758,0.927,-12.0648,-4.417
2600,2,6,76,13.4091,20.7143,2.96,0.59325,3.864,0.937,-11.9125,-4.5772
2601,2,6,77,13.4091,21.9048,2.96,0.579067,3.892,0.936,-11.9364,-3.8907
2602,2,6,78,13.4091,23.0952,2.96,0.565054,3.918,0.933,-11.7978,-3.8982
2603,2,6,79,13.4091,24.2857,2.96,0.545927,3.944,0.931,-11.6343,-3.9572
2604,2,6,80,13.4091,25.4762,2.96,0.527617,3.974,0.928,-11.4798,-4.0035
2605,2,6,81,13.4091,26.6667,2.96,0.504881,4.01,0.925,-11.3023,-4.0615
2606,2,6,82,13.4091,27.8571,2.96,0.480129,4.053,0.923,-11.1408,-4.0725
2607,2,6,83,13.4091,29.0476,3.0,0.449046,4.173,0.921,-10.9553,-4.0874
2608,2,6,84,13.4091,30.2381,3.0,0.407694,4.239,0.918,-10.7853,-4.0946
2609,2,6,85,13.4091,31.4286,3.0,0.359219,4.306,0.916,-10.5975,-4.0998
2610,2,6,86,13.4091,32.619,3.04,0.282695,4.458,0.913,-10.4216,-4.1058
2611,2,6,87,13.4091,33.8095,3.04,0.133592,4.558,0.913,-10.2281,-4.1188
2612,2,6,88,13.4091,35.0,3.96,0.177298,6.746,0.889,-10.0433,-4.0656
2613,2,6,89,14.5455,18.3333,2.96,0.551227,3.739,0.933,-10.1608,-4.1911
2614,2,6,90,14.5455,19.5238,2.96,0.53877,3.749,0.93,-11.7372,-5.1829
2615,2,6,91,14.5455,20.7143,2.96,0.524474,3.762,0.926,-11.609,-5.3705
2616,2,6,92,15.6818,10.0,2.88,0.51603,1.272,0.842,-11.4798,-5.5443
2617,2,6,93,15.6818,11.1905,2.84,0.491356,1.265,0.839,-12.4579,-1.533
2618,2,6,94,15.6818,12.381,2.8,0.471872,1.255,0.835,-12.1049,-1.3583
2619,2,6,95,15.6818,13.5714,2.8,0.451374,1.239,0.83,-11.8445,-1.3525
2620,2,6,96,15.6818,14.7619,2.76,0.430176,1.226,0.826,-11.6098,-1.3564
2621,2,6,97,15.6818,15.9524,2.76,0.406707,1.21,0.821,-11.387,-1.3749
2622,2,6,98,15.6818,17.1429,2.76,0.37096,1.196,0.817,-11.1956,-1.3933
2623,2,6,99,15.6818,18.3333,2.72,0.331641,1.183,0.815,-10.9461,-1.3609
2624,2,6,100,15.6818,19.5238,2.72,0.280069,1.174,0.812,-10.7273,-1.3372
2625,2,6,101,15.6818,20.7143,2.72,0.224768,1.158,0.807,-10.4978,-1.2597
2626,2,6,102,15.6818,21.9048,2.68,0.142515,1.144,0.804,-10.3017,-1.2682
2627,2,6,103,15.6818,23.0952,2.68,0.1600000000000001,1.129,0.8,-10.1201,-1.2771
2628,2,6,104,15.6818,24.2857,2.68,0.0,1.112,0.796,-9.9486,-1.2879
2629,2,6,105,15.6818,25.4762,2.68,0.0,1.094,0.791,-9.775,-1.2994
2630,2,6,106,15.6818,26.6667,2.64,0.0,1.08,0.788,-9.6082,-1.3138
2631,2,6,107,15.6818,27.8571,2.64,0.0,1.061,0.783,-9.464,-1.3331
2632,2,6,108,15.6818,29.0476,2.64,0.0,1.044,0.779,-9.3267,-1.3428
2633,2,6,109,15.6818,30.2381,2.64,0.0,1.024,0.774,-9.1788,-1.3679
2634,2,6,110,15.6818,31.4286,2.6,0.0,1.007,0.771,-9.043,-1.3721
2635,2,6,111,15.6818,32.619,2.6,0.0,0.989,0.766,-8.9093,-1.3854
2636,2,6,112,15.6818,33.8095,2.6,0.0,0.965,0.761,-8.7762,-1.3956
2637,2,6,113,15.6818,35.0,2.6,0.0,0.952,0.758,-8.6179,-1.3983
2638,2,6,114,16.8182,10.0,2.76,0.471552,1.281,0.837,-8.4955,-1.3895
2639,2,6,115,16.8182,11.1905,2.72,0.457675,1.27,0.834,-12.1745,-1.351
2640,2,6,116,16.8182,12.381,2.72,0.437297,1.256,0.83,-11.9558,-1.3671
2641,2,6,117,16.8182,13.5714,2.68,0.417196,1.246,0.828,-11.6976,-1.341
2642,2,6,118,16.8182,14.7619,2.68,0.396975,1.233,0.824,-11.471,-1.3389
2643,2,6,119,16.8182,15.9524,2.68,0.376545,1.219,0.82,-11.2827,-1.3522
2644,2,6,120,16.8182,17.1429,2.64,0.352987,1.208,0.817,-11.0967,-1.3716
2645,2,6,121,16.8182,18.3333,2.64,0.308611,1.202,0.816,-10.9251,-1.3906
2646,2,6,122,16.8182,19.5238,2.64,0.263594,1.191,0.813,-10.6803,-1.3097
2647,2,6,123,16.8182,20.7143,2.6,0.215659,1.18,0.811,-10.4733,-1.2884
2648,2,6,124,16.8182,21.9048,2.6,0.146906,1.167,0.807,-10.3019,-1.2947
2649,2,6,125,16.8182,23.0952,2.6,0.1600000000000001,1.154,0.803,-10.1409,-1.3022
2650,2,6,126,16.8182,24.2857,2.6,0.0,1.139,0.8,-9.9776,-1.3115
2651,2,6,127,16.8182,25.4762,2.56,0.0,1.125,0.798,-9.8183,-1.3205
2652,2,6,128,16.8182,26.6667,2.56,0.0,1.111,0.794,-9.6642,-1.3289
2653,2,6,129,16.8182,27.8571,2.56,0.0,1.095,0.79,-9.519,-1.3388
2654,2,6,130,16.8182,29.0476,2.56,0.0,1.078,0.785,-9.3854,-1.3437
2655,2,6,131,16.8182,30.2381,2.56,0.0,1.059,0.78,-9.2489,-1.3647
2656,2,6,132,16.8182,31.4286,2.52,0.0,1.043,0.778,-9.1236,-1.3684
2657,2,6,133,16.8182,32.619,2.52,0.0,1.027,0.774,-9.0017,-1.3803
2658,2,6,134,16.8182,33.8095,2.52,0.0,1.01,0.77,-8.8753,-1.3993
2659,2,6,135,16.8182,35.0,2.52,0.0,0.992,0.766,-8.7425,-1.3703
2660,2,6,136,17.9545,10.0,2.64,0.436822,1.284,0.836,-8.621,-1.3741
2661,2,6,137,17.9545,11.1905,2.64,0.431472,1.271,0.831,-12.0161,-1.333
2662,2,6,138,17.9545,12.381,2.6,0.405995,1.265,0.832,-11.8612,-1.4046
2663,2,6,139,17.9545,13.5714,2.6,0.38792,1.257,0.829,-11.5695,-1.3306
2664,2,6,140,17.9545,14.7619,2.6,0.367869,1.246,0.826,-11.3784,-1.3311
2665,2,6,141,17.9545,15.9524,2.56,0.347729,1.236,0.824,-11.179,-1.3337
2666,2,6,142,17.9545,17.1429,2.56,0.326654,1.226,0.82,-11.0038,-1.3578
2667,2,6,143,17.9545,18.3333,2.56,0.285012,1.222,0.819,-10.8586,-1.3779
2668,2,6,144,17.9545,19.5238,2.52,0.250993,1.214,0.818,-10.6289,-1.3164
2669,2,6,145,17.9545,20.7143,2.52,0.20527,1.202,0.815,-10.4596,-1.3164
2670,2,6,146,17.9545,21.9048,2.52,0.149881,1.191,0.812,-10.2987,-1.3274
2671,2,6,147,17.9545,23.0952,2.52,0.028811,1.176,0.808,-10.1578,-1.3394
2672,2,6,148,17.9545,24.2857,2.52,0.04,1.162,0.804,-10.0126,-1.3396
2673,2,6,149,17.9545,25.4762,2.48,0.0,1.149,0.802,-9.8645,-1.3464
2674,2,6,150,17.9545,26.6667,2.48,0.0,1.135,0.799,-9.7271,-1.3527
2675,2,6,151,17.9545,27.8571,2.48,0.0,1.12,0.795,-9.5927,-1.3598
2676,2,6,152,17.9545,29.0476,2.48,0.0,1.106,0.791,-9.46,-1.3651
2677,2,6,153,17.9545,30.2381,2.48,0.0,1.09,0.787,-9.342,-1.371
2678,2,6,154,17.9545,31.4286,2.44,0.0,1.071,0.785,-9.2193,-1.3833
2679,2,6,155,17.9545,32.619,2.44,0.0,1.056,0.781,-9.1,-1.3957
2680,2,6,156,17.9545,33.8095,2.44,0.0,1.039,0.777,-8.9842,-1.4061
2681,2,6,157,17.9545,35.0,2.44,0.0,1.023,0.773,-8.8696,-1.4103
2682,2,6,158,19.0909,10.0,2.56,0.405968,1.297,0.838,-8.7588,-1.4136
2683,2,6,159,19.0909,11.1905,2.52,0.392399,1.289,0.837,-11.8742,-1.3199
2684,2,6,160,19.0909,12.381,2.52,0.378037,1.282,0.835,-11.6471,-1.3225
2685,2,6,161,19.0909,13.5714,2.52,0.36188,1.274,0.832,-11.4703,-1.3265
2686,2,6,162,19.0909,14.7619,2.52,0.344332,1.264,0.829,-11.2932,-1.3252
2687,2,6,163,19.0909,15.9524,2.48,0.322177,1.255,0.828,-11.1097,-1.3292
2688,2,6,164,19.0909,17.1429,2.48,0.300531,1.251,0.825,-10.935,-1.3421
2689,2,6,165,19.0909,18.3333,2.48,0.279949,1.242,0.822,-10.7898,-1.3563
2690,2,6,166,19.0909,19.5238,2.44,0.254791,1.228,0.82,-10.6579,-1.3823
2691,2,6,167,19.0909,20.7143,2.44,0.221984,1.217,0.817,-10.5133,-1.4033
2692,2,6,168,19.0909,21.9048,2.44,0.176852,1.204,0.814,-10.3835,-1.4178
2693,2,6,169,19.0909,23.0952,2.44,0.080157,1.196,0.812,-10.2365,-1.4282
2694,2,6,170,19.0909,24.2857,2.44,0.08,1.183,0.809,-10.0493,-1.3748
2695,2,6,171,19.0909,25.4762,2.44,0.0,1.168,0.805,-9.9113,-1.3829
2696,2,6,172,19.0909,26.6667,2.4,0.0,1.153,0.804,-9.7741,-1.391
2697,2,6,173,19.0909,27.8571,2.4,0.0,1.14,0.801,-9.6658,-1.3844
2698,2,6,174,19.0909,29.0476,2.4,0.0,1.126,0.797,-9.5471,-1.3881
2699,2,6,175,19.0909,30.2381,2.4,0.0,1.111,0.793,-9.4302,-1.3916
2700,2,6,176,19.0909,31.4286,2.4,0.0,1.095,0.789,-9.3132,-1.3939
2701,2,6,177,19.0909,32.619,2.4,0.0,1.079,0.785,-9.2018,-1.4046
2702,2,6,178,19.0909,33.8095,2.36,0.0,1.059,0.783,-9.0913,-1.4287
2703,2,6,179,19.0909,35.0,7.0,0.0,3.738,0.754,-9.0012,-1.4246
2704,2,6,180,20.2273,10.0,7.0,0.349383,5.327,0.805,-8.9847,-1.428
2705,2,6,181,20.2273,11.1905,2.44,0.366037,1.305,0.84,-11.9475,-1.321
2706,2,6,182,20.2273,12.381,2.44,0.361113,1.293,0.836,-11.5527,-1.3227
2707,2,6,183,20.2273,13.5714,2.44,0.338772,1.289,0.835,-11.4489,-1.3968
2708,2,6,184,20.2273,14.7619,2.44,0.322759,1.278,0.832,-11.2213,-1.3312
2709,2,6,185,20.2273,15.9524,2.4,0.301422,1.272,0.833,-11.0458,-1.3462
2710,2,6,186,20.2273,17.1429,2.4,0.284013,1.265,0.83,-10.891,-1.3697
2711,2,6,187,20.2273,18.3333,2.4,0.265722,1.254,0.827,-10.7656,-1.3788
2712,2,6,188,20.2273,19.5238,2.4,0.243754,1.241,0.823,-10.6453,-1.4051
2713,2,6,189,20.2273,20.7143,2.36,0.217399,1.223,0.821,-10.5131,-1.4301
2714,2,6,190,20.2273,21.9048,2.36,0.179327,1.213,0.818,-10.3905,-1.4578
2715,2,6,191,20.2273,23.0952,2.36,0.123538,1.2,0.815,-10.2634,-1.4427
2716,2,6,192,20.2273,24.2857,2.36,0.016587,1.188,0.812,-10.1295,-1.4489
2717,2,6,193,20.2273,25.4762,2.36,0.04,1.175,0.808,-10.0095,-1.4592
2718,2,6,194,20.2273,26.6667,2.36,0.0,1.163,0.806,-9.8998,-1.4553
2719,2,6,195,20.2273,27.8571,2.32,0.0,1.142,0.803,-9.7567,-1.4362
2720,2,6,196,20.2273,29.0476,2.32,0.0,1.133,0.802,-9.6643,-1.4632
2721,2,6,197,20.2273,30.2381,2.32,0.0,1.119,0.798,-9.5083,-1.416
2722,2,6,198,20.2273,31.4286,2.32,0.0,1.107,0.795,-9.396,-1.4239
2723,2,6,199,20.2273,32.619,2.32,0.0,1.093,0.791,-9.2978,-1.4238
2724,2,6,200,20.2273,33.8095,7.0,0.0,4.112,0.763,-9.2017,-1.4342
2725,2,6,201,20.2273,35.0,7.0,0.0,4.082,0.767,-9.2547,-1.4431
2726,2,6,202,21.3636,10.0,6.8,0.597675,5.42,0.808,-9.465,-1.496
2727,2,6,203,21.3636,11.1905,6.8,0.584286,5.373,0.805,-11.9023,-1.3985
2728,2,6,204,21.3636,12.381,2.36,0.331951,1.298,0.841,-11.5428,-1.3372
2729,2,6,205,21.3636,13.5714,2.36,0.31798,1.29,0.839,-11.3277,-1.3576
2730,2,6,206,21.3636,14.7619,2.36,0.303756,1.279,0.836,-11.171,-1.3426
2731,2,6,207,21.3636,15.9524,2.32,0.287721,1.27,0.835,-11.0166,-1.3529
2732,2,6,208,21.3636,17.1429,2.32,0.269989,1.26,0.833,-10.8764,-1.4012
2733,2,6,209,21.3636,18.3333,2.32,0.254133,1.251,0.83,-10.7493,-1.4108
2734,2,6,210,21.3636,19.5238,2.32,0.234901,1.238,0.826,-10.6437,-1.4284
2735,2,6,211,21.3636,20.7143,2.32,0.211207,1.224,0.822,-10.5248,-1.4523
2736,2,6,212,21.3636,21.9048,2.32,0.183012,1.211,0.819,-10.4087,-1.4731
2737,2,6,213,21.3636,23.0952,2.28,0.143575,1.192,0.817,-10.2873,-1.4815
2738,2,6,214,21.3636,24.2857,2.28,0.084814,1.18,0.814,-10.1767,-1.4854
2739,2,6,215,21.3636,25.4762,2.28,0.08,1.171,0.812,-10.0647,-1.49
2740,2,6,216,21.3636,26.6667,2.28,0.0,1.162,0.809,-9.9367,-1.4661
2741,2,6,217,21.3636,27.8571,2.28,0.0,1.148,0.805,-9.8203,-1.4431
2742,2,6,218,21.3636,29.0476,2.28,0.0,1.137,0.802,-9.7379,-1.4649
2743,2,6,219,21.3636,30.2381,2.28,0.0,1.126,0.799,-9.6029,-1.4497
2744,2,6,220,21.3636,31.4286,2.24,0.0,1.103,0.797,-9.5074,-1.4465
2745,2,6,221,21.3636,32.619,7.0,0.0,4.41,0.765,-9.3996,-1.4503
2746,2,6,222,21.3636,33.8095,7.0,0.0,4.382,0.771,-9.385,-1.4378
2747,2,6,223,21.3636,35.0,7.0,0.0,4.379,0.779,-9.6295,-1.4372
2748,2,6,224,22.5,10.0,6.52,0.815655,5.381,0.808,-9.8516,-1.477
2749,2,6,225,22.5,11.1905,6.52,0.761749,5.346,0.808,-11.8403,-1.4251
2750,2,6,226,22.5,12.381,2.28,0.313076,1.278,0.841,-11.4867,-1.3428
2751,2,6,227,22.5,13.5714,2.28,0.302846,1.273,0.838,-11.264,-1.3349
2752,2,6,228,22.5,14.7619,2.28,0.287315,1.268,0.836,-11.1552,-1.4505
2753,2,6,229,22.5,15.9524,2.28,0.274588,1.259,0.834,-11.0043,-1.4318
2754,2,6,230,22.5,17.1429,2.28,0.2595,1.249,0.831,-10.8772,-1.4384
2755,2,6,231,22.5,18.3333,2.24,0.240752,1.225,0.828,-10.7407,-1.441
2756,2,6,232,22.5,19.5238,2.24,0.227727,1.217,0.825,-10.6241,-1.452
2757,2,6,233,22.5,20.7143,2.24,0.207482,1.207,0.822,-10.5426,-1.4702
2758,2,6,234,22.5,21.9048,2.24,0.183788,1.196,0.819,-10.4365,-1.4804
2759,2,6,235,22.5,23.0952,2.24,0.151733,1.186,0.816,-10.3317,-1.4875
2760,2,6,236,22.5,24.2857,2.24,0.112528,1.175,0.813,-10.2134,-1.4879
2761,2,6,237,22.5,25.4762,2.24,0.1200000000000001,1.166,0.811,-10.1135,-1.4886
2762,2,6,238,22.5,26.6667,2.2,0.0,1.145,0.808,-9.9792,-1.4709
2763,2,6,239,22.5,27.8571,2.2,0.0,1.136,0.805,-9.8847,-1.4712
2764,2,6,240,22.5,29.0476,2.2,0.0,1.127,0.803,-9.7937,-1.4724
2765,2,6,241,22.5,30.2381,2.2,0.0,1.118,0.8,-9.7169,-1.4709
2766,2,6,242,22.5,31.4286,2.2,0.0,1.108,0.797,-9.6248,-1.4696
2767,2,6,243,22.5,32.619,7.0,0.0,4.644,0.771,-9.5332,-1.4684
2768,2,6,244,22.5,33.8095,7.0,0.0,4.618,0.777,-9.5009,-1.45
2769,2,6,245,22.5,35.0,7.0,0.057529,4.585,0.785,-9.7962,-1.4487
2770,2,6,246,23.6364,10.0,6.32,0.736572,5.331,0.81,-10.2395,-1.4669
2771,2,6,247,23.6364,11.1905,6.32,0.683617,5.3,0.808,-11.7521,-1.3601
2772,2,6,248,23.6364,12.381,2.24,0.294269,1.264,0.836,-11.4016,-1.3502
2773,2,6,249,23.6364,13.5714,2.2,0.286354,1.238,0.831,-11.2297,-1.4475
2774,2,6,250,23.6364,14.7619,2.2,0.27549,1.236,0.83,-11.0995,-1.465
2775,2,6,251,23.6364,15.9524,2.2,0.264109,1.227,0.828,-10.9946,-1.4651
2776,2,6,252,23.6364,17.1429,2.2,0.250731,1.219,0.826,-10.8838,-1.4718
2777,2,6,253,23.6364,18.3333,2.2,0.237088,1.212,0.824,-10.7654,-1.474
2778,2,6,254,23.6364,19.5238,2.2,0.220891,1.203,0.821,-10.6536,-1.4752
2779,2,6,255,23.6364,20.7143,2.2,0.205007,1.192,0.818,-10.544,-1.481
2780,2,6,256,23.6364,21.9048,2.16,0.187926,1.171,0.814,-10.4415,-1.4983
2781,2,6,257,23.6364,23.0952,2.16,0.157546,1.166,0.813,-10.3646,-1.5104
2782,2,6,258,23.6364,24.2857,2.16,0.122844,1.158,0.811,-10.2573,-1.4949
2783,2,6,259,23.6364,25.4762,2.16,0.089101,1.151,0.809,-10.1566,-1.4934
2784,2,6,260,23.6364,26.6667,2.16,0.1200000000000001,1.144,0.807,-10.079,-1.4968
2785,2,6,261,23.6364,27.8571,2.16,0.0,1.136,0.804,-9.9833,-1.494
2786,2,6,262,23.6364,29.0476,2.16,0.0,1.128,0.802,-9.8951,-1.4934
2787,2,6,263,23.6364,30.2381,2.16,0.0,1.122,0.801,-9.8058,-1.4904
2788,2,6,264,23.6364,31.4286,2.16,0.0,1.114,0.798,-9.7024,-1.4719
2789,2,6,265,23.6364,32.619,7.0,0.0,4.78,0.772,-9.6135,-1.4694
2790,2,6,266,23.6364,33.8095,7.0,0.011284,4.743,0.779,-9.6046,-1.4655
2791,2,6,267,23.6364,35.0,7.0,0.131437,4.764,0.787,-10.0367,-1.4761
2792,2,6,268,24.7727,10.0,6.08,0.669695,5.249,0.814,-10.4274,-1.4611
2793,2,6,269,24.7727,11.1905,2.16,0.290726,1.234,0.828,-11.5791,-1.3569
2794,2,6,270,24.7727,12.381,2.16,0.282305,1.227,0.827,-11.338,-1.3589
2795,2,6,271,24.7727,13.5714,2.16,0.272075,1.225,0.826,-11.2145,-1.376
2796,2,6,272,24.7727,14.7619,2.16,0.26876,1.219,0.824,-11.0963,-1.4697
2797,2,6,273,24.7727,15.9524,2.16,0.254714,1.214,0.823,-11.0271,-1.5309
2798,2,6,274,24.7727,17.1429,2.12,0.242739,1.192,0.82,-10.8767,-1.5045
2799,2,6,275,24.7727,18.3333,2.12,0.231369,1.19,0.819,-10.765,-1.5035
2800,2,6,276,24.7727,19.5238,2.12,0.21667,1.184,0.817,-10.6814,-1.5039
2801,2,6,277,24.7727,20.7143,2.12,0.203231,1.179,0.816,-10.5781,-1.502
2802,2,6,278,24.7727,21.9048,2.12,0.188649,1.172,0.814,-10.4943,-1.5074
2803,2,6,279,24.7727,23.0952,2.12,0.172874,1.166,0.812,-10.4123,-1.5193
2804,2,6,280,24.7727,24.2857,2.12,0.148419,1.16,0.81,-10.3309,-1.5245
2805,2,6,281,24.7727,25.4762,2.12,0.116846,1.154,0.809,-10.2324,-1.5188
2806,2,6,282,24.7727,26.6667,2.12,0.060173,1.148,0.807,-10.1402,-1.5154
2807,2,6,283,24.7727,27.8571,2.08,0.08,1.134,0.806,-10.0331,-1.4993
2808,2,6,284,24.7727,29.0476,2.08,0.0,1.134,0.806,-9.952,-1.5085
2809,2,6,285,24.7727,30.2381,2.08,0.0,1.129,0.804,-9.8837,-1.4927
2810,2,6,286,24.7727,31.4286,2.08,0.0,1.124,0.803,-9.8052,-1.489
2811,2,6,287,24.7727,32.619,7.0,0.0,4.88,0.772,-9.7284,-1.4852
2812,2,6,288,24.7727,33.8095,7.0,0.029923,4.887,0.779,-9.6733,-1.4738
2813,2,6,289,24.7727,35.0,7.0,0.164127,4.906,0.787,-10.0686,-1.4677
2814,2,6,290,25.9091,10.0,2.12,0.281414,1.244,0.828,-10.4688,-1.4656
2815,2,6,291,25.9091,11.1905,2.12,0.284912,1.225,0.823,-11.4353,-1.3942
2816,2,6,292,25.9091,12.381,2.12,0.268986,1.228,0.825,-11.3988,-1.4979
2817,2,6,293,25.9091,13.5714,2.08,0.263476,1.218,0.825,-11.1895,-1.4
2818,2,6,294,25.9091,14.7619,2.08,0.263148,1.209,0.822,-11.0982,-1.5243
2819,2,6,295,25.9091,15.9524,2.08,0.247604,1.21,0.823,-11.0638,-1.5872
2820,2,6,296,25.9091,17.1429,2.08,0.23812,1.205,0.822,-10.918,-1.5329
2821,2,6,297,25.9091,18.3333,2.08,0.229163,1.202,0.821,-10.8186,-1.5289
2822,2,6,298,25.9091,19.5238,2.08,0.216985,1.197,0.82,-10.7295,-1.5293
2823,2,6,299,25.9091,20.7143,2.08,0.203831,1.192,0.819,-10.6309,-1.525
2824,2,6,300,25.9091,21.9048,2.08,0.193046,1.185,0.817,-10.5347,-1.5206
2825,2,6,301,25.9091,23.0952,2.08,0.180657,1.178,0.815,-10.4558,-1.5319
2826,2,6,302,25.9091,24.2857,2.04,0.160665,1.168,0.815,-10.3774,-1.5426
2827,2,6,303,25.9091,25.4762,2.04,0.137068,1.168,0.815,-10.2963,-1.5371
2828,2,6,304,25.9091,26.6667,2.04,0.101334,1.165,0.814,-10.2099,-1.5186
2829,2,6,305,25.9091,27.8571,2.04,0.069108,1.16,0.812,-10.1129,-1.4957
2830,2,6,306,25.9091,29.0476,2.04,0.08,1.155,0.811,-10.0585,-1.5097
2831,2,6,307,25.9091,30.2381,2.04,0.0,1.153,0.81,-9.9507,-1.4869
2832,2,6,308,25.9091,31.4286,2.04,0.0,1.149,0.808,-9.8898,-1.4825
2833,2,6,309,25.9091,32.619,2.04,0.0,1.144,0.807,-9.8178,-1.4781
2834,2,6,310,25.9091,33.8095,7.0,0.0,5.035,0.78,-9.7458,-1.474
2835,2,6,311,25.9091,35.0,7.0,0.167014,5.053,0.787,-9.9764,-1.463
2836,2,6,312,27.0455,10.0,2.08,0.268885,1.248,0.831,-10.3316,-1.4601
2837,2,6,313,27.0455,11.1905,2.04,0.26737,1.229,0.83,-11.3965,-1.4006
2838,2,6,314,27.0455,12.381,2.04,0.257468,1.232,0.831,-11.3127,-1.4571
2839,2,6,315,27.0455,13.5714,2.04,0.251691,1.231,0.83,-11.1877,-1.4527
2840,2,6,316,27.0455,14.7619,2.04,0.249614,1.23,0.83,-11.0959,-1.4651
2841,2,6,317,27.0455,15.9524,2.04,0.243605,1.225,0.829,-11.0457,-1.556
2842,2,6,318,27.0455,17.1429,2.04,0.235561,1.221,0.828,-10.9514,-1.5595
2843,2,6,319,27.0455,18.3333,2.04,0.22803,1.218,0.827,-10.8489,-1.5538
2844,2,6,320,27.0455,19.5238,2.04,0.218839,1.213,0.826,-10.76,-1.5523
2845,2,6,321,27.0455,20.7143,2.0,0.207673,1.203,0.826,-10.665,-1.5471
2846,2,6,322,27.0455,21.9048,2.0,0.197395,1.201,0.825,-10.5823,-1.5414
2847,2,6,323,27.0455,23.0952,2.0,0.18692,1.197,0.823,-10.5113,-1.5357
2848,2,6,324,27.0455,24.2857,2.0,0.17097,1.192,0.822,-10.4508,-1.5467
2849,2,6,325,27.0455,25.4762,2.0,0.150966,1.19,0.821,-10.3715,-1.5394
2850,2,6,326,27.0455,26.6667,2.0,0.129715,1.187,0.82,-10.284,-1.5175
2851,2,6,327,27.0455,27.8571,2.0,0.105823,1.182,0.818,-10.21,-1.5117
2852,2,6,328,27.0455,29.0476,2.0,0.075843,1.178,0.817,-10.1396,-1.5077
2853,2,6,329,27.0455,30.2381,2.0,0.08,1.172,0.815,-10.0673,-1.5022
2854,2,6,330,27.0455,31.4286,2.0,0.0,1.169,0.813,-9.9826,-1.4967
2855,2,6,331,27.0455,32.619,2.0,0.0,1.173,0.813,-9.9273,-1.492
2856,2,6,332,27.0455,33.8095,7.0,0.0,5.144,0.778,-9.8487,-1.4616
2857,2,6,333,27.0455,35.0,7.0,0.16536,5.149,0.784,-9.9536,-1.459
2858,2,6,334,28.1818,10.0,2.0,0.259455,1.212,0.831,-10.214,-1.4567
2859,2,6,335,28.1818,11.1905,2.0,0.257588,1.214,0.831,-11.417,-1.4409
2860,2,6,336,28.1818,12.381,2.0,0.249476,1.222,0.833,-11.34,-1.4808
2861,2,6,337,28.1818,13.5714,2.0,0.244972,1.224,0.833,-11.208,-1.4536
2862,2,6,338,28.1818,14.7619,2.0,0.243686,1.227,0.833,-11.1112,-1.4757
2863,2,6,339,28.1818,15.9524,2.0,0.243881,1.218,0.83,-11.0581,-1.569
2864,2,6,340,28.1818,17.1429,1.96,0.232373,1.208,0.831,-11.0097,-1.6246
2865,2,6,341,28.1818,18.3333,1.96,0.224018,1.209,0.83,-10.8826,-1.5763
2866,2,6,342,28.1818,19.5238,1.96,0.216296,1.209,0.829,-10.8011,-1.5577
2867,2,6,343,28.1818,20.7143,1.96,0.20813,1.208,0.829,-10.7265,-1.5498
2868,2,6,344,28.1818,21.9048,1.96,0.201338,1.207,0.828,-10.6498,-1.5415
2869,2,6,345,28.1818,23.0952,1.96,0.190241,1.204,0.826,-10.5929,-1.5542
2870,2,6,346,28.1818,24.2857,1.96,0.179058,1.2,0.825,-10.5137,-1.5411
2871,2,6,347,28.1818,25.4762,1.96,0.168305,1.198,0.824,-10.4399,-1.5333
2872,2,6,348,28.1818,26.6667,1.96,0.152658,1.194,0.822,-10.3724,-1.5357
2873,2,6,349,28.1818,27.8571,1.96,0.134343,1.19,0.821,-10.2968,-1.5218
2874,2,6,350,28.1818,29.0476,1.96,0.113054,1.187,0.819,-10.2301,-1.5173
2875,2,6,351,28.1818,30.2381,1.96,0.092462,1.183,0.817,-10.1603,-1.5094
2876,2,6,352,28.1818,31.4286,1.96,0.056783,1.178,0.816,-10.1023,-1.5158
2877,2,6,353,28.1818,32.619,1.96,0.08,1.183,0.816,-10.0369,-1.5106
2878,2,6,354,28.1818,33.8095,7.0,0.0,5.228,0.777,-9.9529,-1.4602
2879,2,6,355,28.1818,35.0,7.0,0.122036,5.213,0.779,-9.9691,-1.4578
2880,2,6,356,29.3182,10.0,1.96,0.259257,1.141,0.818,-10.0925,-1.4558
2881,2,6,357,29.3182,11.1905,1.96,0.245617,1.167,0.824,-11.5195,-1.5747
2882,2,6,358,29.3182,12.381,1.96,0.245027,1.173,0.824,-11.3118,-1.4642
2883,2,6,359,29.3182,13.5714,1.96,0.238595,1.185,0.827,-11.2385,-1.5209
2884,2,6,360,29.3182,14.7619,1.92,0.237095,1.171,0.824,-11.1232,-1.5198
2885,2,6,361,29.3182,15.9524,1.92,0.234615,1.175,0.824,-11.0664,-1.5735
2886,2,6,362,29.3182,17.1429,1.92,0.229644,1.179,0.825,-11.0188,-1.5936
2887,2,6,363,29.3182,18.3333,1.92,0.223368,1.182,0.825,-10.9515,-1.5937
2888,2,6,364,29.3182,19.5238,1.92,0.217305,1.184,0.824,-10.8739,-1.5783
2889,2,6,365,29.3182,20.7143,1.92,0.210478,1.186,0.824,-10.8013,-1.5684
2890,2,6,366,29.3182,21.9048,1.92,0.202672,1.187,0.823,-10.7268,-1.5595
2891,2,6,367,29.3182,23.0952,1.92,0.194477,1.186,0.822,-10.6546,-1.5507
2892,2,6,368,29.3182,24.2857,1.92,0.187385,1.185,0.821,-10.5834,-1.5425
2893,2,6,369,29.3182,25.4762,1.92,0.177988,1.184,0.82,-10.5223,-1.5452
2894,2,6,370,29.3182,26.6667,1.92,0.166215,1.183,0.819,-10.4527,-1.5371
2895,2,6,371,29.3182,27.8571,1.92,0.160603,1.18,0.818,-10.3767,-1.5218
2896,2,6,372,29.3182,29.0476,1.92,0.141233,1.18,0.817,-10.3412,-1.5508
2897,2,6,373,29.3182,30.2381,1.92,0.124669,1.178,0.816,-10.2517,-1.5125
2898,2,6,374,29.3182,31.4286,1.92,0.10508,1.175,0.815,-10.1897,-1.506
2899,2,6,375,29.3182,32.619,1.92,0.076714,1.173,0.814,-10.1276,-1.5011
2900,2,6,376,29.3182,33.8095,1.88,0.043626,1.169,0.812,-10.0692,-1.4971
2901,2,6,377,29.3182,35.0,1.88,0.08,1.174,0.813,-10.01,-1.4655
2902,2,6,378,30.4545,10.0,1.92,0.247537,1.091,0.808,-9.9755,-1.4493
2903,2,6,379,30.4545,11.1905,1.92,0.238642,1.11,0.812,-11.482,-1.5448
2904,2,6,380,30.4545,12.381,1.92,0.242116,1.109,0.81,-11.3137,-1.4834
2905,2,6,381,30.4545,13.5714,1.88,0.232112,1.114,0.811,-11.2816,-1.5817
2906,2,6,382,30.4545,14.7619,1.88,0.229223,1.125,0.812,-11.1361,-1.5145
2907,2,6,383,30.4545,15.9524,1.88,0.228194,1.139,0.814,-11.0805,-1.5293
2908,2,6,384,30.4545,17.1429,1.88,0.229967,1.141,0.814,-11.0491,-1.5709
2909,2,6,385,30.4545,18.3333,1.88,0.222625,1.149,0.815,-11.0362,-1.6272
2910,2,6,386,30.4545,19.5238,1.88,0.218498,1.154,0.816,-10.9424,-1.596
2911,2,6,387,30.4545,20.7143,1.88,0.212925,1.158,0.816,-10.8759,-1.5868
2912,2,6,388,30.4545,21.9048,1.88,0.206921,1.162,0.816,-10.8055,-1.578
2913,2,6,389,30.4545,23.0952,1.88,0.200252,1.164,0.816,-10.736,-1.5698
2914,2,6,390,30.4545,24.2857,1.88,0.194036,1.166,0.815,-10.6666,-1.5618
2915,2,6,391,30.4545,25.4762,1.88,0.186647,1.168,0.815,-10.604,-1.5546
2916,2,6,392,30.4545,26.6667,1.88,0.17909,1.169,0.815,-10.5383,-1.548
2917,2,6,393,30.4545,27.8571,1.88,0.170605,1.169,0.814,-10.476,-1.5445
2918,2,6,394,30.4545,29.0476,1.88,0.16152,1.17,0.813,-10.4142,-1.5382
2919,2,6,395,30.4545,30.2381,1.88,0.150345,1.17,0.813,-10.3599,-1.536
2920,2,6,396,30.4545,31.4286,1.84,0.136767,1.174,0.813,-10.2998,-1.5284
2921,2,6,397,30.4545,32.619,1.84,0.125123,1.174,0.812,-10.2371,-1.4567
2922,2,6,398,30.4545,33.8095,1.84,0.107622,1.173,0.812,-10.1879,-1.4557
2923,2,6,399,30.4545,35.0,1.84,0.084686,1.172,0.811,-10.1402,-1.4553
2924,2,6,400,31.5909,10.0,1.88,0.235218,1.13,0.813,-10.0929,-1.4555
2925,2,6,401,31.5909,11.1905,1.88,0.231851,1.128,0.812,-11.4321,-1.5065
2926,2,6,402,31.5909,12.381,1.84,0.230467,1.139,0.811,-11.3196,-1.5025
2927,2,6,403,31.5909,13.5714,1.84,0.228613,1.143,0.811,-11.2477,-1.5248
2928,2,6,404,31.5909,14.7619,1.84,0.225181,1.15,0.812,-11.197,-1.5399
2929,2,6,405,31.5909,15.9524,1.84,0.22456,1.159,0.813,-11.1306,-1.5354
2930,2,6,406,31.5909,17.1429,1.84,0.22664,1.164,0.813,-11.097,-1.5671
2931,2,6,407,31.5909,18.3333,1.84,0.222923,1.169,0.814,-11.0865,-1.6192
2932,2,6,408,31.5909,19.5238,1.84,0.219075,1.172,0.815,-11.0188,-1.6065
2933,2,6,409,31.5909,20.7143,1.84,0.215014,1.175,0.815,-10.9494,-1.5988
2934,2,6,410,31.5909,21.9048,1.84,0.210474,1.176,0.815,-10.8851,-1.5914
2935,2,6,411,31.5909,23.0952,1.84,0.205874,1.179,0.815,-10.8201,-1.5845
2936,2,6,412,31.5909,24.2857,1.84,0.20092,1.181,0.815,-10.7587,-1.5784
2937,2,6,413,31.5909,25.4762,1.84,0.195382,1.182,0.815,-10.6981,-1.5725
2938,2,6,414,31.5909,26.6667,1.84,0.189688,1.183,0.815,-10.6374,-1.5667
2939,2,6,415,31.5909,27.8571,1.84,0.183891,1.184,0.814,-10.5797,-1.5618
2940,2,6,416,31.5909,29.0476,1.84,0.177604,1.185,0.814,-10.5252,-1.5593
2941,2,6,417,31.5909,30.2381,1.84,0.169731,1.185,0.814,-10.4709,-1.5552
2942,2,6,418,31.5909,31.4286,1.84,0.161336,1.184,0.813,-10.4151,-1.5518
2943,2,6,419,31.5909,32.619,1.8,0.148309,1.191,0.814,-10.3636,-1.5487
2944,2,6,420,31.5909,33.8095,1.8,0.138883,1.189,0.814,-10.2955,-1.4717
2945,2,6,421,31.5909,35.0,1.8,0.132908,1.19,0.815,-10.2495,-1.4717
2946,2,6,422,32.7273,10.0,4.64,0.381094,4.102,0.839,-10.2256,-1.4509
2947,2,6,423,32.7273,11.1905,4.64,0.35698,4.053,0.836,-12.3885,-1.5207
2948,2,6,424,32.7273,12.381,4.64,0.325897,4.016,0.832,-11.8338,-1.5315
2949,2,6,425,32.7273,13.5714,1.8,0.226483,1.271,0.831,-11.3731,-1.5573
2950,2,6,426,32.7273,14.7619,1.8,0.222298,1.271,0.832,-11.2639,-1.5801
2951,2,6,427,32.7273,15.9524,1.8,0.223726,1.266,0.831,-11.1888,-1.5551
2952,2,6,428,32.7273,17.1429,1.8,0.224766,1.264,0.83,-11.1735,-1.589
2953,2,6,429,32.7273,18.3333,1.8,0.22143,1.259,0.829,-11.1508,-1.6197
2954,2,6,430,32.7273,19.5238,1.8,0.218122,1.256,0.828,-11.0803,-1.5995
2955,2,6,431,32.7273,20.7143,1.8,0.216588,1.255,0.827,-11.0123,-1.5898
2956,2,6,432,32.7273,21.9048,1.8,0.213127,1.251,0.826,-10.9653,-1.5986
2957,2,6,433,32.7273,23.0952,1.8,0.209773,1.25,0.826,-10.9041,-1.5939
2958,2,6,434,32.7273,24.2857,1.8,0.205476,1.246,0.825,-10.8477,-1.5897
2959,2,6,435,32.7273,25.4762,1.8,0.202334,1.244,0.825,-10.7869,-1.5858
2960,2,6,436,32.7273,26.6667,1.8,0.19819,1.241,0.824,-10.7378,-1.5824
2961,2,6,437,32.7273,27.8571,1.8,0.191174,1.238,0.823,-10.6848,-1.5794
2962,2,6,438,32.7273,29.0476,1.8,0.186345,1.235,0.823,-10.6164,-1.5503
2963,2,6,439,32.7273,30.2381,1.8,0.181405,1.231,0.822,-10.5654,-1.5468
2964,2,6,440,32.7273,31.4286,1.8,0.176572,1.234,0.823,-10.5175,-1.5444
2965,2,6,441,32.7273,32.619,1.8,0.170068,1.23,0.822,-10.4754,-1.46
2966,2,6,442,32.7273,33.8095,1.8,0.163721,1.226,0.821,-10.4286,-1.4622
2967,2,6,443,32.7273,35.0,1.8,0.153909,1.22,0.82,-10.3851,-1.4649
2968,2,6,444,33.8636,10.0,4.52,0.398799,3.823,0.845,-10.3278,-1.4674
2969,2,6,445,33.8636,11.1905,4.52,0.383633,3.794,0.842,-13.4677,-1.5409
2970,2,6,446,33.8636,12.381,4.52,0.364249,3.78,0.841,-12.7938,-1.6015
2971,2,6,447,33.8636,13.5714,4.52,0.341614,3.753,0.837,-12.2381,-1.5487
2972,2,6,448,33.8636,14.7619,4.52,0.313564,3.739,0.835,-11.7607,-1.6451
2973,2,6,449,33.8636,15.9524,1.76,0.221643,1.417,0.858,-11.3474,-1.5641
2974,2,6,450,33.8636,17.1429,1.76,0.223267,1.402,0.856,-11.2328,-1.5923
2975,2,6,451,33.8636,18.3333,1.76,0.225339,1.381,0.851,-11.2159,-1.6181
2976,2,6,452,33.8636,19.5238,1.76,0.21929,1.376,0.851,-11.1951,-1.6551
2977,2,6,453,33.8636,20.7143,1.76,0.216852,1.367,0.849,-11.0977,-1.6033
2978,2,6,454,33.8636,21.9048,1.76,0.214464,1.356,0.847,-11.0389,-1.5968
2979,2,6,455,33.8636,23.0952,1.76,0.211679,1.345,0.845,-10.9838,-1.5923
2980,2,6,456,33.8636,24.2857,1.76,0.209302,1.335,0.843,-10.9282,-1.5864
2981,2,6,457,33.8636,25.4762,1.76,0.206008,1.325,0.841,-10.8791,-1.5824
2982,2,6,458,33.8636,26.6667,1.76,0.203089,1.315,0.84,-10.8252,-1.5791
2983,2,6,459,33.8636,27.8571,1.76,0.200318,1.306,0.838,-10.7773,-1.5761
2984,2,6,460,33.8636,29.0476,1.76,0.196783,1.296,0.837,-10.7335,-1.5768
2985,2,6,461,33.8636,30.2381,1.76,0.192682,1.287,0.835,-10.6861,-1.5762
2986,2,6,462,33.8636,31.4286,1.76,0.189267,1.279,0.834,-10.6375,-1.5748
2987,2,6,463,33.8636,32.619,1.76,0.183875,1.275,0.833,-10.5961,-1.5743
2988,2,6,464,33.8636,33.8095,1.76,0.18004,1.269,0.831,-10.5501,-1.4899
2989,2,6,465,33.8636,35.0,1.76,0.179092,1.264,0.83,-10.5105,-1.4931
2990,2,6,466,35.0,10.0,4.4,0.409611,3.479,0.853,-10.492,-1.4708
2991,2,6,467,35.0,11.1905,4.4,0.400332,3.476,0.852,-14.6148,-1.646
2992,2,6,468,35.0,12.381,4.4,0.387769,3.485,0.851,-13.791,-1.6564
2993,2,6,469,35.0,13.5714,4.4,0.373218,3.48,0.849,-13.1452,-1.5667
2994,2,6,470,35.0,14.7619,4.4,0.355059,3.479,0.847,-12.5691,-1.6018
2995,2,6,471,35.0,15.9524,4.4,0.334177,3.471,0.843,-12.0945,-1.5712
2996,2,6,472,35.0,17.1429,1.72,0.222065,1.49,0.873,-11.6406,-1.6156
2997,2,6,473,35.0,18.3333,1.72,0.221097,1.473,0.871,-11.2794,-1.6163
2998,2,6,474,35.0,19.5238,1.72,0.219787,1.454,0.868,-11.2321,-1.6139
2999,2,6,475,35.0,20.7143,1.72,0.218259,1.437,0.865,-11.1777,-1.6107
3000,2,6,476,35.0,21.9048,1.72,0.216859,1.422,0.862,-11.1242,-1.6073
3001,2,6,477,35.0,23.0952,1.72,0.215123,1.406,0.859,-11.0762,-1.6047
3002,2,6,478,35.0,24.2857,1.72,0.213699,1.392,0.857,-11.0246,-1.6025
3003,2,6,479,35.0,25.4762,1.72,0.211068,1.377,0.854,-10.9798,-1.6012
3004,2,6,480,35.0,26.6667,1.72,0.209693,1.364,0.852,-10.9284,-1.6004
3005,2,6,481,35.0,27.8571,1.72,0.207921,1.351,0.849,-10.8883,-1.5999
3006,2,6,482,35.0,29.0476,1.72,0.205568,1.338,0.847,-10.8487,-1.602
3007,2,6,483,35.0,30.2381,1.72,0.203147,1.327,0.845,-10.8049,-1.6024
3008,2,6,484,35.0,31.4286,1.72,0.197775,1.317,0.843,-10.7639,-1.6034
3009,2,6,485,35.0,32.619,1.72,0.19733,1.312,0.841,-10.7062,-1.5706
3010,2,6,486,35.0,33.8095,1.72,0.194331,1.306,0.839,-10.6948,-1.4892
3011,2,6,487,35.0,35.0,1.72,0.192018,1.301,0.837,-10.6546,-1.4968
3012,3,7,1,10.0,10.0,3.96,3.501916,1.534,0.859,-16.8032,-1.2319
3013,3,7,2,10.0,11.1905,5.6,3.499716,3.032,0.861,-17.0569,-1.3238
3014,3,7,3,10.0,12.381,5.56,3.488999,3.077,0.867,-16.0736,-1.319
3015,3,7,4,10.0,13.5714,5.48,3.46676,3.153,0.873,-17.4342,-1.3118
3016,3,7,5,10.0,14.7619,5.4,3.431453,3.252,0.875,-18.5909,-1.3005
3017,3,7,6,10.0,15.9524,5.32,3.374987,3.36,0.875,-19.219,-1.3017
3018,3,7,7,10.0,17.1429,5.24,2.957224,3.456,0.873,-19.0423,-1.2911
3019,3,7,8,10.0,18.3333,5.16,2.223446,3.522,0.867,-18.1508,-1.28
3020,3,7,9,10.0,19.5238,5.08,1.675255,3.549,0.858,-16.8203,-1.2676
3021,3,7,10,10.0,20.7143,5.04,1.289056,3.535,0.845,-15.2825,-1.2556
3022,3,7,11,10.0,21.9048,4.96,0.984574,3.485,0.83,-13.8147,-1.2326
3023,3,7,12,10.0,23.0952,4.92,0.667865,3.42,0.81,-12.4787,-1.2249
3024,3,7,13,10.0,24.2857,4.88,0.151375,3.33,0.787,-11.2161,-1.2176
3025,3,7,14,10.0,25.4762,4.84,0.1200000000000001,3.216,0.759,-10.0659,-1.2115
3026,3,7,15,10.0,26.6667,4.8,0.0,3.066,0.728,-9.0284,-1.21
3027,3,7,16,10.0,27.8571,4.76,0.0,2.886,0.694,-8.0913,-1.2036
3028,3,7,17,10.0,29.0476,4.68,0.0,2.599,0.657,-7.2447,-1.1983
3029,3,7,18,10.0,30.2381,4.64,0.0,2.344,0.617,-6.4826,-1.1801
3030,3,7,19,10.0,31.4286,4.56,0.0,1.946,0.576,-5.797,-1.1739
3031,3,7,20,10.0,32.619,7.0,0.0,1.28,0.572,-5.1753,-1.1688
3032,3,7,21,10.0,33.8095,7.0,0.0,1.9,0.64,-5.6135,-1.1645
3033,3,7,22,10.0,35.0,7.0,0.0,2.366,0.701,-6.886,-1.1452
3034,3,7,23,11.1364,10.0,3.8,1.324407,1.072,0.855,-8.4738,-1.1404
3035,3,7,24,11.1364,11.1905,3.8,3.617034,1.04,0.848,-15.7388,-1.3278
3036,3,7,25,11.1364,12.381,7.0,3.603547,3.291,0.843,-14.7224,-1.3147
3037,3,7,26,11.1364,13.5714,5.56,3.578642,3.159,0.867,-15.9959,-1.3164
3038,3,7,27,11.1364,14.7619,5.48,3.541012,3.218,0.872,-16.9851,-1.3042
3039,3,7,28,11.1364,15.9524,5.4,3.483292,3.313,0.874,-18.1682,-1.2919
3040,3,7,29,11.1364,17.1429,5.28,3.21731,3.449,0.875,-18.6792,-1.2786
3041,3,7,30,11.1364,18.3333,5.2,2.561034,3.536,0.872,-18.398,-1.2655
3042,3,7,31,11.1364,19.5238,5.12,1.879159,3.583,0.865,-17.5032,-1.2165
3043,3,7,32,11.1364,20.7143,5.04,1.43712,3.593,0.855,-16.1297,-1.2124
3044,3,7,33,11.1364,21.9048,4.96,1.108542,3.551,0.84,-14.6398,-1.2238
3045,3,7,34,11.1364,23.0952,4.92,0.824771,3.49,0.822,-13.1467,-1.2186
3046,3,7,35,11.1364,24.2857,4.88,0.475621,3.409,0.8,-11.8682,-1.2145
3047,3,7,36,11.1364,25.4762,4.84,0.4800000000000004,3.306,0.774,-10.6442,-1.2104
3048,3,7,37,11.1364,26.6667,4.76,0.0,3.108,0.745,-9.5282,-1.2061
3049,3,7,38,11.1364,27.8571,4.72,0.0,2.93,0.712,-8.5344,-1.2025
3050,3,7,39,11.1364,29.0476,4.68,0.0,2.724,0.675,-7.6371,-1.1988
3051,3,7,40,11.1364,30.2381,4.6,0.0,2.384,0.636,-6.8249,-1.1791
3052,3,7,41,11.1364,31.4286,4.52,0.0,1.982,0.596,-6.099,-1.1743
3053,3,7,42,11.1364,32.619,7.0,0.0,1.428,0.581,-5.4498,-1.1698
3054,3,7,43,11.1364,33.8095,7.0,0.0,1.978,0.643,-5.6494,-1.151
3055,3,7,44,11.1364,35.0,7.0,0.0,2.409,0.698,-6.8132,-1.1459
3056,3,7,45,12.2727,10.0,3.64,1.008781,0.897,0.853,-8.2157,-1.1405
3057,3,7,46,12.2727,11.1905,7.0,2.073447,3.345,0.836,-14.9765,-1.3418
3058,3,7,47,12.2727,12.381,7.0,2.379129,3.475,0.854,-14.8499,-1.3191
3059,3,7,48,12.2727,13.5714,7.0,3.69081,3.543,0.853,-19.2015,-1.3046
3060,3,7,49,12.2727,14.7619,5.6,3.653179,3.305,0.869,-20.2205,-1.302
3061,3,7,50,12.2727,15.9524,5.48,3.596542,3.35,0.876,-17.6103,-1.2731
3062,3,7,51,12.2727,17.1429,5.36,3.322023,3.452,0.878,-18.8021,-1.2201
3063,3,7,52,12.2727,18.3333,5.24,2.80082,3.567,0.876,-19.107,-1.2177
3064,3,7,53,12.2727,19.5238,5.16,2.120353,3.634,0.871,-18.5118,-1.216
3065,3,7,54,12.2727,20.7143,5.04,1.605975,3.659,0.863,-17.2622,-1.2151
3066,3,7,55,12.2727,21.9048,5.0,1.267544,3.65,0.851,-15.7037,-1.2137
3067,3,7,56,12.2727,23.0952,4.92,0.967677,3.579,0.834,-14.1284,-1.2184
3068,3,7,57,12.2727,24.2857,4.84,0.663112,3.456,0.813,-12.6059,-1.2163
3069,3,7,58,12.2727,25.4762,4.8,0.18705,3.352,0.789,-11.2643,-1.2135
3070,3,7,59,12.2727,26.6667,4.72,0.2000000000000001,3.144,0.761,-10.1043,-1.2078
3071,3,7,60,12.2727,27.8571,4.68,0.0,2.97,0.729,-9.0179,-1.205
3072,3,7,61,12.2727,29.0476,4.64,0.0,2.763,0.693,-8.0587,-1.1853
3073,3,7,62,12.2727,30.2381,4.56,0.0,2.418,0.655,-7.1898,-1.1815
3074,3,7,63,12.2727,31.4286,4.48,0.0,2.011,0.615,-6.4225,-1.1749
3075,3,7,64,12.2727,32.619,7.0,0.0,1.527,0.586,-5.7386,-1.1699
3076,3,7,65,12.2727,33.8095,7.0,0.0,2.029,0.642,-5.6533,-1.1526
3077,3,7,66,12.2727,35.0,7.0,0.0,2.441,0.695,-6.6989,-1.1473
3078,3,7,67,13.4091,10.0,3.52,0.917298,0.961,0.852,-7.974,-1.1405
3079,3,7,68,13.4091,11.1905,7.0,1.844825,3.58,0.842,-14.5226,-1.354
3080,3,7,69,13.4091,12.381,7.0,2.064761,3.77,0.858,-16.6408,-1.3465
3081,3,7,70,13.4091,13.5714,6.8,2.298897,3.958,0.856,-27.74,-1.344
3082,3,7,71,13.4091,14.7619,6.48,3.765134,4.106,0.86,-27.6892,-1.2166
3083,3,7,72,13.4091,15.9524,5.6,3.714096,3.505,0.876,-21.8896,-1.2172
3084,3,7,73,13.4091,17.1429,5.44,3.349074,3.525,0.881,-19.6923,-1.2186
3085,3,7,74,13.4091,18.3333,5.28,2.927844,3.627,0.881,-20.5423,-1.2219
3086,3,7,75,13.4091,19.5238,5.16,2.374731,3.709,0.878,-20.1488,-1.2232
3087,3,7,76,13.4091,20.7143,5.08,1.788145,3.749,0.871,-18.8334,-1.224
3088,3,7,77,13.4091,21.9048,4.96,1.427945,3.722,0.862,-17.1073,-1.224
3089,3,7,78,13.4091,23.0952,4.88,1.13328,3.643,0.847,-15.3414,-1.2249
3090,3,7,79,13.4091,24.2857,4.84,0.848514,3.566,0.827,-13.6276,-1.2233
3091,3,7,80,13.4091,25.4762,4.76,0.500084,3.397,0.804,-12.0985,-1.2144
3092,3,7,81,13.4091,26.6667,4.68,0.4800000000000004,3.177,0.776,-10.7343,-1.2129
3093,3,7,82,13.4091,27.8571,4.64,0.0,3.003,0.745,-9.5099,-1.1914
3094,3,7,83,13.4091,29.0476,4.56,0.0,2.696,0.711,-8.5062,-1.19
3095,3,7,84,13.4091,30.2381,4.48,0.0,2.329,0.674,-7.5808,-1.1864
3096,3,7,85,13.4091,31.4286,4.4,0.0,1.911,0.634,-6.7617,-1.1784
3097,3,7,86,13.4091,32.619,7.0,0.0,1.608,0.59,-6.0447,-1.1587
3098,3,7,87,13.4091,33.8095,7.0,0.0,2.073,0.641,-5.6448,-1.1556
3099,3,7,88,13.4091,35.0,7.0,0.0,2.458,0.69,-6.5992,-1.1486
3100,3,7,89,14.5455,10.0,3.4,0.858527,1.086,0.851,-7.755,-1.1394
3101,3,7,90,14.5455,11.1905,7.0,1.604923,4.141,0.843,-14.2434,-1.3606
3102,3,7,91,14.5455,12.381,6.88,1.90244,4.231,0.85,-19.3919,-1.3413
3103,3,7,92,14.5455,13.5714,6.6,2.129597,4.245,0.858,-26.4699,-1.218
3104,3,7,93,14.5455,14.7619,6.32,2.379091,4.243,0.867,-36.9642,-1.2185
3105,3,7,94,14.5455,15.9524,5.96,3.646336,4.021,0.87,-31.2401,-1.2277
3106,3,7,95,14.5455,17.1429,5.52,3.329207,3.701,0.883,-24.3479,-1.2329
3107,3,7,96,14.5455,18.3333,5.32,2.978959,3.73,0.885,-23.7837,-1.2369
3108,3,7,97,14.5455,19.5238,5.16,2.570467,3.803,0.885,-23.1636,-1.2287
3109,3,7,98,14.5455,20.7143,5.04,2.033647,3.832,0.88,-21.2902,-1.231
3110,3,7,99,14.5455,21.9048,4.96,1.600774,3.817,0.871,-19.0326,-1.2333
3111,3,7,100,14.5455,23.0952,4.88,1.293853,3.748,0.858,-16.8368,-1.207
3112,3,7,101,14.5455,24.2857,4.8,1.01448,3.622,0.84,-14.8129,-1.2202
3113,3,7,102,14.5455,25.4762,4.72,0.710445,3.448,0.819,-13.0257,-1.2233
3114,3,7,103,14.5455,26.6667,4.64,0.227392,3.218,0.792,-11.4908,-1.2007
3115,3,7,104,14.5455,27.8571,4.56,0.2000000000000001,2.931,0.761,-10.1515,-1.1981
3116,3,7,105,14.5455,29.0476,4.48,0.0,2.605,0.727,-8.9563,-1.1963
3117,3,7,106,14.5455,30.2381,4.4,0.0,2.232,0.692,-7.9616,-1.1909
3118,3,7,107,14.5455,31.4286,4.32,0.0,1.811,0.653,-7.1298,-1.1795
3119,3,7,108,14.5455,32.619,4.2,0.0,1.23,0.614,-6.3805,-1.1608
3120,3,7,109,14.5455,33.8095,7.0,0.0,2.092,0.638,-5.7419,-1.1576
3121,3,7,110,14.5455,35.0,7.0,0.0,2.458,0.684,-6.5021,-1.1487
3122,3,7,111,15.6818,10.0,7.0,0.551814,4.663,0.82,-7.5657,-1.1371
3123,3,7,112,15.6818,11.1905,7.0,1.126401,4.897,0.833,-15.9683,-1.3561
3124,3,7,113,15.6818,12.381,6.68,1.743124,4.565,0.842,-19.484,-1.3462
3125,3,7,114,15.6818,13.5714,6.4,2.015247,4.382,0.855,-20.6842,-1.2171
3126,3,7,115,15.6818,14.7619,6.12,2.122877,4.267,0.866,-24.0246,-1.2137
3127,3,7,116,15.6818,15.9524,5.84,2.191469,4.097,0.877,-31.5515,-1.2162
3128,3,7,117,15.6818,17.1429,5.56,3.281644,3.914,0.885,-44.8177,-1.2148
3129,3,7,118,15.6818,18.3333,5.32,2.985392,3.882,0.889,-33.4513,-1.2183
3130,3,7,119,15.6818,19.5238,5.16,2.661928,3.908,0.889,-29.573,-1.2191
3131,3,7,120,15.6818,20.7143,5.04,2.284339,3.931,0.885,-25.6209,-1.2143
3132,3,7,121,15.6818,21.9048,4.92,1.84396,3.884,0.879,-21.8526,-1.2117
3133,3,7,122,15.6818,23.0952,4.84,1.480032,3.803,0.868,-18.7609,-1.2109
3134,3,7,123,15.6818,24.2857,4.72,1.18527,3.606,0.853,-16.1916,-1.2066
3135,3,7,124,15.6818,25.4762,4.64,0.895336,3.409,0.833,-14.0785,-1.2102
3136,3,7,125,15.6818,26.6667,4.56,0.537537,3.157,0.808,-12.3093,-1.2087
3137,3,7,126,15.6818,27.8571,4.52,0.5600000000000005,2.958,0.778,-10.809,-1.2072
3138,3,7,127,15.6818,29.0476,4.4,0.0,2.512,0.745,-9.536,-1.2019
3139,3,7,128,15.6818,30.2381,4.32,0.0,2.122,0.709,-8.4464,-1.1811
3140,3,7,129,15.6818,31.4286,4.2,0.0,1.575,0.671,-7.5025,-1.1747
3141,3,7,130,15.6818,32.619,4.08,0.0,1.014,0.635,-6.7253,-1.1672
3142,3,7,131,15.6818,33.8095,7.0,0.0,2.092,0.634,-6.0979,-1.1578
3143,3,7,132,15.6818,35.0,7.0,0.0,2.436,0.677,-6.4128,-1.1477
3144,3,7,133,16.8182,10.0,7.0,0.678146,5.315,0.824,-7.3985,-1.1369
3145,3,7,134,16.8182,11.1905,6.76,1.060406,5.115,0.825,-18.5399,-1.3543
3146,3,7,135,16.8182,12.381,6.48,1.600969,4.72,0.834,-17.7007,-1.376
3147,3,7,136,16.8182,13.5714,6.2,1.857286,4.447,0.848,-17.963,-1.3185
3148,3,7,137,16.8182,14.7619,5.96,1.839618,4.299,0.862,-19.2778,-1.2127
3149,3,7,138,16.8182,15.9524,5.72,1.897305,4.183,0.875,-22.2446,-1.2225
3150,3,7,139,16.8182,17.1429,5.48,3.219802,4.058,0.886,-26.1894,-1.2196
3151,3,7,140,16.8182,18.3333,5.28,2.965168,4.03,0.89,-31.0349,-1.2163
3152,3,7,141,16.8182,19.5238,5.12,2.697497,4.017,0.891,-40.4714,-1.2163
3153,3,7,142,16.8182,20.7143,5.0,2.407206,4.016,0.889,-35.5264,-1.2254
3154,3,7,143,16.8182,21.9048,4.88,2.083226,3.941,0.885,-26.2005,-1.2182
3155,3,7,144,16.8182,23.0952,4.76,1.721756,3.789,0.877,-21.2654,-1.2132
3156,3,7,145,16.8182,24.2857,4.68,1.38671,3.633,0.863,-17.8362,-1.2102
3157,3,7,146,16.8182,25.4762,4.6,1.084898,3.43,0.844,-15.2398,-1.2231
3158,3,7,147,16.8182,26.6667,4.52,0.760828,3.176,0.821,-13.1949,-1.2184
3159,3,7,148,16.8182,27.8571,4.4,0.237267,2.759,0.795,-11.5344,-1.2131
3160,3,7,149,16.8182,29.0476,4.32,0.2400000000000002,2.411,0.763,-10.1445,-1.1936
3161,3,7,150,16.8182,30.2381,4.24,0.0,2.025,0.729,-8.9799,-1.1863
3162,3,7,151,16.8182,31.4286,4.12,0.0,1.487,0.693,-8.0003,-1.1785
3163,3,7,152,16.8182,32.619,3.96,0.0,0.801,0.657,-7.1729,-1.1699
3164,3,7,153,16.8182,33.8095,7.0,0.0,2.092,0.631,-6.4651,-1.1603
3165,3,7,154,16.8182,35.0,7.0,0.0,2.387,0.669,-6.3658,-1.1496
3166,3,7,155,17.9545,10.0,6.84,0.824782,5.46,0.821,-7.2619,-1.1383
3167,3,7,156,17.9545,11.1905,6.6,1.113015,5.271,0.819,-18.4401,-1.3706
3168,3,7,157,17.9545,12.381,6.32,1.496373,4.903,0.826,-16.6993,-1.3333
3169,3,7,158,17.9545,13.5714,6.08,1.596745,4.593,0.837,-16.2186,-1.3226
3170,3,7,159,17.9545,14.7619,5.8,1.595786,4.349,0.854,-16.7474,-1.2909
3171,3,7,160,17.9545,15.9524,5.6,1.668629,4.255,0.87,-18.093,-1.2848
3172,3,7,161,17.9545,17.1429,5.4,3.15824,4.204,0.882,-20.1548,-1.2945
3173,3,7,162,17.9545,18.3333,5.2,2.931755,4.127,0.888,-22.5766,-1.23
3174,3,7,163,17.9545,19.5238,5.04,2.700834,4.091,0.892,-26.1997,-1.2243
3175,3,7,164,17.9545,20.7143,4.92,2.460939,4.046,0.893,-34.1917,-1.2228
3176,3,7,165,17.9545,21.9048,4.8,2.208584,3.931,0.891,-35.0824,-1.2232
3177,3,7,166,17.9545,23.0952,4.68,1.925897,3.744,0.885,-24.7882,-1.2237
3178,3,7,167,17.9545,24.2857,4.6,1.619097,3.567,0.873,-19.843,-1.2235
3179,3,7,168,17.9545,25.4762,4.48,1.302785,3.244,0.857,-16.5738,-1.2194
3180,3,7,169,17.9545,26.6667,4.4,0.978276,2.966,0.835,-14.1701,-1.2131
3181,3,7,170,17.9545,27.8571,4.32,0.583028,2.649,0.81,-12.3099,-1.2056
3182,3,7,171,17.9545,29.0476,4.24,0.6000000000000005,2.3,0.78,-10.8007,-1.1979
3183,3,7,172,17.9545,30.2381,4.12,0.0,1.788,0.748,-9.5594,-1.1901
3184,3,7,173,17.9545,31.4286,4.0,0.0,1.28,0.715,-8.5227,-1.1824
3185,3,7,174,17.9545,32.619,3.88,0.0,0.779,0.683,-7.6585,-1.174
3186,3,7,175,17.9545,33.8095,3.72,0.0,0.255,0.653,-6.9415,-1.1648
3187,3,7,176,17.9545,35.0,7.0,0.0,2.363,0.665,-6.3481,-1.1499
3188,3,7,177,19.0909,10.0,6.64,0.984045,5.47,0.822,-7.1659,-1.1379
3189,3,7,178,19.0909,11.1905,6.4,1.204957,5.302,0.82,-18.4222,-1.345
3190,3,7,179,19.0909,12.381,6.16,1.484775,5.014,0.819,-16.2639,-1.317
3191,3,7,180,19.0909,13.5714,5.92,1.394047,4.69,0.828,-15.2907,-1.3106
3192,3,7,181,19.0909,14.7619,5.68,1.402839,4.473,0.845,-15.2146,-1.2954
3193,3,7,182,19.0909,15.9524,5.48,1.483242,4.337,0.86,-15.8674,-1.2982
3194,3,7,183,19.0909,17.1429,5.28,3.103765,4.243,0.874,-17.1113,-1.2918
3195,3,7,184,19.0909,18.3333,5.12,2.887648,4.202,0.883,-18.8745,-1.2957
3196,3,7,185,19.0909,19.5238,4.96,2.687546,4.123,0.891,-21.4327,-1.2406
3197,3,7,186,19.0909,20.7143,4.84,2.480371,4.036,0.895,-25.88,-1.237
3198,3,7,187,19.0909,21.9048,4.72,2.267624,3.885,0.895,-36.2348,-1.2446
3199,3,7,188,19.0909,23.0952,4.6,2.039244,3.662,0.891,-29.8328,-1.2419
3200,3,7,189,19.0909,24.2857,4.48,1.78927,3.369,0.882,-22.286,-1.2362
3201,3,7,190,19.0909,25.4762,4.4,1.508901,3.127,0.867,-18.1059,-1.2264
3202,3,7,191,19.0909,26.6667,4.32,1.204828,2.844,0.848,-15.2703,-1.2167
3203,3,7,192,19.0909,27.8571,4.2,0.850208,2.394,0.824,-13.177,-1.2084
3204,3,7,193,19.0909,29.0476,4.12,0.308931,2.05,0.796,-11.5206,-1.2025
3205,3,7,194,19.0909,30.2381,4.0,0.3200000000000003,1.579,0.767,-10.1989,-1.1964
3206,3,7,195,19.0909,31.4286,3.92,0.0,1.239,0.738,-9.1113,-1.1901
3207,3,7,196,19.0909,32.619,3.76,0.0,0.733,0.71,-8.2038,-1.1713
3208,3,7,197,19.0909,33.8095,3.64,0.0,0.462,0.68,-7.449,-1.1626
3209,3,7,198,19.0909,35.0,7.0,0.0,2.332,0.659,-6.8219,-1.1535
3210,3,7,199,20.2273,10.0,6.44,1.149811,5.44,0.827,-7.0154,-1.143
3211,3,7,200,20.2273,11.1905,6.24,1.328342,5.326,0.819,-18.7493,-1.3291
3212,3,7,201,20.2273,12.381,6.04,1.441452,5.155,0.816,-16.3282,-1.3239
3213,3,7,202,20.2273,13.5714,5.8,1.271694,4.88,0.823,-14.9809,-1.3189
3214,3,7,203,20.2273,14.7619,5.6,1.269424,4.669,0.833,-14.4558,-1.3124
3215,3,7,204,20.2273,15.9524,5.36,1.35037,4.411,0.849,-14.6273,-1.3076
3216,3,7,205,20.2273,17.1429,5.2,3.055197,4.324,0.863,-15.3721,-1.3022
3217,3,7,206,20.2273,18.3333,5.0,2.85424,4.185,0.88,-16.7377,-1.2942
3218,3,7,207,20.2273,19.5238,4.84,2.661921,4.05,0.891,-18.8049,-1.2577
3219,3,7,208,20.2273,20.7143,4.72,2.478457,3.912,0.896,-22.0651,-1.2518
3220,3,7,209,20.2273,21.9048,4.6,2.290871,3.712,0.899,-28.3347,-1.2537
3221,3,7,210,20.2273,23.0952,4.48,2.092806,3.454,0.898,-44.2262,-1.2514
3222,3,7,211,20.2273,24.2857,4.4,1.882717,3.244,0.89,-25.4841,-1.244
3223,3,7,212,20.2273,25.4762,4.28,1.649554,2.877,0.878,-19.9368,-1.233
3224,3,7,213,20.2273,26.6667,4.2,1.388383,2.584,0.86,-16.5635,-1.2203
3225,3,7,214,20.2273,27.8571,4.12,1.087589,2.266,0.837,-14.1773,-1.2095
3226,3,7,215,20.2273,29.0476,4.0,0.700206,1.832,0.813,-12.3531,-1.1985
3227,3,7,216,20.2273,30.2381,3.92,0.7200000000000006,1.535,0.787,-10.9179,-1.1907
3228,3,7,217,20.2273,31.4286,3.8,0.0,1.163,0.762,-9.7602,-1.1842
3229,3,7,218,20.2273,32.619,3.68,0.0,0.878,0.735,-8.8028,-1.1778
3230,3,7,219,20.2273,33.8095,3.56,0.0,0.721,0.706,-8.0051,-1.1701
3231,3,7,220,20.2273,35.0,7.0,0.0,2.309,0.654,-7.3251,-1.1593
3232,3,7,221,21.3636,10.0,6.24,1.322895,5.37,0.83,-6.9068,-1.1455
3233,3,7,222,21.3636,11.1905,6.08,1.473337,5.324,0.824,-19.5797,-1.3317
3234,3,7,223,21.3636,12.381,5.92,1.497567,5.271,0.821,-16.889,-1.3289
3235,3,7,224,21.3636,13.5714,5.72,1.242484,5.113,0.821,-15.2238,-1.3251
3236,3,7,225,21.3636,14.7619,5.48,1.205081,4.798,0.826,-14.2971,-1.3186
3237,3,7,226,21.3636,15.9524,5.28,1.274268,4.531,0.838,-14.0614,-1.316
3238,3,7,227,21.3636,17.1429,5.08,3.024577,4.295,0.857,-14.4468,-1.3099
3239,3,7,228,21.3636,18.3333,4.88,2.821995,4.097,0.876,-15.4276,-1.302
3240,3,7,229,21.3636,19.5238,4.76,2.638553,3.974,0.886,-17.1067,-1.2712
3241,3,7,230,21.3636,20.7143,4.6,2.459632,3.723,0.896,-19.7124,-1.2647
3242,3,7,231,21.3636,21.9048,4.48,2.289573,3.49,0.903,-24.2414,-1.259
3243,3,7,232,21.3636,23.0952,4.36,2.112264,3.203,0.904,-35.1568,-1.2647
3244,3,7,233,21.3636,24.2857,4.28,1.927501,2.987,0.898,-30.4036,-1.2584
3245,3,7,234,21.3636,25.4762,4.16,1.725607,2.607,0.886,-22.2423,-1.2475
3246,3,7,235,21.3636,26.6667,4.08,1.505775,2.325,0.87,-18.0982,-1.2168
3247,3,7,236,21.3636,27.8571,4.0,1.255725,2.047,0.851,-15.3566,-1.2078
3248,3,7,237,21.3636,29.0476,3.88,0.954691,1.695,0.832,-13.3188,-1.2035
3249,3,7,238,21.3636,30.2381,3.8,0.523762,1.465,0.809,-11.7446,-1.1995
3250,3,7,239,21.3636,31.4286,3.72,0.5200000000000005,1.254,0.784,-10.492,-1.1951
3251,3,7,240,21.3636,32.619,3.6,0.0,1.08,0.758,-9.4578,-1.1881
3252,3,7,241,21.3636,33.8095,3.52,0.0,0.965,0.73,-8.5989,-1.1773
3253,3,7,242,21.3636,35.0,3.4,0.0,0.877,0.702,-7.8727,-1.1656
3254,3,7,243,22.5,10.0,6.08,1.503718,5.334,0.836,-7.2416,-1.1552
3255,3,7,244,22.5,11.1905,5.92,1.631378,5.349,0.834,-21.1375,-1.3336
3256,3,7,245,22.5,12.381,5.76,1.77914,5.318,0.83,-18.0312,-1.3322
3257,3,7,246,22.5,13.5714,5.6,1.293746,5.216,0.824,-16.0254,-1.3292
3258,3,7,247,22.5,14.7619,5.4,1.217124,4.958,0.823,-14.7134,-1.3249
3259,3,7,248,22.5,15.9524,5.16,1.255122,4.548,0.834,-14.0285,-1.3197
3260,3,7,249,22.5,17.1429,4.96,3.018643,4.226,0.851,-13.9852,-1.3139
3261,3,7,250,22.5,18.3333,4.8,2.797285,4.0,0.867,-14.6156,-1.305
3262,3,7,251,22.5,19.5238,4.64,2.607888,3.781,0.884,-15.9157,-1.2994
3263,3,7,252,22.5,20.7143,4.48,2.435052,3.483,0.899,-18.0591,-1.2759
3264,3,7,253,22.5,21.9048,4.36,2.269004,3.228,0.906,-21.4915,-1.2698
3265,3,7,254,22.5,23.0952,4.24,2.107664,2.934,0.907,-27.9738,-1.2648
3266,3,7,255,22.5,24.2857,4.16,1.941093,2.717,0.902,-41.4218,-1.2695
3267,3,7,256,22.5,25.4762,4.04,1.762945,2.356,0.893,-25.4803,-1.261
3268,3,7,257,22.5,26.6667,3.96,1.572608,2.121,0.881,-19.9926,-1.229
3269,3,7,258,22.5,27.8571,3.88,1.361694,1.913,0.867,-16.7525,-1.2162
3270,3,7,259,22.5,29.0476,3.8,1.11836,1.72,0.849,-14.4551,-1.2176
3271,3,7,260,22.5,30.2381,3.68,0.815095,1.511,0.829,-12.6971,-1.215
3272,3,7,261,22.5,31.4286,3.6,0.313318,1.393,0.805,-11.3062,-1.2096
3273,3,7,262,22.5,32.619,3.52,0.2800000000000002,1.297,0.779,-10.1804,-1.19
3274,3,7,263,22.5,33.8095,3.44,0.0,1.204,0.752,-9.2393,-1.1816
3275,3,7,264,22.5,35.0,3.36,0.0,1.095,0.726,-8.4441,-1.1712
3276,3,7,265,23.6364,10.0,5.92,1.688291,5.336,0.848,-7.7644,-1.157
3277,3,7,266,23.6364,11.1905,5.76,1.799954,5.345,0.842,-23.8551,-1.3235
3278,3,7,267,23.6364,12.381,5.64,1.925232,5.325,0.837,-19.9536,-1.3195
3279,3,7,268,23.6364,13.5714,5.48,1.42365,5.255,0.832,-17.4671,-1.3194
3280,3,7,269,23.6364,14.7619,5.32,1.287023,5.073,0.825,-15.6308,-1.3253
3281,3,7,270,23.6364,15.9524,5.08,1.293582,4.585,0.827,-14.3914,-1.3229
3282,3,7,271,23.6364,17.1429,4.88,1.522019,4.167,0.841,-13.8359,-1.3093
3283,3,7,272,23.6364,18.3333,4.68,2.777388,3.815,0.864,-14.036,-1.306
3284,3,7,273,23.6364,19.5238,4.52,2.57,3.534,0.884,-14.9868,-1.2983
3285,3,7,274,23.6364,20.7143,4.36,2.395741,3.214,0.898,-16.7525,-1.2894
3286,3,7,275,23.6364,21.9048,4.24,2.2373,2.959,0.905,-19.4871,-1.2807
3287,3,7,276,23.6364,23.0952,4.12,2.083993,2.665,0.908,-24.065,-1.2742
3288,3,7,277,23.6364,24.2857,4.04,1.933154,2.466,0.906,-35.4472,-1.2751
3289,3,7,278,23.6364,25.4762,3.92,1.774117,2.174,0.902,-30.6508,-1.2673
3290,3,7,279,23.6364,26.6667,3.84,1.605715,2.006,0.895,-22.5431,-1.2475
3291,3,7,280,23.6364,27.8571,3.76,1.423346,1.868,0.882,-18.4584,-1.2175
3292,3,7,281,23.6364,29.0476,3.68,1.219807,1.75,0.866,-15.7624,-1.2152
3293,3,7,282,23.6364,30.2381,3.6,0.983065,1.659,0.846,-13.7843,-1.213
3294,3,7,283,23.6364,31.4286,3.52,0.672715,1.58,0.822,-12.2335,-1.2086
3295,3,7,284,23.6364,32.619,3.44,0.6800000000000006,1.503,0.798,-10.9656,-1.2007
3296,3,7,285,23.6364,33.8095,3.36,0.0,1.406,0.774,-9.9365,-1.1888
3297,3,7,286,23.6364,35.0,3.32,0.0,1.292,0.75,-9.059,-1.1724
3298,3,7,287,24.7727,10.0,5.72,1.874245,5.326,0.856,-8.3136,-1.153
3299,3,7,288,24.7727,11.1905,5.64,1.967774,5.33,0.852,-29.0096,-1.3347
3300,3,7,289,24.7727,12.381,5.48,2.072973,5.337,0.847,-23.1015,-1.3045
3301,3,7,290,24.7727,13.5714,5.36,1.61634,5.289,0.839,-19.5126,-1.3008
3302,3,7,291,24.7727,14.7619,5.2,1.411819,5.094,0.828,-16.9348,-1.3037
3303,3,7,292,24.7727,15.9524,2.68,0.963764,1.536,0.862,-14.9707,-1.3228
3304,3,7,293,24.7727,17.1429,2.76,1.232666,1.552,0.86,-13.8704,-1.3207
3305,3,7,294,24.7727,18.3333,4.56,2.757722,3.552,0.863,-13.832,-1.3103
3306,3,7,295,24.7727,19.5238,4.4,2.51753,3.258,0.88,-14.1684,-1.2987
3307,3,7,296,24.7727,20.7143,4.24,2.343316,2.946,0.894,-15.5863,-1.2884
3308,3,7,297,24.7727,21.9048,4.12,2.192953,2.689,0.903,-17.8635,-1.2797
3309,3,7,298,24.7727,23.0952,4.0,2.050269,2.426,0.909,-21.3297,-1.2846
3310,3,7,299,24.7727,24.2857,3.88,1.908615,2.19,0.914,-27.7746,-1.2881
3311,3,7,300,24.7727,25.4762,3.8,1.766911,2.071,0.912,-40.6714,-1.2743
3312,3,7,301,24.7727,26.6667,3.72,1.617142,1.981,0.906,-26.1443,-1.2303
3313,3,7,302,24.7727,27.8571,3.64,1.456363,1.915,0.895,-20.6403,-1.2328
3314,3,7,303,24.7727,29.0476,3.56,1.281345,1.865,0.879,-17.3194,-1.2335
3315,3,7,304,24.7727,30.2381,3.52,1.086016,1.812,0.86,-15.0005,-1.2299
3316,3,7,305,24.7727,31.4286,3.44,0.852321,1.757,0.839,-13.2482,-1.2214
3317,3,7,306,24.7727,32.619,3.36,0.535789,1.683,0.818,-11.8454,-1.2074
3318,3,7,307,24.7727,33.8095,3.32,0.5600000000000005,1.586,0.795,-10.6836,-1.1879
3319,3,7,308,24.7727,35.0,3.24,0.0,1.46,0.772,-9.7107,-1.1892
3320,3,7,309,25.9091,10.0,5.56,2.048054,5.272,0.859,-8.8921,-1.1739
3321,3,7,310,25.9091,11.1905,5.44,2.125605,5.341,0.859,-55.7947,-1.3754
3322,3,7,311,25.9091,12.381,5.36,2.212465,5.357,0.854,-28.6562,-1.3443
3323,3,7,312,25.9091,13.5714,5.24,2.316802,5.292,0.845,-22.2263,-1.3158
3324,3,7,313,25.9091,14.7619,5.12,1.596029,5.08,0.83,-18.2237,-1.2966
3325,3,7,314,25.9091,15.9524,2.64,0.929762,1.593,0.871,-15.4699,-1.292
3326,3,7,315,25.9091,17.1429,2.68,1.164152,1.61,0.871,-14.1116,-1.3229
3327,3,7,316,25.9091,18.3333,2.72,2.722769,1.628,0.871,-14.1313,-1.3174
3328,3,7,317,25.9091,19.5238,4.28,2.450112,2.996,0.873,-14.1598,-1.2903
3329,3,7,318,25.9091,20.7143,4.12,2.277282,2.674,0.888,-14.5643,-1.2857
3330,3,7,319,25.9091,21.9048,4.0,2.137948,2.448,0.901,-16.3979,-1.3036
3331,3,7,320,25.9091,23.0952,3.88,2.00718,2.245,0.913,-19.2108,-1.2951
3332,3,7,321,25.9091,24.2857,3.76,1.879209,2.094,0.92,-23.6893,-1.2903
3333,3,7,322,25.9091,25.4762,3.68,1.7465,2.05,0.919,-33.322,-1.2498
3334,3,7,323,25.9091,26.6667,3.6,1.612928,2.029,0.913,-32.2423,-1.2436
3335,3,7,324,25.9091,27.8571,3.56,1.469676,2.018,0.902,-23.4468,-1.2407
3336,3,7,325,25.9091,29.0476,3.48,1.31598,1.999,0.889,-19.1866,-1.2565
3337,3,7,326,25.9091,30.2381,3.4,1.149007,1.967,0.873,-16.3989,-1.2446
3338,3,7,327,25.9091,31.4286,3.36,0.958589,1.913,0.856,-14.3687,-1.2302
3339,3,7,328,25.9091,32.619,3.28,0.728721,1.826,0.837,-12.779,-1.2204
3340,3,7,329,25.9091,33.8095,3.24,0.392487,1.724,0.815,-11.4845,-1.2061
3341,3,7,330,25.9091,35.0,3.2,0.4000000000000003,1.603,0.792,-10.409,-1.1883
3342,3,7,331,27.0455,10.0,5.32,2.2043,5.325,0.865,-9.5031,-1.1682
3343,3,7,332,27.0455,11.1905,5.24,2.268189,5.33,0.863,-29.8074,-1.3334
3344,3,7,333,27.0455,12.381,5.2,2.339999,5.293,0.857,-37.7384,-1.3443
3345,3,7,334,27.0455,13.5714,5.12,2.426679,5.186,0.846,-24.0546,-1.3362
3346,3,7,335,27.0455,14.7619,5.04,2.537645,5.014,0.829,-18.7633,-1.2996
3347,3,7,336,27.0455,15.9524,2.56,0.892736,1.66,0.887,-15.5172,-1.2887
3348,3,7,337,27.0455,17.1429,2.6,1.09282,1.678,0.887,-14.3771,-1.3387
3349,3,7,338,27.0455,18.3333,2.64,2.633509,1.693,0.886,-14.4147,-1.3003
3350,3,7,339,27.0455,19.5238,2.72,2.365775,1.716,0.884,-14.49,-1.2904
3351,3,7,340,27.0455,20.7143,4.0,2.206337,2.432,0.885,-14.6313,-1.2849
3352,3,7,341,27.0455,21.9048,3.84,2.076709,2.176,0.905,-15.1957,-1.3145
3353,3,7,342,27.0455,23.0952,3.72,1.95716,2.072,0.917,-17.5132,-1.3108
3354,3,7,343,27.0455,24.2857,3.64,1.840929,2.074,0.921,-20.9608,-1.2973
3355,3,7,344,27.0455,25.4762,3.56,1.720399,2.097,0.921,-26.8671,-1.2582
3356,3,7,345,27.0455,26.6667,3.48,1.596229,2.125,0.916,-53.1992,-1.2595
3357,3,7,346,27.0455,27.8571,3.44,1.46955,2.136,0.909,-27.3019,-1.2603
3358,3,7,347,27.0455,29.0476,3.36,1.332678,2.122,0.899,-21.4758,-1.2591
3359,3,7,348,27.0455,30.2381,3.32,1.186509,2.086,0.886,-17.9959,-1.2518
3360,3,7,349,27.0455,31.4286,3.28,1.024347,2.025,0.871,-15.6002,-1.2398
3361,3,7,350,27.0455,32.619,3.2,0.838644,1.922,0.853,-13.7779,-1.2229
3362,3,7,351,27.0455,33.8095,3.16,0.606524,1.817,0.832,-12.3372,-1.2016
3363,3,7,352,27.0455,35.0,3.12,0.224178,1.697,0.809,-11.1521,-1.1793
3364,3,7,353,28.1818,10.0,5.04,2.342602,5.158,0.861,-10.1527,-1.1576
3365,3,7,354,28.1818,11.1905,5.04,2.395807,5.155,0.86,-31.1985,-1.346
3366,3,7,355,28.1818,12.381,5.0,2.454893,5.078,0.854,-32.6849,-1.3419
3367,3,7,356,28.1818,13.5714,5.0,2.526449,5.034,0.843,-22.7551,-1.3346
3368,3,7,357,28.1818,14.7619,5.0,2.617544,4.964,0.827,-18.0086,-1.2923
3369,3,7,358,28.1818,15.9524,2.48,0.854209,1.676,0.893,-14.9827,-1.2913
3370,3,7,359,28.1818,17.1429,2.52,1.027873,1.698,0.893,-14.6215,-1.3427
3371,3,7,360,28.1818,18.3333,2.56,2.489567,1.717,0.893,-14.6947,-1.2914
3372,3,7,361,28.1818,19.5238,2.64,2.269578,1.751,0.893,-14.8115,-1.2981
3373,3,7,362,28.1818,20.7143,2.72,2.128117,1.792,0.894,-15.0035,-1.3402
3374,3,7,363,28.1818,21.9048,3.72,2.010816,2.057,0.903,-15.3591,-1.3294
3375,3,7,364,28.1818,23.0952,3.6,1.902401,2.068,0.913,-16.1173,-1.3135
3376,3,7,365,28.1818,24.2857,3.52,1.796396,2.131,0.919,-18.9371,-1.2835
3377,3,7,366,28.1818,25.4762,3.44,1.686968,2.185,0.921,-23.2225,-1.2772
3378,3,7,367,28.1818,26.6667,3.36,1.574144,2.214,0.92,-32.0064,-1.273
3379,3,7,368,28.1818,27.8571,3.32,1.456651,2.219,0.916,-34.1662,-1.2845
3380,3,7,369,28.1818,29.0476,3.28,1.335369,2.201,0.909,-24.2749,-1.2751
3381,3,7,370,28.1818,30.2381,3.24,1.20653,2.159,0.897,-19.8373,-1.2593
3382,3,7,371,28.1818,31.4286,3.2,1.06535,2.093,0.883,-16.969,-1.2389
3383,3,7,372,28.1818,32.619,3.12,0.909221,1.985,0.865,-14.8582,-1.2157
3384,3,7,373,28.1818,33.8095,3.08,0.725935,1.892,0.845,-13.2161,-1.2237
3385,3,7,374,28.1818,35.0,3.04,0.489506,1.789,0.824,-11.9047,-1.2053
3386,3,7,375,29.3182,10.0,4.88,1.91473,4.852,0.858,-10.8173,-1.186
3387,3,7,376,29.3182,11.1905,4.88,2.508207,4.845,0.855,-43.2676,-1.359
3388,3,7,377,29.3182,12.381,4.84,2.558155,4.736,0.849,-25.777,-1.3925
3389,3,7,378,29.3182,13.5714,7.0,2.616578,3.987,0.829,-20.0857,-1.3078
3390,3,7,379,29.3182,14.7619,6.92,2.688519,3.974,0.822,-18.9266,-1.304
3391,3,7,380,29.3182,15.9524,2.4,0.819708,1.621,0.881,-15.7261,-1.3479
3392,3,7,381,29.3182,17.1429,2.44,0.965669,1.652,0.884,-14.838,-1.2988
3393,3,7,382,29.3182,18.3333,2.52,2.345239,1.706,0.888,-14.9577,-1.296
3394,3,7,383,29.3182,19.5238,2.56,2.166523,1.737,0.89,-15.121,-1.2956
3395,3,7,384,29.3182,20.7143,2.64,2.043164,1.793,0.894,-15.3519,-1.3511
3396,3,7,385,29.3182,21.9048,2.72,1.94239,1.851,0.898,-15.7339,-1.3325
3397,3,7,386,29.3182,23.0952,3.4,1.841873,2.112,0.908,-16.1944,-1.2985
3398,3,7,387,29.3182,24.2857,3.36,1.746047,2.186,0.917,-17.4536,-1.2965
3399,3,7,388,29.3182,25.4762,3.32,1.64614,2.237,0.923,-20.8892,-1.2964
3400,3,7,389,29.3182,26.6667,3.24,1.544333,2.244,0.925,-26.5964,-1.315
3401,3,7,390,29.3182,27.8571,3.2,1.43743,2.241,0.922,-42.0055,-1.3007
3402,3,7,391,29.3182,29.0476,3.16,1.326734,2.214,0.915,-28.1079,-1.2796
3403,3,7,392,29.3182,30.2381,3.12,1.212431,2.174,0.904,-21.8521,-1.2735
3404,3,7,393,29.3182,31.4286,3.12,1.088475,2.143,0.891,-18.4188,-1.2588
3405,3,7,394,29.3182,32.619,3.08,0.952791,2.073,0.875,-15.9953,-1.2404
3406,3,7,395,29.3182,33.8095,3.04,0.798732,1.99,0.857,-14.1557,-1.2191
3407,3,7,396,29.3182,35.0,3.0,0.615591,1.898,0.838,-12.6997,-1.1981
3408,3,7,397,30.4545,10.0,4.72,1.790318,4.467,0.851,-11.5083,-1.1783
3409,3,7,398,30.4545,11.1905,4.72,2.609747,4.473,0.849,-27.563,-1.4503
3410,3,7,399,30.4545,12.381,7.0,2.650423,4.149,0.832,-21.4702,-1.3381
3411,3,7,400,30.4545,13.5714,6.92,2.696832,4.18,0.839,-28.428,-1.3334
3412,3,7,401,30.4545,14.7619,6.8,2.750642,4.136,0.83,-23.1547,-1.3178
3413,3,7,402,30.4545,15.9524,2.36,0.782011,1.572,0.869,-17.7662,-1.3499
3414,3,7,403,30.4545,17.1429,2.4,0.908631,1.615,0.874,-15.0809,-1.3117
3415,3,7,404,30.4545,18.3333,2.44,1.149676,1.657,0.878,-15.2404,-1.3063
3416,3,7,405,30.4545,19.5238,2.48,2.042858,1.699,0.882,-15.3811,-1.3775
3417,3,7,406,30.4545,20.7143,2.56,1.950054,1.766,0.889,-15.7156,-1.3497
3418,3,7,407,30.4545,21.9048,2.64,1.865032,1.837,0.895,-16.1006,-1.3368
3419,3,7,408,30.4545,23.0952,2.76,1.777591,1.935,0.904,-16.5892,-1.3197
3420,3,7,409,30.4545,24.2857,3.08,1.691047,2.126,0.918,-17.4579,-1.3127
3421,3,7,410,30.4545,25.4762,3.16,1.600837,2.214,0.925,-19.4998,-1.3076
3422,3,7,411,30.4545,26.6667,3.12,1.509271,2.234,0.926,-23.8442,-1.3193
3423,3,7,412,30.4545,27.8571,3.12,1.413311,2.258,0.924,-32.9046,-1.3094
3424,3,7,413,30.4545,29.0476,3.08,1.312482,2.244,0.918,-34.0665,-1.2951
3425,3,7,414,30.4545,30.2381,3.04,1.20818,2.212,0.909,-24.4493,-1.2763
3426,3,7,415,30.4545,31.4286,3.0,1.098318,2.168,0.899,-20.014,-1.2579
3427,3,7,416,30.4545,32.619,3.0,0.9797,2.131,0.885,-17.1962,-1.2516
3428,3,7,417,30.4545,33.8095,2.96,0.846558,2.057,0.87,-15.1308,-1.2364
3429,3,7,418,30.4545,35.0,2.92,0.694542,1.975,0.854,-13.5259,-1.1909
3430,3,7,419,31.5909,10.0,4.6,1.716682,4.156,0.845,-12.2134,-1.1733
3431,3,7,420,31.5909,11.1905,7.0,2.702005,4.533,0.814,-22.144,-1.404
3432,3,7,421,31.5909,12.381,6.92,2.735375,4.469,0.833,-21.1567,-1.3415
3433,3,7,422,31.5909,13.5714,6.76,2.768853,4.343,0.838,-30.4482,-1.3366
3434,3,7,423,31.5909,14.7619,6.64,2.804925,4.291,0.83,-29.5291,-1.3439
3435,3,7,424,31.5909,15.9524,6.56,2.773487,4.201,0.812,-20.2794,-1.3095
3436,3,7,425,31.5909,17.1429,2.32,0.856362,1.596,0.871,-15.7483,-1.3139
3437,3,7,426,31.5909,18.3333,2.36,1.029611,1.643,0.876,-15.5005,-1.3181
3438,3,7,427,31.5909,19.5238,2.44,1.892228,1.704,0.882,-15.6653,-1.3936
3439,3,7,428,31.5909,20.7143,2.48,1.842395,1.752,0.887,-16.0419,-1.3556
3440,3,7,429,31.5909,21.9048,2.56,1.778812,1.823,0.893,-16.4643,-1.3411
3441,3,7,430,31.5909,23.0952,2.64,1.707992,1.903,0.9,-16.9743,-1.3359
3442,3,7,431,31.5909,24.2857,2.8,1.630614,2.035,0.912,-17.7936,-1.3269
3443,3,7,432,31.5909,25.4762,2.96,1.55037,2.163,0.921,-19.3263,-1.3492
3444,3,7,433,31.5909,26.6667,3.0,1.468546,2.225,0.925,-22.4297,-1.3354
3445,3,7,434,31.5909,27.8571,3.0,1.383036,2.253,0.924,-28.6338,-1.3163
3446,3,7,435,31.5909,29.0476,3.0,1.292871,2.266,0.921,-49.3502,-1.3023
3447,3,7,436,31.5909,30.2381,2.96,1.198308,2.243,0.915,-27.2797,-1.288
3448,3,7,437,31.5909,31.4286,2.92,1.097961,2.204,0.907,-21.8107,-1.2718
3449,3,7,438,31.5909,32.619,2.92,0.994541,2.177,0.896,-18.4062,-1.2533
3450,3,7,439,31.5909,33.8095,2.88,0.877674,2.114,0.884,-16.1608,-1.2028
3451,3,7,440,31.5909,35.0,2.84,0.747091,2.037,0.869,-14.3638,-1.1867
3452,3,7,441,32.7273,10.0,4.48,1.611345,3.719,0.832,-12.9158,-1.1751
3453,3,7,442,32.7273,11.1905,6.92,2.786983,4.759,0.808,-18.8655,-1.3484
3454,3,7,443,32.7273,12.381,6.76,2.810928,4.504,0.82,-19.3469,-1.3627
3455,3,7,444,32.7273,13.5714,6.6,2.834036,4.42,0.827,-24.244,-1.3585
3456,3,7,445,32.7273,14.7619,6.52,2.784382,4.4,0.826,-41.704,-1.3792
3457,3,7,446,32.7273,15.9524,6.4,2.626419,4.352,0.827,-23.942,-1.3698
3458,3,7,447,32.7273,17.1429,2.28,0.809772,1.644,0.882,-17.6116,-1.3255
3459,3,7,448,32.7273,18.3333,2.32,0.94472,1.687,0.886,-15.7732,-1.3275
3460,3,7,449,32.7273,19.5238,2.36,1.318271,1.73,0.89,-16.0047,-1.3772
3461,3,7,450,32.7273,20.7143,2.4,1.701046,1.774,0.894,-16.3839,-1.362
3462,3,7,451,32.7273,21.9048,2.48,1.679571,1.833,0.898,-16.8251,-1.3599
3463,3,7,452,32.7273,23.0952,2.56,1.629603,1.906,0.904,-17.3648,-1.3514
3464,3,7,453,32.7273,24.2857,2.64,1.568613,1.99,0.911,-18.1555,-1.3417
3465,3,7,454,32.7273,25.4762,2.76,1.496665,2.099,0.919,-19.4431,-1.3329
3466,3,7,455,32.7273,26.6667,2.84,1.424396,2.183,0.924,-21.9213,-1.339
3467,3,7,456,32.7273,27.8571,2.88,1.34825,2.237,0.926,-26.5508,-1.3251
3468,3,7,457,32.7273,29.0476,2.88,1.267892,2.257,0.925,-39.9821,-1.3084
3469,3,7,458,32.7273,30.2381,2.88,1.183287,2.264,0.922,-31.1095,-1.2898
3470,3,7,459,32.7273,31.4286,2.84,1.093334,2.233,0.916,-23.6948,-1.2704
3471,3,7,460,32.7273,32.619,2.84,0.997731,2.211,0.907,-19.7772,-1.2511
3472,3,7,461,32.7273,33.8095,2.8,0.895385,2.155,0.896,-17.1548,-1.233
3473,3,7,462,32.7273,35.0,2.8,0.781418,2.108,0.882,-15.1801,-1.1922
3474,3,7,463,33.8636,10.0,6.92,0.556511,5.165,0.786,-13.6346,-1.1845
3475,3,7,464,33.8636,11.1905,6.76,2.864552,4.843,0.789,-17.2879,-1.3607
3476,3,7,465,33.8636,12.381,6.6,2.881253,4.613,0.804,-17.6114,-1.4091
3477,3,7,466,33.8636,13.5714,6.48,2.812735,4.556,0.826,-20.7596,-1.4662
3478,3,7,467,33.8636,14.7619,6.36,2.669917,4.508,0.843,-28.6084,-1.3448
3479,3,7,468,33.8636,15.9524,6.24,1.927364,4.432,0.846,-29.9138,-1.3451
3480,3,7,469,33.8636,17.1429,2.24,0.772845,1.696,0.894,-20.0069,-1.3415
3481,3,7,470,33.8636,18.3333,2.24,0.880277,1.73,0.9,-15.8869,-1.4398
3482,3,7,471,33.8636,19.5238,2.32,1.076789,1.773,0.9,-16.2592,-1.3798
3483,3,7,472,33.8636,20.7143,2.36,1.480983,1.814,0.903,-16.676,-1.3688
3484,3,7,473,33.8636,21.9048,2.4,1.561125,1.857,0.907,-17.1748,-1.3775
3485,3,7,474,33.8636,23.0952,2.48,1.542329,1.922,0.911,-17.7678,-1.3694
3486,3,7,475,33.8636,24.2857,2.56,1.499066,2.0,0.916,-18.5508,-1.3564
3487,3,7,476,33.8636,25.4762,2.64,1.443305,2.083,0.923,-19.7387,-1.3478
3488,3,7,477,33.8636,26.6667,2.72,1.376947,2.165,0.928,-21.7728,-1.3376
3489,3,7,478,33.8636,27.8571,2.76,1.309936,2.221,0.931,-25.6183,-1.3283
3490,3,7,479,33.8636,29.0476,2.8,1.238335,2.266,0.931,-34.277,-1.3118
3491,3,7,480,33.8636,30.2381,2.8,1.162327,2.277,0.929,-34.8631,-1.2964
3492,3,7,481,33.8636,31.4286,2.76,1.082206,2.253,0.924,-25.5614,-1.2807
3493,3,7,482,33.8636,32.619,2.76,0.994615,2.24,0.916,-21.0878,-1.2498
3494,3,7,483,33.8636,33.8095,2.76,0.901875,2.213,0.905,-18.1661,-1.2354
3495,3,7,484,33.8636,35.0,2.72,0.801023,2.143,0.892,-15.9711,-1.2057
3496,3,7,485,35.0,10.0,6.8,0.643836,5.282,0.778,-14.3347,-1.2106
3497,3,7,486,35.0,11.1905,6.64,1.708071,4.931,0.779,-16.3629,-1.4281
3498,3,7,487,35.0,12.381,6.48,1.917531,4.67,0.806,-16.2617,-1.4155
3499,3,7,488,35.0,13.5714,6.32,1.966546,4.561,0.837,-18.3866,-1.4035
3500,3,7,489,35.0,14.7619,6.2,1.868543,4.563,0.852,-23.4409,-1.3686
3501,3,7,490,35.0,15.9524,6.08,1.737222,4.525,0.854,-45.7004,-1.3652
3502,3,7,491,35.0,17.1429,5.96,1.594026,4.425,0.844,-23.4209,-1.4713
3503,3,7,492,35.0,18.3333,2.2,0.827088,1.744,0.906,-17.9087,-1.4473
3504,3,7,493,35.0,19.5238,2.24,0.968077,1.774,0.907,-16.5885,-1.3845
3505,3,7,494,35.0,20.7143,2.28,1.225826,1.813,0.91,-17.0374,-1.3782
3506,3,7,495,35.0,21.9048,2.32,1.414492,1.853,0.912,-17.5615,-1.3945
3507,3,7,496,35.0,23.0952,2.4,1.443737,1.924,0.916,-18.1546,-1.3872
3508,3,7,497,35.0,24.2857,2.44,1.422265,1.978,0.92,-18.9684,-1.3775
3509,3,7,498,35.0,25.4762,2.52,1.377955,2.063,0.926,-20.1232,-1.3648
3510,3,7,499,35.0,26.6667,2.6,1.326363,2.147,0.931,-22.0384,-1.3466
3511,3,7,500,35.0,27.8571,2.64,1.268126,2.202,0.935,-25.281,-1.3323
3512,3,7,501,35.0,29.0476,2.68,1.205185,2.251,0.936,-31.8498,-1.3165
3513,3,7,502,35.0,30.2381,2.68,1.137869,2.263,0.934,-42.5309,-1.3002
3514,3,7,503,35.0,31.4286,2.68,1.065478,2.263,0.929,-27.5843,-1.2843
3515,3,7,504,35.0,32.619,2.68,0.987346,2.249,0.921,-22.3496,-1.2527
3516,3,7,505,35.0,35.0,2.68,0.811068,2.18,0.897,-19.1339,-1.2414
3517,3,8,1,10.0,10.0,3.28,0.618855,1.03,0.832,-11.8506,-1.4619
3518,3,8,2,10.0,11.1905,3.24,0.572365,1.021,0.826,-12.6169,-1.3827
3519,3,8,3,10.0,12.381,3.2,0.52285,1.01,0.819,-12.0839,-1.3724
3520,3,8,4,10.0,13.5714,3.16,0.455019,0.998,0.813,-11.625,-1.3866
3521,3,8,5,10.0,14.7619,3.12,0.376575,0.986,0.807,-11.1558,-1.3602
3522,3,8,6,10.0,15.9524,3.08,0.269975,0.975,0.8,-10.7464,-1.3492
3523,3,8,7,10.0,17.1429,3.08,0.020209,0.943,0.791,-10.3603,-1.3366
3524,3,8,8,10.0,18.3333,3.04,0.04,0.928,0.784,-10.0014,-1.341
3525,3,8,9,10.0,19.5238,3.0,0.0,0.909,0.777,-9.6394,-1.2125
3526,3,8,10,10.0,20.7143,3.0,0.0,0.872,0.768,-9.3298,-1.211
3527,3,8,11,10.0,21.9048,2.96,0.0,0.848,0.76,-9.0323,-1.2138
3528,3,8,12,10.0,23.0952,2.92,0.0,0.813,0.751,-8.7596,-1.2197
3529,3,8,13,10.0,24.2857,2.92,0.0,0.78,0.743,-8.4667,-1.2279
3530,3,8,14,10.0,25.4762,2.88,0.0,0.747,0.735,-8.2522,-1.2438
3531,3,8,15,10.0,26.6667,2.88,0.0,0.704,0.725,-8.0157,-1.2578
3532,3,8,16,10.0,27.8571,2.84,0.0,0.666,0.717,-7.7916,-1.2696
3533,3,8,17,10.0,29.0476,2.84,0.0,0.622,0.708,-7.5832,-1.2636
3534,3,8,18,10.0,30.2381,7.0,0.0,1.963,0.7,-7.382,-1.273
3535,3,8,19,10.0,31.4286,7.0,0.0,2.008,0.743,-7.9833,-1.283
3536,3,8,20,10.0,32.619,7.0,0.136046,2.649,0.784,-9.5583,-1.2933
3537,3,8,21,10.0,33.8095,7.0,0.302449,3.186,0.816,-11.9407,-1.3356
3538,3,8,22,10.0,35.0,7.0,0.458875,3.514,0.827,-14.7824,-1.3429
3539,3,8,23,11.1364,10.0,3.12,0.555181,1.104,0.832,-16.2083,-1.3552
3540,3,8,24,11.1364,11.1905,3.08,0.512946,1.101,0.827,-12.2362,-1.3777
3541,3,8,25,11.1364,12.381,3.04,0.464423,1.096,0.822,-11.7899,-1.3656
3542,3,8,26,11.1364,13.5714,3.0,0.404278,1.086,0.816,-11.3753,-1.3515
3543,3,8,27,11.1364,14.7619,3.0,0.333421,1.062,0.809,-10.9797,-1.3525
3544,3,8,28,11.1364,15.9524,2.96,0.235558,1.05,0.803,-10.6294,-1.3425
3545,3,8,29,11.1364,17.1429,2.92,0.2400000000000002,1.031,0.796,-10.3019,-1.3322
3546,3,8,30,11.1364,18.3333,2.92,0.0,1.001,0.788,-9.9886,-1.3364
3547,3,8,31,11.1364,19.5238,2.88,0.0,0.983,0.782,-9.6592,-1.235
3548,3,8,32,11.1364,20.7143,2.88,0.0,0.949,0.774,-9.3848,-1.2238
3549,3,8,33,11.1364,21.9048,2.84,0.0,0.921,0.766,-9.1161,-1.2398
3550,3,8,34,11.1364,23.0952,2.8,0.0,0.891,0.759,-8.8732,-1.2454
3551,3,8,35,11.1364,24.2857,2.8,0.0,0.856,0.751,-8.6314,-1.2556
3552,3,8,36,11.1364,25.4762,2.76,0.0,0.817,0.742,-8.41,-1.2666
3553,3,8,37,11.1364,26.6667,2.76,0.0,0.788,0.735,-8.1603,-1.2799
3554,3,8,38,11.1364,27.8571,2.76,0.0,0.75,0.727,-7.9909,-1.2926
3555,3,8,39,11.1364,29.0476,7.0,0.0,1.902,0.699,-7.7921,-1.307
3556,3,8,40,11.1364,30.2381,7.0,0.0,1.882,0.731,-7.7303,-1.3194
3557,3,8,41,11.1364,31.4286,7.0,0.054383,2.146,0.769,-8.9097,-1.2994
3558,3,8,42,11.1364,32.619,7.0,0.2141,2.743,0.803,-10.6539,-1.3833
3559,3,8,43,11.1364,33.8095,7.0,0.369818,3.213,0.825,-13.0396,-1.3882
3560,3,8,44,11.1364,35.0,6.92,0.527877,3.605,0.831,-15.2445,-1.3907
3561,3,8,45,12.2727,10.0,2.96,0.502078,1.183,0.834,-15.63,-1.3583
3562,3,8,46,12.2727,11.1905,2.96,0.462872,1.165,0.828,-11.9357,-1.366
3563,3,8,47,12.2727,12.381,2.92,0.418592,1.155,0.823,-11.5542,-1.3545
3564,3,8,48,12.2727,13.5714,2.88,0.367361,1.141,0.817,-11.2089,-1.3523
3565,3,8,49,12.2727,14.7619,2.88,0.296736,1.114,0.809,-10.8767,-1.3531
3566,3,8,50,12.2727,15.9524,2.84,0.207735,1.097,0.804,-10.5357,-1.3364
3567,3,8,51,12.2727,17.1429,2.8,0.2000000000000001,1.079,0.798,-10.2602,-1.3294
3568,3,8,52,12.2727,18.3333,2.8,0.0,1.051,0.791,-9.9513,-1.2298
3569,3,8,53,12.2727,19.5238,2.76,0.0,1.027,0.785,-9.6884,-1.2385
3570,3,8,54,12.2727,20.7143,2.76,0.0,0.998,0.777,-9.438,-1.2507
3571,3,8,55,12.2727,21.9048,2.72,0.0,0.972,0.771,-9.2004,-1.2653
3572,3,8,56,12.2727,23.0952,2.72,0.0,0.94,0.764,-8.9727,-1.2774
3573,3,8,57,12.2727,24.2857,2.68,0.0,0.913,0.758,-8.7621,-1.2787
3574,3,8,58,12.2727,25.4762,2.68,0.0,0.883,0.751,-8.5536,-1.2889
3575,3,8,59,12.2727,26.6667,2.68,0.0,0.851,0.744,-8.36,-1.2996
3576,3,8,60,12.2727,27.8571,2.64,0.0,0.822,0.739,-8.1676,-1.2972
3577,3,8,61,12.2727,29.0476,7.0,0.0,2.062,0.732,-7.9883,-1.3228
3578,3,8,62,12.2727,30.2381,7.0,0.006242,2.081,0.763,-8.7293,-1.3329
3579,3,8,63,12.2727,31.4286,7.0,0.147613,2.223,0.797,-10.0693,-1.3403
3580,3,8,64,12.2727,32.619,7.0,0.300636,2.775,0.823,-11.915,-1.3925
3581,3,8,65,12.2727,33.8095,7.0,0.451938,3.203,0.834,-14.2343,-1.4003
3582,3,8,66,12.2727,35.0,6.88,0.601081,3.572,0.836,-15.5772,-1.4
3583,3,8,67,13.4091,10.0,2.84,0.455854,1.224,0.833,-15.5039,-1.376
3584,3,8,68,13.4091,11.1905,2.84,0.420544,1.203,0.826,-11.7213,-1.3527
3585,3,8,69,13.4091,12.381,2.8,0.379812,1.184,0.82,-11.3771,-1.3435
3586,3,8,70,13.4091,13.5714,2.76,0.330758,1.164,0.815,-11.0789,-1.3405
3587,3,8,71,13.4091,14.7619,2.76,0.272968,1.14,0.808,-10.7756,-1.3353
3588,3,8,72,13.4091,15.9524,2.72,0.177621,1.125,0.804,-10.5031,-1.3389
3589,3,8,73,13.4091,17.1429,2.72,0.2000000000000001,1.101,0.798,-10.2051,-1.252
3590,3,8,74,13.4091,18.3333,2.68,0.0,1.081,0.793,-9.9508,-1.2576
3591,3,8,75,13.4091,19.5238,2.68,0.0,1.057,0.787,-9.7228,-1.2664
3592,3,8,76,13.4091,20.7143,2.64,0.0,1.036,0.783,-9.4929,-1.2779
3593,3,8,77,13.4091,21.9048,2.64,0.0,1.011,0.776,-9.2803,-1.2908
3594,3,8,78,13.4091,23.0952,2.6,0.0,0.985,0.772,-9.0746,-1.3044
3595,3,8,79,13.4091,24.2857,2.6,0.0,0.96,0.766,-8.8786,-1.3042
3596,3,8,80,13.4091,25.4762,2.6,0.0,0.933,0.759,-8.6943,-1.3123
3597,3,8,81,13.4091,26.6667,2.56,0.0,0.907,0.755,-8.5111,-1.3208
3598,3,8,82,13.4091,27.8571,7.0,0.0,2.308,0.744,-8.3386,-1.3282
3599,3,8,83,13.4091,29.0476,7.0,0.004706,2.341,0.768,-8.9331,-1.3389
3600,3,8,84,13.4091,30.2381,7.0,0.153245,2.336,0.799,-10.0455,-1.3469
3601,3,8,85,13.4091,31.4286,7.0,0.274326,2.214,0.821,-11.9253,-1.3546
3602,3,8,86,13.4091,32.619,7.0,0.400499,2.669,0.835,-13.912,-1.3595
3603,3,8,87,13.4091,33.8095,6.92,0.543491,2.878,0.837,-15.7072,-1.4056
3604,3,8,88,13.4091,35.0,6.76,0.682877,3.239,0.839,-15.7075,-1.4334
3605,3,8,89,14.5455,10.0,2.72,0.42256,1.229,0.827,-15.5888,-1.4038
3606,3,8,90,14.5455,11.1905,2.72,0.382727,1.212,0.823,-11.5892,-1.3894
3607,3,8,91,14.5455,12.381,2.68,0.345471,1.195,0.819,-11.246,-1.3309
3608,3,8,92,14.5455,13.5714,2.68,0.302311,1.173,0.813,-10.9679,-1.3269
3609,3,8,93,14.5455,14.7619,2.64,0.239505,1.161,0.81,-10.6977,-1.3268
3610,3,8,94,14.5455,15.9524,2.64,0.170434,1.14,0.804,-10.4242,-1.2774
3611,3,8,95,14.5455,17.1429,2.6,0.1600000000000001,1.13,0.802,-10.1998,-1.3091
3612,3,8,96,14.5455,18.3333,2.6,0.0,1.106,0.796,-9.9697,-1.2884
3613,3,8,97,14.5455,19.5238,2.56,0.0,1.088,0.793,-9.7491,-1.2969
3614,3,8,98,14.5455,20.7143,2.56,0.0,1.067,0.787,-9.5523,-1.3069
3615,3,8,99,14.5455,21.9048,2.52,0.0,1.045,0.784,-9.358,-1.3178
3616,3,8,100,14.5455,23.0952,2.52,0.0,1.023,0.778,-9.1646,-1.3282
3617,3,8,101,14.5455,24.2857,2.52,0.0,0.999,0.772,-8.9883,-1.3415
3618,3,8,102,14.5455,25.4762,7.0,0.0,2.626,0.749,-8.8127,-1.3523
3619,3,8,103,14.5455,26.6667,7.0,0.0,2.691,0.764,-8.8422,-1.3459
3620,3,8,104,14.5455,27.8571,7.0,0.042161,2.75,0.782,-9.4658,-1.3514
3621,3,8,105,14.5455,29.0476,7.0,0.158079,2.742,0.804,-10.3953,-1.3577
3622,3,8,106,14.5455,30.2381,7.0,0.277333,2.617,0.824,-11.7862,-1.3631
3623,3,8,107,14.5455,31.4286,7.0,0.396313,2.341,0.838,-13.6967,-1.3657
3624,3,8,108,14.5455,32.619,6.96,0.526706,2.465,0.843,-15.8379,-1.4367
3625,3,8,109,14.5455,33.8095,6.8,0.648922,2.5,0.843,-16.2532,-1.4433
3626,3,8,110,14.5455,35.0,6.68,0.775592,2.882,0.842,-15.9651,-1.4393
3627,3,8,111,15.6818,10.0,2.64,0.385773,1.232,0.825,-15.8048,-1.4296
3628,3,8,112,15.6818,11.1905,2.6,0.350416,1.221,0.823,-11.4452,-1.368
3629,3,8,113,15.6818,12.381,2.6,0.317202,1.205,0.819,-11.1362,-1.3226
3630,3,8,114,15.6818,13.5714,2.56,0.276121,1.192,0.816,-10.8752,-1.3232
3631,3,8,115,15.6818,14.7619,2.56,0.221465,1.178,0.812,-10.6386,-1.3266
3632,3,8,116,15.6818,15.9524,2.52,0.155395,1.17,0.81,-10.3859,-1.3111
3633,3,8,117,15.6818,17.1429,2.52,0.1600000000000001,1.152,0.806,-10.1922,-1.3057
3634,3,8,118,15.6818,18.3333,2.48,0.0,1.133,0.802,-9.9848,-1.3199
3635,3,8,119,15.6818,19.5238,2.48,0.0,1.115,0.798,-9.7849,-1.3365
3636,3,8,120,15.6818,20.7143,2.48,0.0,1.092,0.792,-9.6047,-1.3484
3637,3,8,121,15.6818,21.9048,2.44,0.0,1.072,0.789,-9.4263,-1.3484
3638,3,8,122,15.6818,23.0952,7.0,0.0,3.142,0.77,-9.2589,-1.3568
3639,3,8,123,15.6818,24.2857,7.0,0.0,3.174,0.778,-9.4237,-1.3666
3640,3,8,124,15.6818,25.4762,7.0,0.053524,3.227,0.789,-9.8327,-1.3739
3641,3,8,125,15.6818,26.6667,7.0,0.1403,3.258,0.802,-10.4127,-1.3808
3642,3,8,126,15.6818,27.8571,7.0,0.230061,3.213,0.817,-11.2527,-1.3867
3643,3,8,127,15.6818,29.0476,7.0,0.328073,3.079,0.831,-12.4943,-1.3796
3644,3,8,128,15.6818,30.2381,7.0,0.431852,2.852,0.842,-14.1198,-1.3833
3645,3,8,129,15.6818,31.4286,6.96,0.537839,2.537,0.843,-15.6517,-1.4016
3646,3,8,130,15.6818,32.619,6.8,0.648652,2.463,0.843,-16.058,-1.4038
3647,3,8,131,15.6818,33.8095,6.68,0.778926,2.264,0.844,-16.3327,-1.4388
3648,3,8,132,15.6818,35.0,6.56,0.883494,2.49,0.846,-16.3977,-1.4388
3649,3,8,133,16.8182,10.0,2.52,0.347643,1.249,0.83,-16.213,-1.4342
3650,3,8,134,16.8182,11.1905,2.52,0.322261,1.238,0.826,-11.2706,-1.317
3651,3,8,135,16.8182,12.381,2.48,0.29229,1.225,0.824,-11.0455,-1.3159
3652,3,8,136,16.8182,13.5714,2.48,0.254981,1.21,0.82,-10.8158,-1.3219
3653,3,8,137,16.8182,14.7619,2.44,0.207158,1.199,0.818,-10.5961,-1.3307
3654,3,8,138,16.8182,15.9524,2.44,0.152113,1.188,0.815,-10.3733,-1.3455
3655,3,8,139,16.8182,17.1429,2.44,0.04191,1.17,0.81,-10.1995,-1.3451
3656,3,8,140,16.8182,18.3333,7.0,0.011321,3.926,0.786,-10.0042,-1.3562
3657,3,8,141,16.8182,19.5238,7.0,0.043386,3.903,0.79,-10.0646,-1.3686
3658,3,8,142,16.8182,20.7143,7.0,0.073929,3.866,0.794,-10.2533,-1.377
3659,3,8,143,16.8182,21.9048,7.0,0.113847,3.85,0.799,-10.4406,-1.386
3660,3,8,144,16.8182,23.0952,7.0,0.162805,3.798,0.804,-10.701,-1.3975
3661,3,8,145,16.8182,24.2857,7.0,0.216264,3.817,0.811,-11.1442,-1.3925
3662,3,8,146,16.8182,25.4762,7.0,0.279498,3.82,0.82,-11.6693,-1.3982
3663,3,8,147,16.8182,26.6667,7.0,0.346906,3.764,0.829,-12.4168,-1.402
3664,3,8,148,16.8182,27.8571,7.0,0.424392,3.637,0.837,-13.3623,-1.405
3665,3,8,149,16.8182,29.0476,7.0,0.506952,3.409,0.842,-14.5511,-1.4077
3666,3,8,150,16.8182,30.2381,6.88,0.589906,3.187,0.842,-15.5169,-1.4094
3667,3,8,151,16.8182,31.4286,6.8,0.683742,2.911,0.843,-15.7875,-1.4563
3668,3,8,152,16.8182,32.619,6.68,0.78365,2.72,0.845,-16.1002,-1.4549
3669,3,8,153,16.8182,33.8095,6.56,0.885522,2.488,0.847,-16.267,-1.4622
3670,3,8,154,16.8182,35.0,6.44,0.93818,2.424,0.85,-16.2932,-1.4573
3671,3,8,155,17.9545,10.0,7.0,0.197393,5.084,0.803,-16.2986,-1.4476
3672,3,8,156,17.9545,11.1905,7.0,0.208218,5.002,0.804,-11.7978,-1.3232
3673,3,8,157,17.9545,12.381,7.0,0.225486,4.916,0.806,-11.7223,-1.4017
3674,3,8,158,17.9545,13.5714,7.0,0.239199,4.839,0.808,-11.5813,-1.3185
3675,3,8,159,17.9545,14.7619,7.0,0.249877,4.754,0.808,-11.5578,-1.3372
3676,3,8,160,17.9545,15.9524,7.0,0.261973,4.701,0.81,-11.5078,-1.3759
3677,3,8,161,17.9545,17.1429,7.0,0.276109,4.639,0.811,-11.4884,-1.3876
3678,3,8,162,17.9545,18.3333,7.0,0.291588,4.564,0.812,-11.483,-1.4015
3679,3,8,163,17.9545,19.5238,7.0,0.31172,4.512,0.814,-11.6223,-1.4028
3680,3,8,164,17.9545,20.7143,7.0,0.343555,4.478,0.817,-11.7371,-1.4096
3681,3,8,165,17.9545,21.9048,7.0,0.369489,4.415,0.819,-11.9662,-1.4159
3682,3,8,166,17.9545,23.0952,7.0,0.407699,4.374,0.823,-12.1886,-1.4205
3683,3,8,167,17.9545,24.2857,7.0,0.452096,4.358,0.828,-12.5352,-1.4256
3684,3,8,168,17.9545,25.4762,7.0,0.50318,4.306,0.832,-12.9928,-1.4288
3685,3,8,169,17.9545,26.6667,7.0,0.553027,4.205,0.836,-13.5518,-1.4311
3686,3,8,170,17.9545,27.8571,6.92,0.617955,4.041,0.839,-13.9973,-1.4239
3687,3,8,171,17.9545,29.0476,6.84,0.684586,3.811,0.839,-14.5091,-1.4246
3688,3,8,172,17.9545,30.2381,6.72,0.75783,3.575,0.841,-14.8211,-1.4586
3689,3,8,173,17.9545,31.4286,6.64,0.837822,3.33,0.844,-15.3111,-1.4565
3690,3,8,174,17.9545,32.619,6.52,0.922689,3.127,0.848,-15.7058,-1.4539
3691,3,8,175,17.9545,33.8095,6.44,0.906326,2.865,0.852,-16.0288,-1.4531
3692,3,8,176,17.9545,35.0,6.32,0.888573,2.658,0.854,-16.1908,-1.4607
3693,3,8,177,19.0909,10.0,7.0,0.477027,5.346,0.819,-16.3839,-1.4476
3694,3,8,178,19.0909,11.1905,6.96,0.483995,5.295,0.82,-13.0629,-1.3267
3695,3,8,179,19.0909,12.381,7.0,0.499046,5.252,0.818,-12.7565,-1.3419
3696,3,8,180,19.0909,13.5714,7.0,0.509415,5.181,0.817,-12.5721,-1.3944
3697,3,8,181,19.0909,14.7619,7.0,0.517342,5.078,0.815,-12.373,-1.4064
3698,3,8,182,19.0909,15.9524,7.0,0.528843,5.023,0.815,-12.1977,-1.416
3699,3,8,183,19.0909,17.1429,7.0,0.538119,4.967,0.815,-12.1026,-1.4249
3700,3,8,184,19.0909,18.3333,7.0,0.55444,4.914,0.815,-12.0372,-1.4325
3701,3,8,185,19.0909,19.5238,6.96,0.566109,4.867,0.818,-12.0308,-1.4399
3702,3,8,186,19.0909,20.7143,6.92,0.585341,4.798,0.82,-12.0511,-1.4408
3703,3,8,187,19.0909,21.9048,6.92,0.608149,4.75,0.822,-12.1206,-1.4408
3704,3,8,188,19.0909,23.0952,6.88,0.641411,4.69,0.825,-12.2774,-1.4444
3705,3,8,189,19.0909,24.2857,6.88,0.675074,4.636,0.827,-12.4872,-1.4456
3706,3,8,190,19.0909,25.4762,6.84,0.715304,4.545,0.831,-12.7517,-1.445
3707,3,8,191,19.0909,26.6667,6.8,0.761223,4.462,0.834,-13.0744,-1.4444
3708,3,8,192,19.0909,27.8571,6.72,0.811538,4.323,0.838,-13.4505,-1.4437
3709,3,8,193,19.0909,29.0476,6.64,0.869537,4.135,0.841,-13.8491,-1.4426
3710,3,8,194,19.0909,30.2381,6.56,0.926599,3.951,0.844,-14.2619,-1.4407
3711,3,8,195,19.0909,31.4286,6.48,0.930651,3.732,0.848,-14.6744,-1.4498
3712,3,8,196,19.0909,32.619,6.4,0.899931,3.51,0.852,-15.169,-1.4658
3713,3,8,197,19.0909,33.8095,6.28,0.87272,3.364,0.855,-15.5424,-1.463
3714,3,8,198,19.0909,35.0,6.2,0.850346,3.035,0.856,-15.8677,-1.4579
3715,3,8,199,20.2273,10.0,6.68,0.729119,5.407,0.823,-16.1696,-1.4505
3716,3,8,200,20.2273,11.1905,6.68,0.735433,5.355,0.822,-13.0207,-1.3364
3717,3,8,201,20.2273,12.381,6.72,0.745903,5.317,0.819,-12.7157,-1.3526
3718,3,8,202,20.2273,13.5714,6.68,0.754538,5.243,0.82,-12.3874,-1.5064
3719,3,8,203,20.2273,14.7619,6.68,0.760952,5.175,0.819,-12.2091,-1.4434
3720,3,8,204,20.2273,15.9524,6.68,0.767025,5.11,0.818,-12.0531,-1.4541
3721,3,8,205,20.2273,17.1429,6.68,0.777986,5.047,0.818,-11.9163,-1.4592
3722,3,8,206,20.2273,18.3333,6.68,0.789126,4.992,0.819,-11.8327,-1.4628
3723,3,8,207,20.2273,19.5238,6.68,0.802327,4.949,0.819,-11.7808,-1.4655
3724,3,8,208,20.2273,20.7143,6.68,0.817695,4.906,0.82,-11.7755,-1.4665
3725,3,8,209,20.2273,21.9048,6.64,0.833271,4.843,0.822,-11.813,-1.4664
3726,3,8,210,20.2273,23.0952,6.64,0.862121,4.802,0.824,-11.9223,-1.4677
3727,3,8,211,20.2273,24.2857,6.6,0.885129,4.727,0.827,-12.095,-1.4662
3728,3,8,212,20.2273,25.4762,6.6,0.917035,4.675,0.829,-12.2737,-1.4638
3729,3,8,213,20.2273,26.6667,6.56,0.953779,4.601,0.833,-12.5303,-1.461
3730,3,8,214,20.2273,27.8571,6.52,0.9962,4.509,0.837,-12.8423,-1.458
3731,3,8,215,20.2273,29.0476,6.44,0.979516,4.387,0.84,-13.2043,-1.4543
3732,3,8,216,20.2273,30.2381,6.4,0.945059,4.247,0.843,-13.5979,-1.4641
3733,3,8,217,20.2273,31.4286,6.32,0.909799,4.062,0.849,-14.034,-1.4556
3734,3,8,218,20.2273,32.619,6.24,0.87652,3.919,0.853,-14.5011,-1.4516
3735,3,8,219,20.2273,33.8095,6.16,0.848547,3.697,0.855,-14.9376,-1.4523
3736,3,8,220,20.2273,35.0,6.08,0.82156,3.504,0.858,-15.3357,-1.4526
3737,3,8,221,21.3636,10.0,6.44,0.957943,5.366,0.824,-15.7062,-1.4426
3738,3,8,222,21.3636,11.1905,6.44,0.945359,5.319,0.822,-12.9178,-1.3539
3739,3,8,223,21.3636,12.381,6.44,0.942121,5.275,0.82,-12.5465,-1.4463
3740,3,8,224,21.3636,13.5714,6.4,0.932505,5.204,0.821,-12.3044,-1.4992
3741,3,8,225,21.3636,14.7619,6.4,0.926795,5.162,0.822,-12.1138,-1.4852
3742,3,8,226,21.3636,15.9524,6.4,0.910776,5.103,0.82,-11.9359,-1.4875
3743,3,8,227,21.3636,17.1429,6.4,0.904649,5.053,0.82,-11.7901,-1.4916
3744,3,8,228,21.3636,18.3333,6.4,0.908026,4.997,0.82,-11.6867,-1.4918
3745,3,8,229,21.3636,19.5238,6.4,0.911888,4.947,0.821,-11.6134,-1.49
3746,3,8,230,21.3636,20.7143,6.4,0.923049,4.912,0.822,-11.5714,-1.4884
3747,3,8,231,21.3636,21.9048,6.4,0.934151,4.88,0.823,-11.5777,-1.4853
3748,3,8,232,21.3636,23.0952,6.4,0.951584,4.845,0.824,-11.6139,-1.4816
3749,3,8,233,21.3636,24.2857,6.36,0.971833,4.784,0.827,-11.722,-1.4766
3750,3,8,234,21.3636,25.4762,6.36,0.97499,4.746,0.829,-11.8974,-1.4831
3751,3,8,235,21.3636,26.6667,6.36,0.968486,4.689,0.831,-12.0777,-1.4789
3752,3,8,236,21.3636,27.8571,6.32,0.954871,4.636,0.835,-12.311,-1.4746
3753,3,8,237,21.3636,29.0476,6.24,0.940092,4.547,0.841,-12.6125,-1.4692
3754,3,8,238,21.3636,30.2381,6.2,0.913491,4.478,0.845,-12.9488,-1.4547
3755,3,8,239,21.3636,31.4286,6.16,0.882651,4.376,0.849,-13.3495,-1.451
3756,3,8,240,21.3636,32.619,6.08,0.855287,4.25,0.855,-13.7884,-1.4472
3757,3,8,241,21.3636,33.8095,6.04,0.826287,4.059,0.856,-14.184,-1.4519
3758,3,8,242,21.3636,35.0,5.96,0.799026,3.936,0.859,-14.6094,-1.4478
3759,3,8,243,22.5,10.0,6.2,0.87125,5.265,0.823,-15.0242,-1.4434
3760,3,8,244,22.5,11.1905,6.2,0.854289,5.242,0.824,-12.6422,-1.5698
3761,3,8,245,22.5,12.381,6.2,0.844377,5.211,0.823,-12.3568,-1.4717
3762,3,8,246,22.5,13.5714,6.2,0.82891,5.175,0.822,-12.1485,-1.5114
3763,3,8,247,22.5,14.7619,6.16,0.82084,5.113,0.823,-11.9363,-1.548
3764,3,8,248,22.5,15.9524,6.16,0.811198,5.071,0.823,-11.7709,-1.5156
3765,3,8,249,22.5,17.1429,6.16,0.804985,5.027,0.822,-11.6228,-1.5123
3766,3,8,250,22.5,18.3333,6.16,0.800344,4.985,0.823,-11.5078,-1.5081
3767,3,8,251,22.5,19.5238,6.16,0.801188,4.947,0.823,-11.4265,-1.5142
3768,3,8,252,22.5,20.7143,6.16,0.806969,4.917,0.823,-11.3702,-1.5097
3769,3,8,253,22.5,21.9048,6.16,0.819219,4.893,0.824,-11.3438,-1.5046
3770,3,8,254,22.5,23.0952,6.16,0.836976,4.868,0.825,-11.3625,-1.4994
3771,3,8,255,22.5,24.2857,6.16,0.851713,4.846,0.827,-11.4119,-1.4922
3772,3,8,256,22.5,25.4762,6.12,0.868969,4.813,0.831,-11.4942,-1.4861
3773,3,8,257,22.5,26.6667,6.12,0.882051,4.777,0.833,-11.6497,-1.48
3774,3,8,258,22.5,27.8571,6.12,0.885651,4.74,0.836,-11.8209,-1.4745
3775,3,8,259,22.5,29.0476,6.08,0.884211,4.684,0.838,-12.0447,-1.4684
3776,3,8,260,22.5,30.2381,6.04,0.869155,4.651,0.843,-12.3512,-1.4514
3777,3,8,261,22.5,31.4286,6.0,0.848082,4.601,0.847,-12.6739,-1.4477
3778,3,8,262,22.5,32.619,5.96,0.825693,4.513,0.851,-13.0403,-1.4457
3779,3,8,263,22.5,33.8095,5.88,0.802563,4.422,0.854,-13.4237,-1.4431
3780,3,8,264,22.5,35.0,5.84,0.778358,4.28,0.857,-13.795,-1.4407
3781,3,8,265,23.6364,10.0,6.0,0.797753,5.248,0.827,-14.1942,-1.4361
3782,3,8,266,23.6364,11.1905,6.0,0.785632,5.22,0.826,-12.3034,-1.4571
3783,3,8,267,23.6364,12.381,6.0,0.767595,5.189,0.825,-12.045,-1.4898
3784,3,8,268,23.6364,13.5714,6.0,0.747778,5.159,0.824,-11.8438,-1.538
3785,3,8,269,23.6364,14.7619,5.96,0.734549,5.112,0.825,-11.6561,-1.5851
3786,3,8,270,23.6364,15.9524,5.96,0.722137,5.076,0.824,-11.4986,-1.5417
3787,3,8,271,23.6364,17.1429,5.96,0.709322,5.039,0.823,-11.368,-1.5354
3788,3,8,272,23.6364,18.3333,5.96,0.70282,5.008,0.823,-11.2499,-1.5283
3789,3,8,273,23.6364,19.5238,5.96,0.69972,4.978,0.823,-11.1735,-1.5188
3790,3,8,274,23.6364,20.7143,5.96,0.701659,4.952,0.823,-11.1018,-1.5293
3791,3,8,275,23.6364,21.9048,5.96,0.707513,4.93,0.824,-11.0683,-1.5232
3792,3,8,276,23.6364,23.0952,5.96,0.724093,4.909,0.825,-11.0599,-1.5173
3793,3,8,277,23.6364,24.2857,5.96,0.740686,4.891,0.826,-11.0886,-1.5088
3794,3,8,278,23.6364,25.4762,5.96,0.758318,4.872,0.827,-11.1403,-1.5022
3795,3,8,279,23.6364,26.6667,5.92,0.780027,4.852,0.831,-11.2245,-1.4957
3796,3,8,280,23.6364,27.8571,5.92,0.791098,4.818,0.833,-11.3763,-1.4892
3797,3,8,281,23.6364,29.0476,5.92,0.801606,4.794,0.836,-11.5748,-1.4486
3798,3,8,282,23.6364,30.2381,5.88,0.80421,4.768,0.84,-11.7814,-1.4451
3799,3,8,283,23.6364,31.4286,5.84,0.79726,4.757,0.844,-12.0343,-1.4423
3800,3,8,284,23.6364,32.619,5.8,0.788227,4.725,0.847,-12.3111,-1.44
3801,3,8,285,23.6364,33.8095,5.76,0.771025,4.657,0.85,-12.6124,-1.4369
3802,3,8,286,23.6364,35.0,5.72,0.751965,4.553,0.853,-12.9346,-1.4314
3803,3,8,287,24.7727,10.0,5.8,0.74585,5.232,0.824,-13.2912,-1.4373
3804,3,8,288,24.7727,11.1905,5.8,0.723387,5.202,0.822,-11.8313,-1.4436
3805,3,8,289,24.7727,12.381,5.8,0.696504,5.18,0.822,-11.6005,-1.514
3806,3,8,290,24.7727,13.5714,5.8,0.672765,5.15,0.821,-11.4317,-1.555
3807,3,8,291,24.7727,14.7619,5.8,0.648624,5.117,0.82,-11.2625,-1.5716
3808,3,8,292,24.7727,15.9524,5.76,0.629342,5.081,0.82,-11.1142,-1.5718
3809,3,8,293,24.7727,17.1429,5.76,0.608789,5.052,0.82,-10.9875,-1.5561
3810,3,8,294,24.7727,18.3333,5.76,0.596955,5.026,0.82,-10.8816,-1.5475
3811,3,8,295,24.7727,19.5238,5.76,0.584493,5.0,0.819,-10.8162,-1.5368
3812,3,8,296,24.7727,20.7143,5.76,0.579345,4.976,0.819,-10.7549,-1.5272
3813,3,8,297,24.7727,21.9048,5.76,0.579107,4.956,0.82,-10.7154,-1.5183
3814,3,8,298,24.7727,23.0952,5.76,0.594286,4.94,0.821,-10.6921,-1.5108
3815,3,8,299,24.7727,24.2857,5.76,0.607296,4.923,0.822,-10.7002,-1.5255
3816,3,8,300,24.7727,25.4762,5.76,0.629087,4.91,0.823,-10.7364,-1.4956
3817,3,8,301,24.7727,26.6667,5.76,0.653348,4.898,0.825,-10.797,-1.4886
3818,3,8,302,24.7727,27.8571,5.76,0.684037,4.885,0.828,-10.8751,-1.5076
3819,3,8,303,24.7727,29.0476,5.72,0.695684,4.849,0.83,-11.0134,-1.5009
3820,3,8,304,24.7727,30.2381,5.72,0.713591,4.848,0.833,-11.1883,-1.4459
3821,3,8,305,24.7727,31.4286,5.72,0.724382,4.852,0.836,-11.3656,-1.4358
3822,3,8,306,24.7727,32.619,5.68,0.72818,4.846,0.839,-11.5794,-1.4349
3823,3,8,307,24.7727,33.8095,5.64,0.724729,4.814,0.843,-11.8127,-1.4361
3824,3,8,308,24.7727,35.0,5.6,0.71463,4.744,0.846,-12.0796,-1.4356
3825,3,8,309,25.9091,10.0,5.6,0.700862,5.173,0.817,-12.3521,-1.4363
3826,3,8,310,25.9091,11.1905,5.6,0.654048,5.135,0.814,-11.2689,-1.4996
3827,3,8,311,25.9091,12.381,5.6,0.629604,5.136,0.816,-11.0897,-1.6676
3828,3,8,312,25.9091,13.5714,5.6,0.58687,5.115,0.815,-10.8995,-1.5249
3829,3,8,313,25.9091,14.7619,1.92,0.192485,1.17,0.824,-10.7685,-1.5708
3830,3,8,314,25.9091,15.9524,1.92,0.172886,1.178,0.825,-10.6703,-1.635
3831,3,8,315,25.9091,17.1429,5.6,0.473324,5.049,0.813,-10.5266,-1.5724
3832,3,8,316,25.9091,18.3333,5.6,0.442952,5.028,0.813,-10.4322,-1.5635
3833,3,8,317,25.9091,19.5238,5.6,0.40787,5.007,0.813,-10.3662,-1.5527
3834,3,8,318,25.9091,20.7143,5.56,0.390848,4.976,0.814,-10.3031,-1.5435
3835,3,8,319,25.9091,21.9048,5.56,0.372714,4.957,0.814,-10.2725,-1.5346
3836,3,8,320,25.9091,23.0952,5.56,0.376677,4.942,0.815,-10.2418,-1.5264
3837,3,8,321,25.9091,24.2857,5.56,0.389049,4.929,0.816,-10.2467,-1.5162
3838,3,8,322,25.9091,25.4762,5.56,0.414304,4.917,0.817,-10.261,-1.5093
3839,3,8,323,25.9091,26.6667,5.56,0.449513,4.907,0.818,-10.2972,-1.5029
3840,3,8,324,25.9091,27.8571,5.56,0.491891,4.895,0.82,-10.3543,-1.4975
3841,3,8,325,25.9091,29.0476,5.56,0.541103,4.884,0.822,-10.4431,-1.4912
3842,3,8,326,25.9091,30.2381,5.56,0.574549,4.891,0.825,-10.5699,-1.4872
3843,3,8,327,25.9091,31.4286,5.56,0.606662,4.907,0.827,-10.6902,-1.4358
3844,3,8,328,25.9091,32.619,5.52,0.632158,4.903,0.83,-10.8518,-1.4369
3845,3,8,329,25.9091,33.8095,5.52,0.644835,4.894,0.832,-11.0307,-1.4351
3846,3,8,330,25.9091,35.0,5.48,0.650702,4.862,0.836,-11.228,-1.4382
3847,3,8,331,27.0455,10.0,1.92,0.209986,1.131,0.819,-11.4463,-1.4426
3848,3,8,332,27.0455,11.1905,1.92,0.210018,1.129,0.817,-11.0148,-1.4822
3849,3,8,333,27.0455,12.381,1.88,0.197513,1.122,0.814,-10.9518,-1.582
3850,3,8,334,27.0455,13.5714,1.88,0.192502,1.133,0.815,-10.8053,-1.5321
3851,3,8,335,27.0455,14.7619,1.88,0.186545,1.132,0.814,-10.7577,-1.5712
3852,3,8,336,27.0455,15.9524,1.88,0.175134,1.133,0.814,-10.696,-1.5977
3853,3,8,337,27.0455,17.1429,1.88,0.16284,1.132,0.813,-10.5859,-1.5717
3854,3,8,338,27.0455,18.3333,1.84,0.151651,1.116,0.807,-10.4812,-1.5569
3855,3,8,339,27.0455,19.5238,1.84,0.139043,1.117,0.807,-10.3978,-1.5653
3856,3,8,340,27.0455,20.7143,1.84,0.121984,1.116,0.806,-10.3324,-1.5573
3857,3,8,341,27.0455,21.9048,1.84,0.104757,1.116,0.806,-10.258,-1.5495
3858,3,8,342,27.0455,23.0952,1.84,0.085403,1.113,0.805,-10.1911,-1.5426
3859,3,8,343,27.0455,24.2857,1.84,0.040052,1.11,0.804,-10.1176,-1.5346
3860,3,8,344,27.0455,25.4762,1.84,0.04,1.106,0.803,-10.0435,-1.5287
3861,3,8,345,27.0455,26.6667,1.84,0.0,1.102,0.802,-9.9737,-1.5237
3862,3,8,346,27.0455,27.8571,5.4,0.0,4.884,0.81,-9.9045,-1.5205
3863,3,8,347,27.0455,29.0476,5.4,0.0,4.876,0.812,-9.8574,-1.5151
3864,3,8,348,27.0455,30.2381,5.4,0.166261,4.896,0.814,-9.9325,-1.4456
3865,3,8,349,27.0455,31.4286,5.4,0.31499,4.911,0.816,-10.0367,-1.4461
3866,3,8,350,27.0455,32.619,5.36,0.411843,4.907,0.819,-10.1474,-1.4485
3867,3,8,351,27.0455,33.8095,5.36,0.477715,4.906,0.822,-10.2726,-1.4407
3868,3,8,352,27.0455,35.0,5.32,0.521313,4.882,0.825,-10.423,-1.4467
3869,3,8,353,28.1818,10.0,4.96,0.512743,4.7,0.82,-10.5899,-1.4528
3870,3,8,354,28.1818,11.1905,1.84,0.199929,1.077,0.8,-11.0713,-1.5323
3871,3,8,355,28.1818,12.381,1.84,0.195762,1.087,0.802,-10.9181,-1.5126
3872,3,8,356,28.1818,13.5714,1.84,0.188511,1.091,0.802,-10.8742,-1.548
3873,3,8,357,28.1818,14.7619,1.84,0.183537,1.098,0.803,-10.794,-1.5478
3874,3,8,358,28.1818,15.9524,1.84,0.184609,1.092,0.801,-10.7274,-1.5687
3875,3,8,359,28.1818,17.1429,1.84,0.168431,1.097,0.802,-10.6968,-1.6362
3876,3,8,360,28.1818,18.3333,1.8,0.158907,1.094,0.8,-10.5486,-1.5724
3877,3,8,361,28.1818,19.5238,1.8,0.148775,1.096,0.8,-10.487,-1.5578
3878,3,8,362,28.1818,20.7143,1.8,0.138172,1.097,0.8,-10.422,-1.549
3879,3,8,363,28.1818,21.9048,1.8,0.121795,1.095,0.8,-10.3554,-1.5402
3880,3,8,364,28.1818,23.0952,1.8,0.108798,1.096,0.8,-10.2799,-1.531
3881,3,8,365,28.1818,24.2857,1.8,0.093351,1.094,0.8,-10.2177,-1.5238
3882,3,8,366,28.1818,25.4762,1.8,0.068537,1.092,0.799,-10.1492,-1.5171
3883,3,8,367,28.1818,26.6667,1.8,0.040542,1.09,0.799,-10.0817,-1.5131
3884,3,8,368,28.1818,27.8571,1.8,0.04,1.087,0.798,-10.0199,-1.5097
3885,3,8,369,28.1818,29.0476,1.76,0.0,1.083,0.797,-9.9554,-1.5056
3886,3,8,370,28.1818,30.2381,1.76,0.0,1.085,0.797,-9.9023,-1.5047
3887,3,8,371,28.1818,31.4286,1.76,0.0,1.083,0.796,-9.8684,-1.4688
3888,3,8,372,28.1818,32.619,1.76,0.0,1.085,0.796,-9.8344,-1.4474
3889,3,8,373,28.1818,33.8095,5.08,0.0,4.674,0.811,-9.8021,-1.4501
3890,3,8,374,28.1818,35.0,5.08,0.0,4.681,0.814,-9.7631,-1.4591
3891,3,8,375,29.3182,10.0,4.8,0.452403,4.377,0.827,-9.8921,-1.4687
3892,3,8,376,29.3182,11.1905,4.8,0.422689,4.375,0.829,-11.921,-1.6585
3893,3,8,377,29.3182,12.381,4.8,0.400902,4.35,0.827,-11.6176,-1.529
3894,3,8,378,29.3182,13.5714,4.8,0.374371,4.336,0.827,-11.3263,-1.5984
3895,3,8,379,29.3182,14.7619,4.76,0.34428,4.167,0.827,-11.0862,-1.5538
3896,3,8,380,29.3182,15.9524,1.8,0.184267,1.144,0.808,-10.8605,-1.5685
3897,3,8,381,29.3182,17.1429,1.76,0.174587,1.159,0.809,-10.7447,-1.6148
3898,3,8,382,29.3182,18.3333,1.76,0.166508,1.156,0.809,-10.6421,-1.5826
3899,3,8,383,29.3182,19.5238,1.76,0.158931,1.152,0.809,-10.5815,-1.5723
3900,3,8,384,29.3182,20.7143,1.76,0.151441,1.149,0.809,-10.5214,-1.5642
3901,3,8,385,29.3182,21.9048,1.76,0.14254,1.145,0.808,-10.4608,-1.5577
3902,3,8,386,29.3182,23.0952,1.76,0.131155,1.141,0.808,-10.3984,-1.5524
3903,3,8,387,29.3182,24.2857,1.76,0.120024,1.137,0.807,-10.3336,-1.5499
3904,3,8,388,29.3182,25.4762,1.76,0.108248,1.133,0.806,-10.2721,-1.5474
3905,3,8,389,29.3182,26.6667,1.76,0.094027,1.129,0.806,-10.2109,-1.5455
3906,3,8,390,29.3182,27.8571,1.76,0.074136,1.125,0.805,-10.1502,-1.5403
3907,3,8,391,29.3182,29.0476,1.72,0.067547,1.132,0.806,-10.0919,-1.5384
3908,3,8,392,29.3182,30.2381,1.72,0.047921,1.13,0.805,-10.0749,-1.4599
3909,3,8,393,29.3182,31.4286,1.72,0.08,1.129,0.804,-10.0306,-1.4663
3910,3,8,394,29.3182,32.619,1.72,0.0,1.127,0.802,-9.9858,-1.4734
3911,3,8,395,29.3182,33.8095,1.72,0.0,1.124,0.8,-9.9559,-1.4663
3912,3,8,396,29.3182,35.0,1.72,0.0,1.127,0.799,-9.9008,-1.4796
3913,3,8,397,30.4545,10.0,4.64,0.446509,4.051,0.846,-9.8667,-1.4894
3914,3,8,398,30.4545,11.1905,4.64,0.433019,4.036,0.847,-13.0108,-1.6246
3915,3,8,399,30.4545,12.381,4.64,0.419681,4.005,0.844,-12.6199,-1.5489
3916,3,8,400,30.4545,13.5714,4.64,0.404517,3.994,0.844,-12.2305,-1.6482
3917,3,8,401,30.4545,14.7619,4.64,0.387098,3.976,0.843,-11.9368,-1.5659
3918,3,8,402,30.4545,15.9524,4.64,0.370256,3.957,0.84,-11.6415,-1.5825
3919,3,8,403,30.4545,17.1429,4.64,0.35075,3.945,0.839,-11.3813,-1.5956
3920,3,8,404,30.4545,18.3333,4.64,0.330816,3.935,0.837,-11.1424,-1.5888
3921,3,8,405,30.4545,19.5238,4.6,0.307843,3.773,0.837,-10.9332,-1.5833
3922,3,8,406,30.4545,20.7143,4.6,0.281572,3.764,0.835,-10.7545,-1.579
3923,3,8,407,30.4545,21.9048,1.72,0.15607,1.249,0.829,-10.5884,-1.5762
3924,3,8,408,30.4545,23.0952,1.72,0.14931,1.24,0.827,-10.5116,-1.5737
3925,3,8,409,30.4545,24.2857,1.72,0.141239,1.231,0.825,-10.4523,-1.571
3926,3,8,410,30.4545,25.4762,1.72,0.132671,1.223,0.824,-10.3976,-1.5712
3927,3,8,411,30.4545,26.6667,1.72,0.123962,1.216,0.822,-10.3419,-1.5721
3928,3,8,412,30.4545,27.8571,1.72,0.114398,1.209,0.82,-10.2885,-1.5751
3929,3,8,413,30.4545,29.0476,1.72,0.104342,1.203,0.819,-10.2348,-1.5748
3930,3,8,414,30.4545,30.2381,1.68,0.097069,1.21,0.818,-10.1831,-1.5781
3931,3,8,415,30.4545,31.4286,1.68,0.093577,1.206,0.816,-10.1514,-1.5055
3932,3,8,416,30.4545,32.619,1.68,0.073911,1.205,0.814,-10.1462,-1.4845
3933,3,8,417,30.4545,33.8095,1.68,0.060259,1.2,0.811,-10.0969,-1.4953
3934,3,8,418,30.4545,35.0,1.68,0.029756,1.201,0.809,-10.0624,-1.5082
3935,3,8,419,31.5909,10.0,4.52,0.446072,3.778,0.854,-10.0216,-1.5225
3936,3,8,420,31.5909,11.1905,4.52,0.440068,3.774,0.855,-14.307,-1.5844
3937,3,8,421,31.5909,12.381,4.52,0.432569,3.763,0.853,-13.7694,-1.5563
3938,3,8,422,31.5909,13.5714,4.52,0.425123,3.756,0.853,-13.2946,-1.5909
3939,3,8,423,31.5909,14.7619,4.52,0.416054,3.747,0.852,-12.8859,-1.5692
3940,3,8,424,31.5909,15.9524,4.52,0.405646,3.733,0.85,-12.5227,-1.5815
3941,3,8,425,31.5909,17.1429,4.52,0.394417,3.716,0.848,-12.1822,-1.5949
3942,3,8,426,31.5909,18.3333,4.48,0.382136,3.549,0.848,-11.8767,-1.6281
3943,3,8,427,31.5909,19.5238,4.48,0.369042,3.538,0.847,-11.6348,-1.5778
3944,3,8,428,31.5909,20.7143,4.48,0.353613,3.528,0.845,-11.419,-1.5751
3945,3,8,429,31.5909,21.9048,4.48,0.338132,3.515,0.844,-11.2112,-1.5733
3946,3,8,430,31.5909,23.0952,4.48,0.321556,3.504,0.842,-11.0317,-1.5758
3947,3,8,431,31.5909,24.2857,4.48,0.305261,3.492,0.841,-10.8565,-1.5982
3948,3,8,432,31.5909,25.4762,4.48,0.285675,3.48,0.839,-10.7193,-1.6016
3949,3,8,433,31.5909,26.6667,4.44,0.264494,3.326,0.84,-10.5906,-1.5755
3950,3,8,434,31.5909,27.8571,4.44,0.245266,3.316,0.839,-10.4817,-1.5827
3951,3,8,435,31.5909,29.0476,1.68,0.131793,1.283,0.832,-10.3961,-1.5836
3952,3,8,436,31.5909,30.2381,1.68,0.137063,1.284,0.83,-10.3289,-1.5897
3953,3,8,437,31.5909,31.4286,1.68,0.130415,1.283,0.827,-10.3328,-1.5133
3954,3,8,438,31.5909,32.619,1.68,0.127209,1.281,0.824,-10.2876,-1.5259
3955,3,8,439,31.5909,33.8095,1.64,0.11274,1.263,0.817,-10.2603,-1.5258
3956,3,8,440,31.5909,35.0,1.64,0.106308,1.269,0.817,-10.195,-1.5522
3957,3,8,441,32.7273,10.0,4.4,0.447081,3.435,0.863,-10.1745,-1.5586
3958,3,8,442,32.7273,11.1905,4.4,0.445148,3.446,0.863,-15.6289,-1.5673
3959,3,8,443,32.7273,12.381,4.4,0.44126,3.459,0.864,-14.9701,-1.5994
3960,3,8,444,32.7273,13.5714,4.4,0.437383,3.464,0.863,-14.399,-1.5708
3961,3,8,445,32.7273,14.7619,4.4,0.433781,3.465,0.862,-13.9112,-1.5814
3962,3,8,446,32.7273,15.9524,4.4,0.42852,3.463,0.861,-13.4569,-1.5989
3963,3,8,447,32.7273,17.1429,4.4,0.422176,3.458,0.86,-13.0541,-1.6029
3964,3,8,448,32.7273,18.3333,4.4,0.41505,3.454,0.858,-12.7022,-1.5988
3965,3,8,449,32.7273,19.5238,4.36,0.407969,3.315,0.86,-12.3785,-1.5988
3966,3,8,450,32.7273,20.7143,4.36,0.399004,3.31,0.858,-12.1117,-1.5993
3967,3,8,451,32.7273,21.9048,4.36,0.389679,3.301,0.857,-11.8761,-1.6016
3968,3,8,452,32.7273,23.0952,4.36,0.380332,3.294,0.855,-11.6661,-1.6051
3969,3,8,453,32.7273,24.2857,4.36,0.37063,3.283,0.853,-11.4763,-1.6095
3970,3,8,454,32.7273,25.4762,4.36,0.359417,3.273,0.852,-11.31,-1.6142
3971,3,8,455,32.7273,26.6667,4.32,0.34804,3.174,0.853,-11.1404,-1.6208
3972,3,8,456,32.7273,27.8571,4.32,0.33839,3.184,0.851,-10.9957,-1.6273
3973,3,8,457,32.7273,29.0476,4.32,0.330072,3.19,0.849,-10.8943,-1.6334
3974,3,8,458,32.7273,30.2381,4.32,0.321229,3.203,0.848,-10.7772,-1.5545
3975,3,8,459,32.7273,31.4286,4.32,0.312154,3.219,0.847,-10.6959,-1.5684
3976,3,8,460,32.7273,32.619,4.32,0.306191,3.235,0.846,-10.6235,-1.5822
3977,3,8,461,32.7273,33.8095,4.32,0.30207,3.255,0.846,-10.5689,-1.5727
3978,3,8,462,32.7273,35.0,4.28,0.298381,3.204,0.847,-10.5221,-1.5945
3979,3,8,463,33.8636,10.0,4.32,0.445239,3.351,0.873,-10.49,-1.6134
3980,3,8,464,33.8636,11.1905,4.32,0.447541,3.342,0.872,-17.1981,-1.584
3981,3,8,465,33.8636,12.381,4.32,0.446838,3.363,0.874,-16.2793,-1.6714
3982,3,8,466,33.8636,13.5714,4.32,0.447129,3.367,0.872,-15.5667,-1.5822
3983,3,8,467,33.8636,14.7619,4.28,0.445321,3.283,0.874,-14.8979,-1.6739
3984,3,8,468,33.8636,15.9524,4.28,0.442996,3.289,0.873,-14.3791,-1.6104
3985,3,8,469,33.8636,17.1429,4.28,0.440438,3.292,0.872,-13.9432,-1.6117
3986,3,8,470,33.8636,18.3333,4.28,0.437767,3.291,0.87,-13.5426,-1.6154
3987,3,8,471,33.8636,19.5238,4.28,0.43357,3.291,0.869,-13.1791,-1.6548
3988,3,8,472,33.8636,20.7143,4.28,0.428633,3.287,0.867,-12.8703,-1.6255
3989,3,8,473,33.8636,21.9048,4.28,0.423383,3.28,0.865,-12.5656,-1.6325
3990,3,8,474,33.8636,23.0952,4.24,0.417991,3.214,0.865,-12.2981,-1.6408
3991,3,8,475,33.8636,24.2857,4.24,0.412291,3.214,0.863,-12.0835,-1.6489
3992,3,8,476,33.8636,25.4762,4.24,0.406844,3.23,0.862,-11.8961,-1.6584
3993,3,8,477,33.8636,26.6667,4.24,0.400168,3.243,0.86,-11.733,-1.6687
3994,3,8,478,33.8636,27.8571,4.24,0.394245,3.259,0.858,-11.5621,-1.679
3995,3,8,479,33.8636,29.0476,4.24,0.388331,3.273,0.857,-11.4186,-1.6899
3996,3,8,480,33.8636,30.2381,4.2,0.385389,3.256,0.857,-11.2863,-1.7017
3997,3,8,481,33.8636,31.4286,4.2,0.381547,3.275,0.856,-11.1727,-1.6354
3998,3,8,482,33.8636,32.619,4.2,0.378371,3.295,0.855,-11.093,-1.6164
3999,3,8,483,33.8636,33.8095,7.0,0.06561,3.894,0.782,-11.0278,-1.6267
4000,3,8,484,33.8636,35.0,7.0,0.113161,3.708,0.795,-11.0769,-1.6617
4001,3,8,485,35.0,10.0,4.2,0.442565,3.319,0.871,-11.8496,-1.6839
4002,3,8,486,35.0,11.1905,4.2,0.44617,3.324,0.873,-18.6233,-1.6355
4003,3,8,487,35.0,12.381,4.2,0.447624,3.337,0.876,-17.6025,-1.6891
4004,3,8,488,35.0,13.5714,4.2,0.451269,3.339,0.876,-16.8236,-1.5963
4005,3,8,489,35.0,14.7619,4.2,0.452565,3.344,0.876,-16.0583,-1.6546
4006,3,8,490,35.0,15.9524,4.2,0.45303,3.348,0.876,-15.4426,-1.6161
4007,3,8,491,35.0,17.1429,4.2,0.452468,3.351,0.875,-14.8838,-1.6224
4008,3,8,492,35.0,18.3333,4.2,0.45173,3.351,0.874,-14.3851,-1.6327
4009,3,8,493,35.0,19.5238,4.16,0.450573,3.33,0.874,-13.9504,-1.6462
4010,3,8,494,35.0,20.7143,4.16,0.448617,3.33,0.873,-13.5943,-1.6543
4011,3,8,495,35.0,21.9048,4.16,0.446573,3.332,0.872,-13.2828,-1.6663
4012,3,8,496,35.0,23.0952,4.16,0.444091,3.335,0.87,-13.0019,-1.679
4013,3,8,497,35.0,24.2857,4.16,0.441081,3.335,0.868,-12.7431,-1.6918
4014,3,8,498,35.0,25.4762,4.16,0.437791,3.344,0.867,-12.5065,-1.7055
4015,3,8,499,35.0,26.6667,4.12,0.435409,3.359,0.867,-12.29,-1.7199
4016,3,8,500,35.0,27.8571,4.12,0.432221,3.378,0.866,-12.1229,-1.7343
4017,3,8,501,35.0,29.0476,4.12,0.431934,3.396,0.865,-11.9683,-1.7484
4018,3,8,502,35.0,30.2381,4.12,0.429442,3.416,0.863,-11.8083,-1.6542
4019,3,8,503,35.0,31.4286,4.12,0.427612,3.435,0.862,-11.6856,-1.6781
4020,3,8,504,35.0,32.619,7.0,0.147867,4.583,0.801,-11.5771,-1.6968
4021,3,8,505,35.0,33.8095,7.0,0.194967,4.166,0.808,-12.388,-1.6931
4022,3,8,506,35.0,35.0,7.0,0.240553,3.9,0.814,-13.1443,-1.7216
4023,3,9,1,10.0,10.0,3.64,0.864892,0.836,0.844,-9.6891,-1.3405
4024,3,9,2,10.0,11.1905,3.6,0.81211,0.802,0.835,-14.1264,-1.3525
4025,3,9,3,10.0,12.381,3.56,0.744611,0.776,0.826,-13.2213,-1.3479
4026,3,9,4,10.0,13.5714,3.52,0.657977,0.754,0.816,-12.417,-1.3349
4027,3,9,5,10.0,14.7619,3.52,0.543832,0.699,0.804,-11.6957,-1.3437
4028,3,9,6,10.0,15.9524,3.48,0.380871,0.68,0.793,-11.0566,-1.3323
4029,3,9,7,10.0,17.1429,3.44,0.4000000000000003,0.659,0.782,-10.4788,-1.342
4030,3,9,8,10.0,18.3333,3.44,0.0,0.593,0.769,-9.9285,-1.2263
4031,3,9,9,10.0,19.5238,5.36,0.0,2.818,0.777,-9.4411,-1.2193
4032,3,9,10,10.0,20.7143,5.36,0.0,2.832,0.769,-9.093,-1.218
4033,3,9,11,10.0,21.9048,5.32,0.0,2.878,0.761,-8.8393,-1.2208
4034,3,9,12,10.0,23.0952,5.32,0.0,2.895,0.75,-8.5495,-1.2266
4035,3,9,13,10.0,24.2857,5.28,0.0,2.93,0.739,-8.2223,-1.2356
4036,3,9,14,10.0,25.4762,5.24,0.0,2.958,0.725,-7.9051,-1.2222
4037,3,9,15,10.0,26.6667,5.24,0.0,2.976,0.709,-7.5428,-1.2274
4038,3,9,16,10.0,27.8571,5.2,0.0,2.998,0.691,-7.1669,-1.2343
4039,3,9,17,10.0,29.0476,3.2,0.0,0.15,0.651,-6.7754,-1.243
4040,3,9,18,10.0,30.2381,3.16,0.0,0.085,0.638,-6.409,-1.2501
4041,3,9,19,10.0,31.4286,7.0,0.0,2.093,0.642,-6.1696,-1.2565
4042,3,9,20,10.0,32.619,7.0,0.0,2.139,0.697,-6.7914,-1.2628
4043,3,9,21,10.0,33.8095,7.0,0.010336,2.711,0.747,-8.2045,-1.2691
4044,3,9,22,10.0,35.0,7.0,0.18662,3.073,0.782,-10.1132,-1.2464
4045,3,9,23,11.1364,10.0,3.48,0.763391,0.914,0.84,-12.1326,-1.2528
4046,3,9,24,11.1364,11.1905,3.44,0.717794,0.915,0.832,-13.4002,-1.3672
4047,3,9,25,11.1364,12.381,3.44,0.658121,0.874,0.823,-12.6833,-1.3588
4048,3,9,26,11.1364,13.5714,3.4,0.575501,0.863,0.813,-12.0404,-1.362
4049,3,9,27,11.1364,14.7619,3.36,0.477819,0.85,0.804,-11.4139,-1.3541
4050,3,9,28,11.1364,15.9524,3.36,0.328475,0.801,0.793,-10.8916,-1.344
4051,3,9,29,11.1364,17.1429,3.32,0.3600000000000003,0.78,0.784,-10.3863,-1.3302
4052,3,9,30,11.1364,18.3333,3.28,0.0,0.754,0.773,-9.897,-1.2261
4053,3,9,31,11.1364,19.5238,3.28,0.0,0.701,0.762,-9.4632,-1.2177
4054,3,9,32,11.1364,20.7143,3.24,0.0,0.672,0.751,-9.0579,-1.2154
4055,3,9,33,11.1364,21.9048,3.24,0.0,0.618,0.739,-8.6917,-1.2171
4056,3,9,34,11.1364,23.0952,3.2,0.0,0.582,0.728,-8.3363,-1.2197
4057,3,9,35,11.1364,24.2857,5.32,0.0,2.872,0.734,-8.017,-1.2305
4058,3,9,36,11.1364,25.4762,3.16,0.0,0.474,0.703,-7.716,-1.2262
4059,3,9,37,11.1364,26.6667,3.12,0.0,0.43,0.692,-7.4057,-1.2289
4060,3,9,38,11.1364,27.8571,3.12,0.0,0.365,0.68,-7.1532,-1.2344
4061,3,9,39,11.1364,29.0476,3.08,0.0,0.308,0.668,-6.8979,-1.241
4062,3,9,40,11.1364,30.2381,3.08,0.0,0.24,0.655,-6.6553,-1.2474
4063,3,9,41,11.1364,31.4286,7.0,0.0,1.741,0.66,-6.4285,-1.253
4064,3,9,42,11.1364,32.619,7.0,0.0,2.306,0.709,-7.0978,-1.2888
4065,3,9,43,11.1364,33.8095,7.0,0.005521,2.788,0.751,-8.4209,-1.2924
4066,3,9,44,11.1364,35.0,7.0,0.180864,3.086,0.781,-10.052,-1.2701
4067,3,9,45,12.2727,10.0,3.36,0.695524,1.014,0.836,-11.723,-1.2735
4068,3,9,46,12.2727,11.1905,3.32,0.651671,1.005,0.829,-12.9491,-1.3714
4069,3,9,47,12.2727,12.381,3.28,0.597261,0.992,0.822,-12.3433,-1.3676
4070,3,9,48,12.2727,13.5714,3.28,0.527783,0.956,0.814,-11.7836,-1.3549
4071,3,9,49,12.2727,14.7619,3.24,0.427406,0.935,0.805,-11.2744,-1.3532
4072,3,9,50,12.2727,15.9524,3.24,0.299687,0.901,0.796,-10.7681,-1.3477
4073,3,9,51,12.2727,17.1429,3.2,0.2800000000000002,0.882,0.788,-10.3468,-1.3368
4074,3,9,52,12.2727,18.3333,3.2,0.0,0.84,0.778,-9.9037,-1.2086
4075,3,9,53,12.2727,19.5238,3.16,0.0,0.816,0.769,-9.5093,-1.2128
4076,3,9,54,12.2727,20.7143,3.16,0.0,0.766,0.758,-9.15,-1.2204
4077,3,9,55,12.2727,21.9048,3.12,0.0,0.735,0.748,-8.8033,-1.2259
4078,3,9,56,12.2727,23.0952,3.12,0.0,0.684,0.737,-8.4865,-1.2284
4079,3,9,57,12.2727,24.2857,3.08,0.0,0.646,0.727,-8.1758,-1.2337
4080,3,9,58,12.2727,25.4762,3.08,0.0,0.591,0.715,-7.8922,-1.241
4081,3,9,59,12.2727,26.6667,3.04,0.0,0.546,0.704,-7.6216,-1.249
4082,3,9,60,12.2727,27.8571,3.04,0.0,0.489,0.693,-7.3639,-1.2578
4083,3,9,61,12.2727,29.0476,3.0,0.0,0.439,0.683,-7.1252,-1.2672
4084,3,9,62,12.2727,30.2381,3.0,0.0,0.378,0.671,-6.8932,-1.2747
4085,3,9,63,12.2727,31.4286,7.0,0.0,1.896,0.674,-6.6658,-1.3099
4086,3,9,64,12.2727,32.619,7.0,0.0,2.409,0.717,-7.3532,-1.3123
4087,3,9,65,12.2727,33.8095,7.0,0.0,2.814,0.753,-8.5478,-1.3139
4088,3,9,66,12.2727,35.0,7.0,0.168444,3.082,0.781,-9.9673,-1.2942
4089,3,9,67,13.4091,10.0,3.2,0.642508,1.099,0.837,-11.4212,-1.2937
4090,3,9,68,13.4091,11.1905,3.2,0.602953,1.075,0.83,-12.6263,-1.3761
4091,3,9,69,13.4091,12.381,3.16,0.552689,1.062,0.824,-12.1178,-1.3689
4092,3,9,70,13.4091,13.5714,3.16,0.489502,1.033,0.816,-11.6226,-1.3573
4093,3,9,71,13.4091,14.7619,3.12,0.406508,1.019,0.809,-11.1697,-1.3535
4094,3,9,72,13.4091,15.9524,3.12,0.273765,0.988,0.801,-10.7435,-1.3431
4095,3,9,73,13.4091,17.1429,3.08,0.2800000000000002,0.964,0.792,-10.3101,-1.223
4096,3,9,74,13.4091,18.3333,3.08,0.0,0.932,0.784,-9.9003,-1.2211
4097,3,9,75,13.4091,19.5238,3.04,0.0,0.907,0.775,-9.5808,-1.2224
4098,3,9,76,13.4091,20.7143,3.04,0.0,0.866,0.766,-9.2421,-1.2276
4099,3,9,77,13.4091,21.9048,3.04,0.0,0.822,0.755,-8.929,-1.2353
4100,3,9,78,13.4091,23.0952,3.0,0.0,0.788,0.746,-8.624,-1.2426
4101,3,9,79,13.4091,24.2857,3.0,0.0,0.74,0.736,-8.3421,-1.2515
4102,3,9,80,13.4091,25.4762,2.96,0.0,0.7,0.726,-8.0776,-1.2555
4103,3,9,81,13.4091,26.6667,2.96,0.0,0.65,0.716,-7.8184,-1.2615
4104,3,9,82,13.4091,27.8571,2.96,0.0,0.598,0.705,-7.5745,-1.2676
4105,3,9,83,13.4091,29.0476,2.92,0.0,0.553,0.696,-7.3419,-1.2755
4106,3,9,84,13.4091,30.2381,2.92,0.0,0.5,0.685,-7.1081,-1.3406
4107,3,9,85,13.4091,31.4286,7.0,0.0,2.025,0.687,-6.898,-1.3383
4108,3,9,86,13.4091,32.619,7.0,0.0,2.463,0.724,-7.6117,-1.3359
4109,3,9,87,13.4091,33.8095,7.0,0.0,2.81,0.756,-8.6735,-1.3311
4110,3,9,88,13.4091,35.0,7.0,0.156235,3.065,0.783,-9.9279,-1.3169
4111,3,9,89,14.5455,10.0,3.08,0.596822,1.162,0.838,-11.2425,-1.3098
4112,3,9,90,14.5455,11.1905,3.08,0.562483,1.141,0.832,-12.3755,-1.3637
4113,3,9,91,14.5455,12.381,3.04,0.517691,1.133,0.826,-11.9433,-1.3647
4114,3,9,92,14.5455,13.5714,3.04,0.458465,1.107,0.819,-11.5026,-1.3551
4115,3,9,93,14.5455,14.7619,3.04,0.383915,1.08,0.811,-11.0909,-1.3515
4116,3,9,94,14.5455,15.9524,3.0,0.26884,1.067,0.805,-10.7028,-1.3328
4117,3,9,95,14.5455,17.1429,3.0,0.2400000000000002,1.035,0.797,-10.3173,-1.2165
4118,3,9,96,14.5455,18.3333,2.96,0.0,1.012,0.789,-9.9745,-1.2253
4119,3,9,97,14.5455,19.5238,2.96,0.0,0.976,0.78,-9.6472,-1.2379
4120,3,9,98,14.5455,20.7143,2.96,0.0,0.935,0.771,-9.3404,-1.2513
4121,3,9,99,14.5455,21.9048,2.92,0.0,0.904,0.763,-9.0454,-1.2535
4122,3,9,100,14.5455,23.0952,2.92,0.0,0.863,0.753,-8.7645,-1.2609
4123,3,9,101,14.5455,24.2857,2.92,0.0,0.82,0.744,-8.5013,-1.2701
4124,3,9,102,14.5455,25.4762,2.88,0.0,0.782,0.735,-8.2444,-1.2743
4125,3,9,103,14.5455,26.6667,2.88,0.0,0.74,0.726,-7.9952,-1.2827
4126,3,9,104,14.5455,27.8571,2.88,0.0,0.694,0.716,-7.7735,-1.2966
4127,3,9,105,14.5455,29.0476,2.84,0.0,0.652,0.708,-7.5497,-1.3047
4128,3,9,106,14.5455,30.2381,2.84,0.0,0.606,0.698,-7.3193,-1.366
4129,3,9,107,14.5455,31.4286,7.0,0.0,2.081,0.698,-7.1235,-1.3612
4130,3,9,108,14.5455,32.619,7.0,0.0,2.488,0.733,-7.807,-1.3532
4131,3,9,109,14.5455,33.8095,7.0,0.002983,2.804,0.763,-8.8723,-1.3411
4132,3,9,110,14.5455,35.0,7.0,0.155142,3.027,0.786,-10.0227,-1.3266
4133,3,9,111,15.6818,10.0,3.0,0.56144,1.213,0.838,-11.2213,-1.3246
4134,3,9,112,15.6818,11.1905,2.96,0.527091,1.205,0.834,-12.2232,-1.3846
4135,3,9,113,15.6818,12.381,2.96,0.487097,1.183,0.827,-11.8026,-1.3597
4136,3,9,114,15.6818,13.5714,2.92,0.435101,1.168,0.821,-11.4213,-1.352
4137,3,9,115,15.6818,14.7619,2.92,0.361719,1.143,0.814,-11.0359,-1.3376
4138,3,9,116,15.6818,15.9524,2.92,0.263643,1.118,0.807,-10.6582,-1.2359
4139,3,9,117,15.6818,17.1429,2.88,0.062449,1.093,0.8,-10.3274,-1.2374
4140,3,9,118,15.6818,18.3333,2.88,0.08,1.057,0.791,-10.0181,-1.2464
4141,3,9,119,15.6818,19.5238,2.88,0.0,1.028,0.784,-9.6967,-1.2556
4142,3,9,120,15.6818,20.7143,2.84,0.0,0.998,0.776,-9.4338,-1.2654
4143,3,9,121,15.6818,21.9048,2.84,0.0,0.962,0.768,-9.1559,-1.2767
4144,3,9,122,15.6818,23.0952,2.84,0.0,0.925,0.759,-8.8962,-1.2819
4145,3,9,123,15.6818,24.2857,2.84,0.0,0.887,0.751,-8.6448,-1.3016
4146,3,9,124,15.6818,25.4762,2.8,0.0,0.853,0.744,-8.4081,-1.2903
4147,3,9,125,15.6818,26.6667,2.8,0.0,0.814,0.735,-8.1807,-1.2971
4148,3,9,126,15.6818,27.8571,2.8,0.0,0.774,0.726,-7.9536,-1.3315
4149,3,9,127,15.6818,29.0476,2.8,0.0,0.735,0.718,-7.736,-1.3715
4150,3,9,128,15.6818,30.2381,2.76,0.0,0.698,0.711,-7.5304,-1.3843
4151,3,9,129,15.6818,31.4286,7.0,0.0,2.096,0.709,-7.3392,-1.3727
4152,3,9,130,15.6818,32.619,7.0,0.0,2.445,0.739,-8.0525,-1.3603
4153,3,9,131,15.6818,33.8095,7.0,0.017465,2.756,0.767,-9.0195,-1.3572
4154,3,9,132,15.6818,35.0,7.0,0.176038,3.0,0.793,-10.1361,-1.3468
4155,3,9,133,16.8182,10.0,2.88,0.523992,1.26,0.838,-11.4195,-1.3319
4156,3,9,134,16.8182,11.1905,2.88,0.494767,1.237,0.832,-12.0601,-1.3582
4157,3,9,135,16.8182,12.381,2.84,0.460609,1.222,0.827,-11.6848,-1.3528
4158,3,9,136,16.8182,13.5714,2.84,0.409466,1.202,0.821,-11.3472,-1.3474
4159,3,9,137,16.8182,14.7619,2.84,0.349772,1.179,0.815,-10.9773,-1.2467
4160,3,9,138,16.8182,15.9524,2.8,0.264412,1.156,0.809,-10.6598,-1.2437
4161,3,9,139,16.8182,17.1429,2.8,0.109441,1.128,0.802,-10.3479,-1.2551
4162,3,9,140,16.8182,18.3333,2.8,0.1200000000000001,1.1,0.794,-10.0611,-1.2704
4163,3,9,141,16.8182,19.5238,2.8,0.0,1.063,0.786,-9.7876,-1.2864
4164,3,9,142,16.8182,20.7143,2.76,0.0,1.041,0.781,-9.4959,-1.2825
4165,3,9,143,16.8182,21.9048,2.76,0.0,1.01,0.773,-9.2687,-1.291
4166,3,9,144,16.8182,23.0952,2.76,0.0,0.978,0.766,-9.0266,-1.2996
4167,3,9,145,16.8182,24.2857,2.76,0.0,0.946,0.758,-8.7903,-1.3102
4168,3,9,146,16.8182,25.4762,2.76,0.0,0.909,0.75,-8.5634,-1.3172
4169,3,9,147,16.8182,26.6667,2.72,0.0,0.881,0.744,-8.3172,-1.4
4170,3,9,148,16.8182,27.8571,2.72,0.0,0.844,0.736,-8.1178,-1.4022
4171,3,9,149,16.8182,29.0476,2.72,0.0,0.809,0.729,-7.9149,-1.4007
4172,3,9,150,16.8182,30.2381,2.72,0.0,0.772,0.721,-7.7316,-1.3952
4173,3,9,151,16.8182,31.4286,7.0,0.0,2.062,0.719,-7.5487,-1.3879
4174,3,9,152,16.8182,32.619,7.0,0.0,2.415,0.749,-8.3044,-1.3784
4175,3,9,153,16.8182,33.8095,7.0,0.052394,2.721,0.776,-9.2956,-1.3661
4176,3,9,154,16.8182,35.0,7.0,0.194072,2.95,0.799,-10.4243,-1.3511
4177,3,9,155,17.9545,10.0,2.8,0.492535,1.273,0.835,-11.6075,-1.3338
4178,3,9,156,17.9545,11.1905,2.76,0.46782,1.258,0.831,-11.9268,-1.3487
4179,3,9,157,17.9545,12.381,2.76,0.436831,1.237,0.825,-11.6015,-1.3425
4180,3,9,158,17.9545,13.5714,2.76,0.391527,1.221,0.82,-11.3,-1.3408
4181,3,9,159,17.9545,14.7619,2.72,0.338898,1.201,0.816,-10.9532,-1.2586
4182,3,9,160,17.9545,15.9524,2.72,0.267566,1.179,0.81,-10.6569,-1.2667
4183,3,9,161,17.9545,17.1429,2.72,0.149505,1.156,0.804,-10.3858,-1.2761
4184,3,9,162,17.9545,18.3333,2.72,0.1600000000000001,1.131,0.798,-10.1155,-1.2875
4185,3,9,163,17.9545,19.5238,2.72,0.0,1.105,0.791,-9.8605,-1.3004
4186,3,9,164,17.9545,20.7143,2.68,0.0,1.076,0.785,-9.6096,-1.3114
4187,3,9,165,17.9545,21.9048,2.68,0.0,1.054,0.78,-9.3475,-1.3063
4188,3,9,166,17.9545,23.0952,2.68,0.0,1.026,0.773,-9.151,-1.3122
4189,3,9,167,17.9545,24.2857,2.68,0.0,0.998,0.766,-8.93,-1.3197
4190,3,9,168,17.9545,25.4762,2.68,0.0,0.968,0.759,-8.7164,-1.3258
4191,3,9,169,17.9545,26.6667,2.68,0.0,0.936,0.752,-8.5115,-1.3315
4192,3,9,170,17.9545,27.8571,2.64,0.0,0.91,0.747,-8.2877,-1.4051
4193,3,9,171,17.9545,29.0476,2.64,0.0,0.876,0.739,-8.1002,-1.4205
4194,3,9,172,17.9545,30.2381,7.0,0.0,1.73,0.703,-7.9187,-1.4099
4195,3,9,173,17.9545,31.4286,7.0,0.0,2.017,0.731,-7.8167,-1.3974
4196,3,9,174,17.9545,32.619,7.0,0.0,2.398,0.762,-8.6229,-1.3831
4197,3,9,175,17.9545,33.8095,7.0,0.096162,2.691,0.788,-9.6664,-1.3832
4198,3,9,176,17.9545,35.0,7.0,0.234162,2.922,0.809,-10.8288,-1.3727
4199,3,9,177,19.0909,10.0,2.68,0.464182,1.284,0.834,-12.0942,-1.3601
4200,3,9,178,19.0909,11.1905,2.68,0.443064,1.269,0.83,-11.8284,-1.3392
4201,3,9,179,19.0909,12.381,2.68,0.411114,1.256,0.826,-11.543,-1.338
4202,3,9,180,19.0909,13.5714,2.68,0.376035,1.24,0.822,-11.2188,-1.2819
4203,3,9,181,19.0909,14.7619,2.64,0.330481,1.225,0.819,-10.9406,-1.28
4204,3,9,182,19.0909,15.9524,2.64,0.269285,1.204,0.813,-10.6718,-1.2966
4205,3,9,183,19.0909,17.1429,2.64,0.179725,1.185,0.808,-10.4204,-1.299
4206,3,9,184,19.0909,18.3333,2.64,0.2000000000000001,1.163,0.802,-10.1788,-1.3068
4207,3,9,185,19.0909,19.5238,2.64,0.0,1.14,0.796,-9.9309,-1.3163
4208,3,9,186,19.0909,20.7143,2.64,0.0,1.118,0.79,-9.6997,-1.3247
4209,3,9,187,19.0909,21.9048,2.6,0.0,1.095,0.786,-9.4797,-1.3331
4210,3,9,188,19.0909,23.0952,2.6,0.0,1.069,0.78,-9.2638,-1.3409
4211,3,9,189,19.0909,24.2857,2.6,0.0,1.043,0.774,-9.0654,-1.3346
4212,3,9,190,19.0909,25.4762,2.6,0.0,1.016,0.767,-8.8669,-1.3386
4213,3,9,191,19.0909,26.6667,2.6,0.0,0.99,0.761,-8.6722,-1.3421
4214,3,9,192,19.0909,27.8571,2.6,0.0,0.961,0.754,-8.4548,-1.4351
4215,3,9,193,19.0909,29.0476,2.6,0.0,0.929,0.747,-8.2767,-1.4302
4216,3,9,194,19.0909,30.2381,7.0,0.0,1.946,0.72,-8.1001,-1.4227
4217,3,9,195,19.0909,31.4286,7.0,0.0,1.989,0.747,-8.1846,-1.4134
4218,3,9,196,19.0909,32.619,7.0,0.015739,2.324,0.774,-9.0549,-1.4027
4219,3,9,197,19.0909,33.8095,7.0,0.145701,2.602,0.797,-10.1322,-1.3898
4220,3,9,198,19.0909,35.0,7.0,0.276639,2.815,0.816,-11.3266,-1.3752
4221,3,9,199,20.2273,10.0,2.6,0.438401,1.299,0.836,-12.606,-1.3594
4222,3,9,200,20.2273,11.1905,2.6,0.419938,1.287,0.833,-11.7531,-1.3325
4223,3,9,201,20.2273,12.381,2.6,0.396333,1.273,0.829,-11.4889,-1.3312
4224,3,9,202,20.2273,13.5714,2.6,0.361229,1.265,0.825,-11.2269,-1.3327
4225,3,9,203,20.2273,14.7619,2.56,0.323214,1.25,0.823,-10.9325,-1.3099
4226,3,9,204,20.2273,15.9524,2.56,0.27221,1.234,0.818,-10.6894,-1.3166
4227,3,9,205,20.2273,17.1429,2.56,0.197643,1.216,0.813,-10.46,-1.3276
4228,3,9,206,20.2273,18.3333,2.56,0.024461,1.193,0.807,-10.2311,-1.3374
4229,3,9,207,20.2273,19.5238,2.56,0.04,1.174,0.802,-10.0107,-1.3377
4230,3,9,208,20.2273,20.7143,2.56,0.0,1.15,0.796,-9.7841,-1.3504
4231,3,9,209,20.2273,21.9048,2.56,0.0,1.129,0.791,-9.5798,-1.3446
4232,3,9,210,20.2273,23.0952,2.56,0.0,1.101,0.784,-9.3858,-1.3536
4233,3,9,211,20.2273,24.2857,2.52,0.0,1.08,0.781,-9.163,-1.359
4234,3,9,212,20.2273,25.4762,2.52,0.0,1.054,0.775,-9.0008,-1.3629
4235,3,9,213,20.2273,26.6667,2.52,0.0,1.028,0.769,-8.8193,-1.3663
4236,3,9,214,20.2273,27.8571,2.52,0.0,1.006,0.763,-8.6173,-1.4305
4237,3,9,215,20.2273,29.0476,2.52,0.0,0.977,0.757,-8.446,-1.4449
4238,3,9,216,20.2273,30.2381,7.0,0.0,2.117,0.734,-8.2837,-1.4326
4239,3,9,217,20.2273,31.4286,7.0,0.0,1.973,0.76,-8.6027,-1.4193
4240,3,9,218,20.2273,32.619,7.0,0.075005,2.232,0.785,-9.5521,-1.4043
4241,3,9,219,20.2273,33.8095,7.0,0.207426,2.484,0.807,-10.6737,-1.3873
4242,3,9,220,20.2273,35.0,7.0,0.333744,2.678,0.823,-11.9193,-1.393
4243,3,9,221,21.3636,10.0,2.52,0.414531,1.32,0.84,-13.1541,-1.3812
4244,3,9,222,21.3636,11.1905,2.52,0.398976,1.308,0.836,-11.6845,-1.328
4245,3,9,223,21.3636,12.381,2.52,0.376991,1.299,0.833,-11.4362,-1.3383
4246,3,9,224,21.3636,13.5714,2.52,0.349318,1.288,0.83,-11.1857,-1.3446
4247,3,9,225,21.3636,14.7619,2.52,0.317209,1.271,0.825,-10.9421,-1.3343
4248,3,9,226,21.3636,15.9524,2.48,0.272583,1.254,0.822,-10.7158,-1.3423
4249,3,9,227,21.3636,17.1429,2.48,0.214702,1.237,0.818,-10.4939,-1.3501
4250,3,9,228,21.3636,18.3333,2.48,0.115732,1.218,0.813,-10.2883,-1.3576
4251,3,9,229,21.3636,19.5238,2.48,0.1200000000000001,1.199,0.808,-10.0811,-1.3643
4252,3,9,230,21.3636,20.7143,2.48,0.0,1.177,0.802,-9.8797,-1.3712
4253,3,9,231,21.3636,21.9048,2.48,0.0,1.156,0.797,-9.68,-1.3766
4254,3,9,232,21.3636,23.0952,2.48,0.0,1.134,0.792,-9.4913,-1.3773
4255,3,9,233,21.3636,24.2857,2.48,0.0,1.105,0.785,-9.3104,-1.3873
4256,3,9,234,21.3636,25.4762,2.48,0.0,1.087,0.78,-9.1049,-1.3906
4257,3,9,235,21.3636,26.6667,2.48,0.0,1.064,0.775,-8.9596,-1.3927
4258,3,9,236,21.3636,27.8571,2.48,0.0,1.045,0.77,-8.7687,-1.4542
4259,3,9,237,21.3636,29.0476,2.48,0.0,1.018,0.763,-8.6059,-1.4476
4260,3,9,238,21.3636,30.2381,7.0,0.0,2.279,0.748,-8.4502,-1.4314
4261,3,9,239,21.3636,31.4286,7.0,0.010064,2.153,0.773,-9.0824,-1.4306
4262,3,9,240,21.3636,32.619,7.0,0.14058,2.166,0.797,-10.0816,-1.4197
4263,3,9,241,21.3636,33.8095,7.0,0.26731,2.358,0.816,-11.2593,-1.4072
4264,3,9,242,21.3636,35.0,7.0,0.390298,2.536,0.83,-12.5341,-1.3938
4265,3,9,243,22.5,10.0,2.44,0.39318,1.331,0.843,-13.7236,-1.3792
4266,3,9,244,22.5,11.1905,2.44,0.381144,1.321,0.84,-11.6165,-1.3391
4267,3,9,245,22.5,12.381,2.44,0.361474,1.317,0.838,-11.4052,-1.3404
4268,3,9,246,22.5,13.5714,2.44,0.337033,1.302,0.834,-11.178,-1.3573
4269,3,9,247,22.5,14.7619,2.44,0.309006,1.287,0.83,-10.9512,-1.3674
4270,3,9,248,22.5,15.9524,2.44,0.272745,1.271,0.825,-10.7444,-1.3756
4271,3,9,249,22.5,17.1429,2.44,0.225085,1.254,0.821,-10.5412,-1.3841
4272,3,9,250,22.5,18.3333,2.44,0.15581,1.235,0.816,-10.3411,-1.385
4273,3,9,251,22.5,19.5238,2.44,0.1600000000000001,1.215,0.811,-10.1545,-1.3855
4274,3,9,252,22.5,20.7143,2.4,0.0,1.192,0.808,-9.9617,-1.3891
4275,3,9,253,22.5,21.9048,2.4,0.0,1.171,0.803,-9.7809,-1.3919
4276,3,9,254,22.5,23.0952,2.4,0.0,1.151,0.798,-9.6007,-1.3939
4277,3,9,255,22.5,24.2857,2.4,0.0,1.129,0.792,-9.4351,-1.396
4278,3,9,256,22.5,25.4762,2.4,0.0,1.102,0.786,-9.2674,-1.3975
4279,3,9,257,22.5,26.6667,2.4,0.0,1.09,0.782,-9.0504,-1.4513
4280,3,9,258,22.5,27.8571,2.4,0.0,1.067,0.776,-8.923,-1.469
4281,3,9,259,22.5,29.0476,7.0,0.0,2.618,0.737,-8.7709,-1.4577
4282,3,9,260,22.5,30.2381,7.0,0.0,2.447,0.762,-8.7109,-1.4456
4283,3,9,261,22.5,31.4286,7.0,0.082129,2.327,0.786,-9.6116,-1.4326
4284,3,9,262,22.5,32.619,7.0,0.21046,2.294,0.808,-10.6974,-1.4185
4285,3,9,263,22.5,33.8095,7.0,0.332609,2.324,0.823,-11.9469,-1.4032
4286,3,9,264,22.5,35.0,7.0,0.455436,2.402,0.834,-13.1869,-1.4082
4287,3,9,265,23.6364,10.0,2.36,0.374101,1.327,0.846,-14.2626,-1.3987
4288,3,9,266,23.6364,11.1905,2.36,0.359835,1.322,0.843,-11.566,-1.3405
4289,3,9,267,23.6364,12.381,2.36,0.346908,1.314,0.841,-11.3519,-1.3882
4290,3,9,268,23.6364,13.5714,2.36,0.328032,1.301,0.837,-11.1709,-1.3902
4291,3,9,269,23.6364,14.7619,2.36,0.30448,1.287,0.833,-10.9699,-1.3986
4292,3,9,270,23.6364,15.9524,2.36,0.275556,1.272,0.829,-10.7792,-1.4013
4293,3,9,271,23.6364,17.1429,2.36,0.234603,1.256,0.825,-10.593,-1.4005
4294,3,9,272,23.6364,18.3333,2.36,0.18056,1.239,0.82,-10.4091,-1.4088
4295,3,9,273,23.6364,19.5238,2.36,0.088459,1.222,0.815,-10.2276,-1.4131
4296,3,9,274,23.6364,20.7143,2.36,0.1200000000000001,1.204,0.81,-10.0535,-1.4149
4297,3,9,275,23.6364,21.9048,2.36,0.0,1.185,0.805,-9.88,-1.4165
4298,3,9,276,23.6364,23.0952,2.36,0.0,1.165,0.8,-9.7103,-1.4181
4299,3,9,277,23.6364,24.2857,2.36,0.0,1.15,0.796,-9.5436,-1.4191
4300,3,9,278,23.6364,25.4762,2.36,0.0,1.13,0.791,-9.3668,-1.4768
4301,3,9,279,23.6364,26.6667,2.36,0.0,1.109,0.786,-9.2126,-1.4712
4302,3,9,280,23.6364,27.8571,2.36,0.0,1.095,0.781,-9.037,-1.4703
4303,3,9,281,23.6364,29.0476,7.0,0.0,2.744,0.752,-8.9226,-1.4557
4304,3,9,282,23.6364,30.2381,7.0,0.023738,2.579,0.774,-9.2262,-1.4402
4305,3,9,283,23.6364,31.4286,7.0,0.15218,2.471,0.797,-10.1918,-1.4402
4306,3,9,284,23.6364,32.619,7.0,0.276728,2.411,0.816,-11.3573,-1.4305
4307,3,9,285,23.6364,33.8095,7.0,0.39861,2.405,0.83,-12.6121,-1.4197
4308,3,9,286,23.6364,35.0,7.0,0.520308,2.406,0.838,-13.7771,-1.4084
4309,3,9,287,24.7727,10.0,2.32,0.357894,1.319,0.844,-14.6201,-1.3963
4310,3,9,288,24.7727,11.1905,2.32,0.346169,1.314,0.842,-11.5614,-1.3418
4311,3,9,289,24.7727,12.381,2.32,0.335277,1.307,0.839,-11.3489,-1.4168
4312,3,9,290,24.7727,13.5714,2.32,0.320943,1.295,0.836,-11.1719,-1.4263
4313,3,9,291,24.7727,14.7619,2.32,0.300854,1.282,0.832,-10.9952,-1.4267
4314,3,9,292,24.7727,15.9524,2.32,0.275828,1.269,0.828,-10.8161,-1.4283
4315,3,9,293,24.7727,17.1429,2.32,0.245323,1.255,0.824,-10.6403,-1.4295
4316,3,9,294,24.7727,18.3333,2.32,0.20319,1.239,0.82,-10.4695,-1.4301
4317,3,9,295,24.7727,19.5238,2.28,0.140167,1.214,0.816,-10.3001,-1.4305
4318,3,9,296,24.7727,20.7143,2.28,0.1600000000000001,1.199,0.812,-10.132,-1.4308
4319,3,9,297,24.7727,21.9048,2.28,0.0,1.183,0.808,-9.9795,-1.4301
4320,3,9,298,24.7727,23.0952,2.28,0.0,1.166,0.803,-9.8227,-1.4285
4321,3,9,299,24.7727,24.2857,2.28,0.0,1.154,0.799,-9.6684,-1.4267
4322,3,9,300,24.7727,25.4762,2.28,0.0,1.144,0.796,-9.489,-1.4654
4323,3,9,301,24.7727,26.6667,2.28,0.0,1.129,0.792,-9.349,-1.4825
4324,3,9,302,24.7727,27.8571,2.28,0.0,1.109,0.787,-9.2149,-1.4729
4325,3,9,303,24.7727,29.0476,7.0,0.0,2.859,0.767,-9.0526,-1.4619
4326,3,9,304,24.7727,30.2381,7.0,0.101518,2.72,0.789,-9.8484,-1.4513
4327,3,9,305,24.7727,31.4286,7.0,0.22587,2.605,0.81,-10.8767,-1.4399
4328,3,9,306,24.7727,32.619,7.0,0.3493,2.523,0.826,-12.0812,-1.4279
4329,3,9,307,24.7727,33.8095,7.0,0.46687,2.487,0.838,-13.303,-1.4146
4330,3,9,308,24.7727,35.0,7.0,0.585605,2.449,0.842,-14.3399,-1.4217
4331,3,9,309,25.9091,10.0,2.24,0.340088,1.307,0.84,-14.7662,-1.4145
4332,3,9,310,25.9091,11.1905,2.24,0.3335,1.299,0.838,-11.5342,-1.4427
4333,3,9,311,25.9091,12.381,2.24,0.324782,1.29,0.836,-11.3659,-1.4481
4334,3,9,312,25.9091,13.5714,2.24,0.311483,1.277,0.833,-11.202,-1.4517
4335,3,9,313,25.9091,14.7619,2.24,0.296491,1.267,0.83,-11.022,-1.457
4336,3,9,314,25.9091,15.9524,2.24,0.274468,1.254,0.826,-10.8607,-1.4551
4337,3,9,315,25.9091,17.1429,2.24,0.250004,1.244,0.823,-10.686,-1.4544
4338,3,9,316,25.9091,18.3333,2.24,0.216428,1.231,0.82,-10.5387,-1.4528
4339,3,9,317,25.9091,19.5238,2.24,0.172509,1.219,0.816,-10.3778,-1.4519
4340,3,9,318,25.9091,20.7143,2.24,0.100139,1.206,0.813,-10.2264,-1.4497
4341,3,9,319,25.9091,21.9048,2.24,0.1200000000000001,1.193,0.809,-10.0768,-1.4476
4342,3,9,320,25.9091,23.0952,2.24,0.0,1.18,0.805,-9.9301,-1.4457
4343,3,9,321,25.9091,24.2857,2.24,0.0,1.175,0.803,-9.7845,-1.4435
4344,3,9,322,25.9091,25.4762,2.24,0.0,1.162,0.8,-9.6251,-1.4806
4345,3,9,323,25.9091,26.6667,2.24,0.0,1.156,0.797,-9.4855,-1.4745
4346,3,9,324,25.9091,27.8571,7.0,0.0,3.076,0.759,-9.3555,-1.4709
4347,3,9,325,25.9091,29.0476,7.0,0.070673,2.992,0.785,-9.4827,-1.4576
4348,3,9,326,25.9091,30.2381,7.0,0.187001,2.883,0.806,-10.6127,-1.4433
4349,3,9,327,25.9091,31.4286,7.0,0.300378,2.756,0.823,-11.7651,-1.4471
4350,3,9,328,25.9091,32.619,7.0,0.419183,2.633,0.834,-12.9204,-1.4394
4351,3,9,329,25.9091,33.8095,7.0,0.536805,2.534,0.84,-13.9902,-1.431
4352,3,9,330,25.9091,35.0,6.92,0.653032,2.507,0.839,-14.5586,-1.4224
4353,3,9,331,27.0455,10.0,2.2,0.327134,1.309,0.838,-14.6886,-1.4137
4354,3,9,332,27.0455,11.1905,2.2,0.322142,1.297,0.836,-11.5174,-1.4651
4355,3,9,333,27.0455,12.381,2.2,0.316365,1.292,0.834,-11.359,-1.4588
4356,3,9,334,27.0455,13.5714,2.2,0.305459,1.281,0.832,-11.2229,-1.4836
4357,3,9,335,27.0455,14.7619,2.2,0.293136,1.271,0.829,-11.0576,-1.4799
4358,3,9,336,27.0455,15.9524,2.2,0.276885,1.261,0.827,-10.9094,-1.4779
4359,3,9,337,27.0455,17.1429,2.2,0.257492,1.251,0.824,-10.7582,-1.4737
4360,3,9,338,27.0455,18.3333,2.2,0.23198,1.24,0.821,-10.6105,-1.4711
4361,3,9,339,27.0455,19.5238,2.2,0.197146,1.229,0.818,-10.463,-1.4673
4362,3,9,340,27.0455,20.7143,2.2,0.153615,1.218,0.815,-10.3208,-1.4636
4363,3,9,341,27.0455,21.9048,2.2,0.076951,1.208,0.812,-10.1802,-1.4598
4364,3,9,342,27.0455,23.0952,2.2,0.08,1.196,0.809,-10.0472,-1.4558
4365,3,9,343,27.0455,24.2857,2.2,0.0,1.19,0.806,-9.9085,-1.4517
4366,3,9,344,27.0455,25.4762,2.2,0.0,1.179,0.803,-9.7499,-1.4683
4367,3,9,345,27.0455,26.6667,2.2,0.0,1.177,0.801,-9.6221,-1.4639
4368,3,9,346,27.0455,27.8571,7.0,0.032387,3.246,0.779,-9.4962,-1.4726
4369,3,9,347,27.0455,29.0476,7.0,0.146343,3.136,0.8,-10.286,-1.4643
4370,3,9,348,27.0455,30.2381,7.0,0.275251,3.072,0.82,-11.3932,-1.4555
4371,3,9,349,27.0455,31.4286,7.0,0.383072,2.914,0.832,-12.773,-1.4456
4372,3,9,350,27.0455,32.619,7.0,0.493636,2.757,0.838,-13.7484,-1.4372
4373,3,9,351,27.0455,33.8095,6.92,0.606326,2.665,0.842,-14.3487,-1.427
4374,3,9,352,27.0455,35.0,6.84,0.718784,2.617,0.844,-14.4746,-1.4323
4375,3,9,353,28.1818,10.0,2.12,0.317565,1.3,0.839,-14.5836,-1.4272
4376,3,9,354,28.1818,11.1905,2.12,0.315052,1.292,0.838,-11.5282,-1.3869
4377,3,9,355,28.1818,12.381,2.12,0.307437,1.287,0.836,-11.3879,-1.3893
4378,3,9,356,28.1818,13.5714,2.12,0.301075,1.28,0.834,-11.2383,-1.5036
4379,3,9,357,28.1818,14.7619,2.12,0.28895,1.269,0.832,-11.0989,-1.5038
4380,3,9,358,28.1818,15.9524,2.12,0.275631,1.26,0.83,-10.9422,-1.4933
4381,3,9,359,28.1818,17.1429,2.12,0.256727,1.249,0.827,-10.7995,-1.4885
4382,3,9,360,28.1818,18.3333,2.12,0.239414,1.241,0.825,-10.6478,-1.4835
4383,3,9,361,28.1818,19.5238,2.12,0.214012,1.231,0.822,-10.5231,-1.4776
4384,3,9,362,28.1818,20.7143,2.16,0.180512,1.23,0.818,-10.387,-1.473
4385,3,9,363,28.1818,21.9048,2.16,0.132424,1.219,0.815,-10.2607,-1.4681
4386,3,9,364,28.1818,23.0952,2.16,0.046621,1.21,0.812,-10.1276,-1.4636
4387,3,9,365,28.1818,24.2857,2.16,0.08,1.199,0.809,-10.0098,-1.4596
4388,3,9,366,28.1818,25.4762,2.16,0.0,1.191,0.806,-9.8858,-1.4549
4389,3,9,367,28.1818,26.6667,7.0,0.022351,3.45,0.777,-9.7519,-1.4557
4390,3,9,368,28.1818,27.8571,7.0,0.129861,3.416,0.798,-10.2057,-1.4665
4391,3,9,369,28.1818,29.0476,7.0,0.23401,3.347,0.815,-11.2869,-1.4584
4392,3,9,370,28.1818,30.2381,7.0,0.344748,3.196,0.829,-12.3924,-1.4484
4393,3,9,371,28.1818,31.4286,7.0,0.470193,3.055,0.837,-13.422,-1.4514
4394,3,9,372,28.1818,32.619,6.92,0.567195,2.896,0.84,-14.213,-1.445
4395,3,9,373,28.1818,33.8095,6.84,0.677605,2.771,0.843,-14.2868,-1.4404
4396,3,9,374,28.1818,35.0,6.72,0.787197,2.713,0.844,-14.4133,-1.4348
4397,3,9,375,29.3182,10.0,2.08,0.307262,1.283,0.838,-14.5017,-1.4295
4398,3,9,376,29.3182,11.1905,2.08,0.30606,1.28,0.838,-11.5595,-1.3948
4399,3,9,377,29.3182,12.381,2.08,0.301582,1.276,0.837,-11.4298,-1.3997
4400,3,9,378,29.3182,13.5714,2.08,0.295053,1.273,0.835,-11.284,-1.4348
4401,3,9,379,29.3182,14.7619,2.08,0.289027,1.266,0.834,-11.1535,-1.5194
4402,3,9,380,29.3182,15.9524,2.08,0.277706,1.258,0.831,-11.0283,-1.5196
4403,3,9,381,29.3182,17.1429,2.08,0.264368,1.249,0.829,-10.8831,-1.504
4404,3,9,382,29.3182,18.3333,2.08,0.247815,1.24,0.826,-10.7524,-1.4979
4405,3,9,383,29.3182,19.5238,2.08,0.22907,1.231,0.824,-10.6205,-1.491
4406,3,9,384,29.3182,20.7143,2.08,0.203447,1.221,0.821,-10.4963,-1.4853
4407,3,9,385,29.3182,21.9048,2.08,0.168138,1.211,0.818,-10.3605,-1.4735
4408,3,9,386,29.3182,23.0952,2.08,0.1267,1.202,0.815,-10.2398,-1.4687
4409,3,9,387,29.3182,24.2857,2.08,0.019817,1.193,0.812,-10.1226,-1.464
4410,3,9,388,29.3182,25.4762,7.0,0.028356,3.674,0.773,-10.0042,-1.4597
4411,3,9,389,29.3182,26.6667,7.0,0.129176,3.66,0.793,-10.2568,-1.4618
4412,3,9,390,29.3182,27.8571,7.0,0.227749,3.634,0.814,-11.2692,-1.4581
4413,3,9,391,29.3182,29.0476,7.0,0.330171,3.544,0.827,-12.3674,-1.4631
4414,3,9,392,29.3182,30.2381,7.0,0.430142,3.396,0.834,-13.3343,-1.4572
4415,3,9,393,29.3182,31.4286,6.92,0.535229,3.193,0.839,-13.9146,-1.4515
4416,3,9,394,29.3182,32.619,6.84,0.6488,3.038,0.843,-14.1113,-1.4456
4417,3,9,395,29.3182,33.8095,6.76,0.750407,2.903,0.844,-14.3268,-1.4391
4418,3,9,396,29.3182,35.0,6.64,0.85393,2.824,0.845,-14.3432,-1.4335
4419,3,9,397,30.4545,10.0,2.04,0.302144,1.213,0.826,-14.4193,-1.4378
4420,3,9,398,30.4545,11.1905,2.04,0.297228,1.226,0.829,-11.6112,-1.45
4421,3,9,399,30.4545,12.381,2.04,0.295447,1.228,0.829,-11.4473,-1.4325
4422,3,9,400,30.4545,13.5714,2.04,0.290996,1.232,0.829,-11.3286,-1.4396
4423,3,9,401,30.4545,14.7619,2.04,0.286193,1.23,0.828,-11.212,-1.5426
4424,3,9,402,30.4545,15.9524,2.04,0.277891,1.226,0.827,-11.0929,-1.5395
4425,3,9,403,30.4545,17.1429,2.04,0.268876,1.222,0.825,-10.9581,-1.5189
4426,3,9,404,30.4545,18.3333,2.04,0.253832,1.215,0.823,-10.8378,-1.5125
4427,3,9,405,30.4545,19.5238,2.04,0.238567,1.209,0.821,-10.7032,-1.4926
4428,3,9,406,30.4545,20.7143,2.04,0.221049,1.203,0.819,-10.5853,-1.4869
4429,3,9,407,30.4545,21.9048,2.04,0.200282,1.198,0.817,-10.4707,-1.4815
4430,3,9,408,30.4545,23.0952,2.04,0.168525,1.191,0.814,-10.3587,-1.4763
4431,3,9,409,30.4545,24.2857,7.0,0.041919,3.959,0.779,-10.2458,-1.4711
4432,3,9,410,30.4545,25.4762,7.0,0.133397,3.977,0.798,-10.4281,-1.4668
4433,3,9,411,30.4545,26.6667,7.0,0.230098,3.965,0.811,-11.403,-1.4628
4434,3,9,412,30.4545,27.8571,7.0,0.322167,3.897,0.825,-12.4316,-1.4614
4435,3,9,413,30.4545,29.0476,7.0,0.420473,3.776,0.832,-13.3392,-1.4585
4436,3,9,414,30.4545,30.2381,6.92,0.519782,3.565,0.839,-13.8431,-1.4523
4437,3,9,415,30.4545,31.4286,6.84,0.617523,3.37,0.842,-13.9961,-1.4476
4438,3,9,416,30.4545,32.619,6.72,0.731113,3.23,0.844,-14.0684,-1.4488
4439,3,9,417,30.4545,33.8095,6.64,0.826466,3.063,0.844,-14.2727,-1.4469
4440,3,9,418,30.4545,35.0,6.56,0.921337,2.93,0.844,-14.3289,-1.4449
4441,3,9,419,31.5909,10.0,2.0,0.290261,1.134,0.814,-14.3672,-1.4428
4442,3,9,420,31.5909,11.1905,2.0,0.290319,1.149,0.816,-11.5817,-1.4282
4443,3,9,421,31.5909,12.381,2.0,0.290085,1.16,0.818,-11.473,-1.4426
4444,3,9,422,31.5909,13.5714,2.0,0.286839,1.174,0.819,-11.371,-1.4489
4445,3,9,423,31.5909,14.7619,2.0,0.284039,1.18,0.82,-11.263,-1.554
4446,3,9,424,31.5909,15.9524,2.0,0.278027,1.184,0.82,-11.1592,-1.5573
4447,3,9,425,31.5909,17.1429,2.0,0.27213,1.186,0.819,-11.0352,-1.536
4448,3,9,426,31.5909,18.3333,2.0,0.25928,1.184,0.818,-10.927,-1.5285
4449,3,9,427,31.5909,19.5238,2.0,0.249604,1.186,0.818,-10.7862,-1.5033
4450,3,9,428,31.5909,20.7143,2.0,0.233947,1.187,0.817,-10.6883,-1.4979
4451,3,9,429,31.5909,21.9048,2.0,0.217943,1.187,0.815,-10.5716,-1.4808
4452,3,9,430,31.5909,23.0952,7.0,0.078527,4.27,0.787,-10.4656,-1.4761
4453,3,9,431,31.5909,24.2857,7.0,0.161599,4.314,0.804,-10.8781,-1.4712
4454,3,9,432,31.5909,25.4762,7.0,0.253318,4.329,0.816,-11.8187,-1.4675
4455,3,9,433,31.5909,26.6667,7.0,0.336909,4.275,0.825,-12.6468,-1.4598
4456,3,9,434,31.5909,27.8571,7.0,0.42013,4.141,0.829,-13.3291,-1.4577
4457,3,9,435,31.5909,29.0476,6.92,0.511273,3.94,0.837,-13.7415,-1.46
4458,3,9,436,31.5909,30.2381,6.84,0.603607,3.75,0.841,-13.86,-1.4574
4459,3,9,437,31.5909,31.4286,6.72,0.702058,3.559,0.842,-13.9623,-1.4551
4460,3,9,438,31.5909,32.619,6.64,0.795642,3.367,0.841,-14.061,-1.4528
4461,3,9,439,31.5909,33.8095,6.56,0.89239,3.165,0.842,-14.1402,-1.4504
4462,3,9,440,31.5909,35.0,6.48,0.995327,3.049,0.844,-14.2259,-1.4485
4463,3,9,441,32.7273,10.0,1.92,0.28255,1.143,0.816,-14.4069,-1.446
4464,3,9,442,32.7273,11.1905,1.96,0.284362,1.141,0.815,-11.6079,-1.4563
4465,3,9,443,32.7273,12.381,1.96,0.284998,1.15,0.816,-11.5038,-1.4581
4466,3,9,444,32.7273,13.5714,1.96,0.283031,1.169,0.818,-11.4134,-1.4632
4467,3,9,445,32.7273,14.7619,1.96,0.282272,1.177,0.819,-11.3144,-1.5568
4468,3,9,446,32.7273,15.9524,1.96,0.277774,1.184,0.82,-11.2285,-1.5698
4469,3,9,447,32.7273,17.1429,1.96,0.271867,1.19,0.82,-11.1122,-1.552
4470,3,9,448,32.7273,18.3333,1.96,0.266644,1.196,0.82,-10.9942,-1.5225
4471,3,9,449,32.7273,19.5238,1.96,0.25644,1.198,0.82,-10.893,-1.516
4472,3,9,450,32.7273,20.7143,7.0,0.070915,4.582,0.783,-10.7793,-1.4965
4473,3,9,451,32.7273,21.9048,7.0,0.13751,4.642,0.798,-10.8668,-1.4918
4474,3,9,452,32.7273,23.0952,7.0,0.206668,4.659,0.81,-11.6936,-1.4874
4475,3,9,453,32.7273,24.2857,7.0,0.279343,4.637,0.82,-12.5152,-1.4828
4476,3,9,454,32.7273,25.4762,7.0,0.361603,4.594,0.828,-13.2223,-1.4795
4477,3,9,455,32.7273,26.6667,6.96,0.439734,4.472,0.831,-13.6656,-1.4635
4478,3,9,456,32.7273,27.8571,6.88,0.519202,4.276,0.839,-13.6803,-1.4584
4479,3,9,457,32.7273,29.0476,6.8,0.603364,4.099,0.84,-13.818,-1.4579
4480,3,9,458,32.7273,30.2381,6.72,0.690378,3.913,0.84,-13.9007,-1.4562
4481,3,9,459,32.7273,31.4286,6.64,0.781493,3.721,0.84,-13.9877,-1.4548
4482,3,9,460,32.7273,32.619,6.56,0.875672,3.497,0.84,-14.0755,-1.4536
4483,3,9,461,32.7273,33.8095,6.48,0.952223,3.343,0.844,-14.1163,-1.4585
4484,3,9,462,32.7273,35.0,6.4,0.963339,3.208,0.847,-14.173,-1.4589
4485,3,9,463,33.8636,10.0,1.88,0.276504,1.298,0.842,-14.2648,-1.4595
4486,3,9,464,33.8636,11.1905,1.88,0.278594,1.285,0.839,-11.6597,-1.4773
4487,3,9,465,33.8636,12.381,1.92,0.280744,1.248,0.832,-11.5462,-1.49
4488,3,9,466,33.8636,13.5714,1.92,0.281019,1.249,0.832,-11.4653,-1.4838
4489,3,9,467,33.8636,14.7619,1.92,0.279905,1.262,0.833,-11.3747,-1.489
4490,3,9,468,33.8636,15.9524,1.92,0.278579,1.266,0.833,-11.295,-1.5754
4491,3,9,469,33.8636,17.1429,1.92,0.274009,1.268,0.833,-11.2033,-1.5681
4492,3,9,470,33.8636,18.3333,7.0,0.097256,5.022,0.788,-11.0863,-1.5375
4493,3,9,471,33.8636,19.5238,7.0,0.152851,5.073,0.801,-11.3606,-1.5138
4494,3,9,472,33.8636,20.7143,7.0,0.206619,5.042,0.811,-12.1065,-1.5098
4495,3,9,473,33.8636,21.9048,7.0,0.265113,5.028,0.819,-12.8241,-1.4896
4496,3,9,474,33.8636,23.0952,7.0,0.328495,4.98,0.824,-13.385,-1.4856
4497,3,9,475,33.8636,24.2857,6.96,0.396479,4.883,0.831,-13.7514,-1.4807
4498,3,9,476,33.8636,25.4762,6.92,0.47363,4.762,0.834,-13.8256,-1.478
4499,3,9,477,33.8636,26.6667,6.84,0.543165,4.573,0.833,-13.7638,-1.4612
4500,3,9,478,33.8636,27.8571,6.76,0.619065,4.393,0.833,-13.7959,-1.4585
4501,3,9,479,33.8636,29.0476,6.68,0.697636,4.213,0.834,-13.8672,-1.4597
4502,3,9,480,33.8636,30.2381,6.6,0.779343,4.034,0.836,-13.9199,-1.461
4503,3,9,481,33.8636,31.4286,6.52,0.863558,3.842,0.84,-13.9695,-1.4621
4504,3,9,482,33.8636,32.619,6.44,0.905406,3.698,0.844,-14.0244,-1.4637
4505,3,9,483,33.8636,33.8095,6.36,0.911583,3.551,0.847,-14.0962,-1.465
4506,3,9,484,33.8636,35.0,6.32,0.91734,3.388,0.849,-14.1607,-1.467
4507,3,9,485,35.0,10.0,4.4,0.342219,3.574,0.84,-14.2276,-1.4698
4508,3,9,486,35.0,11.1905,4.4,0.311018,3.578,0.835,-12.3982,-1.5051
4509,3,9,487,35.0,12.381,1.88,0.275751,1.417,0.862,-11.6894,-1.5063
4510,3,9,488,35.0,13.5714,7.0,0.093443,5.424,0.782,-11.5142,-1.513
4511,3,9,489,35.0,14.7619,7.0,0.127002,5.473,0.793,-11.7146,-1.5097
4512,3,9,490,35.0,15.9524,7.0,0.158224,5.476,0.802,-12.1989,-1.5844
4513,3,9,491,35.0,17.1429,7.0,0.197294,5.462,0.809,-12.7212,-1.5571
4514,3,9,492,35.0,18.3333,7.0,0.240744,5.445,0.816,-13.194,-1.5322
4515,3,9,493,35.0,19.5238,7.0,0.286416,5.422,0.821,-13.6033,-1.5286
4516,3,9,494,35.0,20.7143,7.0,0.342002,5.375,0.824,-13.8146,-1.5102
4517,3,9,495,35.0,21.9048,6.96,0.393043,5.273,0.828,-13.9551,-1.5063
4518,3,9,496,35.0,23.0952,6.88,0.44975,5.103,0.831,-13.8886,-1.5033
4519,3,9,497,35.0,24.2857,6.84,0.511034,4.974,0.833,-13.8631,-1.4993
4520,3,9,498,35.0,25.4762,6.8,0.580155,4.861,0.834,-13.8848,-1.4977
4521,3,9,499,35.0,26.6667,6.72,0.64731,4.67,0.831,-13.7904,-1.4587
4522,3,9,500,35.0,27.8571,6.64,0.716628,4.498,0.832,-13.8773,-1.4595
4523,3,9,501,35.0,29.0476,6.56,0.789986,4.329,0.836,-13.9104,-1.4624
4524,3,9,502,35.0,30.2381,6.52,0.851185,4.171,0.839,-13.9318,-1.4655
4525,3,9,503,35.0,31.4286,6.44,0.857445,4.03,0.844,-14.0013,-1.4686
4526,3,9,504,35.0,32.619,6.36,0.864559,3.89,0.847,-14.0568,-1.4717
4527,3,9,505,35.0,33.8095,6.28,0.869895,3.73,0.85,-14.1183,-1.4748
4528,3,9,506,35.0,35.0,6.2,0.876801,3.568,0.853,-14.1535,-1.4782
4529,4,10,1,10.0,10.0,3.52,0.752535,0.839,0.831,-9.3928,-1.4421
4530,4,10,2,10.0,11.1905,3.48,0.682581,0.829,0.821,-12.6356,-1.3474
4531,4,10,3,10.0,12.381,3.48,0.582933,0.777,0.809,-11.8998,-1.3368
4532,4,10,4,10.0,13.5714,3.44,0.429424,0.759,0.798,-11.218,-1.323
4533,4,10,5,10.0,14.7619,3.44,0.071485,0.7,0.785,-10.5815,-1.2233
4534,4,10,6,10.0,15.9524,5.44,0.08,2.805,0.796,-10.0144,-1.2105
4535,4,10,7,10.0,17.1429,5.4,0.0,2.868,0.793,-9.8684,-1.2178
4536,4,10,8,10.0,18.3333,5.36,0.0,2.921,0.788,-9.7098,-1.2244
4537,4,10,9,10.0,19.5238,5.36,0.0,2.941,0.78,-9.4946,-1.2194
4538,4,10,10,10.0,20.7143,5.32,0.0,2.993,0.77,-9.2042,-1.226
4539,4,10,11,10.0,21.9048,5.28,0.0,3.034,0.759,-8.8656,-1.2151
4540,4,10,12,10.0,23.0952,5.24,0.0,3.062,0.745,-8.4787,-1.2181
4541,4,10,13,10.0,24.2857,5.24,0.0,3.085,0.728,-8.0751,-1.2219
4542,4,10,14,10.0,25.4762,5.2,0.0,3.107,0.71,-7.6303,-1.2566
4543,4,10,15,10.0,26.6667,5.16,0.0,3.108,0.689,-7.1802,-1.2599
4544,4,10,16,10.0,27.8571,5.12,0.0,3.084,0.665,-6.7243,-1.2597
4545,4,10,17,10.0,29.0476,7.0,0.0,2.876,0.641,-6.2635,-1.2596
4546,4,10,18,10.0,30.2381,7.0,0.0,2.438,0.69,-6.6095,-1.2553
4547,4,10,19,10.0,31.4286,7.0,0.0,2.421,0.739,-7.8303,-1.2484
4548,4,10,20,10.0,32.619,7.0,0.132834,2.852,0.774,-9.4998,-1.238
4549,4,10,21,10.0,33.8095,7.0,0.316751,3.211,0.801,-11.5112,-1.2298
4550,4,10,22,10.0,35.0,7.0,0.497933,3.41,0.815,-13.5857,-1.2188
4551,4,10,23,11.1364,10.0,3.36,0.67209,0.975,0.828,-15.2392,-1.2128
4552,4,10,24,11.1364,11.1905,3.36,0.610972,0.936,0.819,-12.2412,-1.3554
4553,4,10,25,11.1364,12.381,3.32,0.520042,0.92,0.81,-11.6322,-1.3444
4554,4,10,26,11.1364,13.5714,3.32,0.377368,0.875,0.799,-11.0591,-1.3319
4555,4,10,27,11.1364,14.7619,3.28,0.3600000000000003,0.854,0.789,-10.4882,-1.224
4556,4,10,28,11.1364,15.9524,3.28,0.0,0.806,0.777,-9.9957,-1.2091
4557,4,10,29,11.1364,17.1429,5.44,0.0,2.792,0.784,-9.5357,-1.2167
4558,4,10,30,11.1364,18.3333,5.4,0.0,2.86,0.781,-9.2815,-1.2136
4559,4,10,31,11.1364,19.5238,5.36,0.0,2.921,0.775,-9.1595,-1.2179
4560,4,10,32,11.1364,20.7143,5.36,0.0,2.95,0.767,-8.9514,-1.2238
4561,4,10,33,11.1364,21.9048,5.32,0.0,3.013,0.757,-8.6932,-1.231
4562,4,10,34,11.1364,23.0952,5.28,0.0,3.058,0.745,-8.3751,-1.2345
4563,4,10,35,11.1364,24.2857,5.24,0.0,3.097,0.731,-8.0267,-1.2403
4564,4,10,36,11.1364,25.4762,5.24,0.0,3.13,0.713,-7.6293,-1.2839
4565,4,10,37,11.1364,26.6667,5.2,0.0,3.158,0.694,-7.2133,-1.2842
4566,4,10,38,11.1364,27.8571,5.16,0.0,3.16,0.672,-6.7959,-1.2801
4567,4,10,39,11.1364,29.0476,7.0,0.0,2.629,0.666,-6.3619,-1.2764
4568,4,10,40,11.1364,30.2381,7.0,0.0,2.136,0.709,-7.0897,-1.2681
4569,4,10,41,11.1364,31.4286,7.0,0.0,2.581,0.751,-8.2814,-1.2572
4570,4,10,42,11.1364,32.619,7.0,0.159305,2.945,0.78,-9.8286,-1.2432
4571,4,10,43,11.1364,33.8095,7.0,0.341702,3.228,0.801,-11.5553,-1.2384
4572,4,10,44,11.1364,35.0,7.0,0.525378,3.439,0.815,-13.2003,-1.2236
4573,4,10,45,12.2727,10.0,3.24,0.618292,1.054,0.828,-14.4796,-1.2202
4574,4,10,46,12.2727,11.1905,3.2,0.557319,1.04,0.821,-12.0057,-1.3558
4575,4,10,47,12.2727,12.381,3.2,0.480228,1.008,0.812,-11.4501,-1.3449
4576,4,10,48,12.2727,13.5714,3.2,0.350352,0.974,0.802,-10.9698,-1.3339
4577,4,10,49,12.2727,14.7619,3.16,0.057186,0.953,0.794,-10.4515,-1.2051
4578,4,10,50,12.2727,15.9524,3.16,0.08,0.914,0.783,-10.0131,-1.2094
4579,4,10,51,12.2727,17.1429,3.16,0.0,0.871,0.772,-9.5989,-1.216
4580,4,10,52,12.2727,18.3333,5.44,0.0,2.832,0.775,-9.203,-1.2254
4581,4,10,53,12.2727,19.5238,5.4,0.0,2.901,0.771,-8.8769,-1.2294
4582,4,10,54,12.2727,20.7143,5.36,0.0,2.964,0.765,-8.7373,-1.2336
4583,4,10,55,12.2727,21.9048,5.36,0.0,3.007,0.756,-8.5448,-1.2389
4584,4,10,56,12.2727,23.0952,5.32,0.0,3.07,0.745,-8.2842,-1.2418
4585,4,10,57,12.2727,24.2857,5.28,0.0,3.111,0.732,-7.9805,-1.2512
4586,4,10,58,12.2727,25.4762,5.24,0.0,3.165,0.717,-7.6338,-1.257
4587,4,10,59,12.2727,26.6667,5.2,0.0,3.203,0.699,-7.2581,-1.3056
4588,4,10,60,12.2727,27.8571,7.0,0.0,2.73,0.653,-6.8554,-1.2962
4589,4,10,61,12.2727,29.0476,7.0,0.0,2.396,0.686,-6.7024,-1.2882
4590,4,10,62,12.2727,30.2381,7.0,0.0,2.22,0.724,-7.5338,-1.2756
4591,4,10,63,12.2727,31.4286,7.0,0.002846,2.634,0.756,-8.6701,-1.2609
4592,4,10,64,12.2727,32.619,7.0,0.177653,2.992,0.784,-10.0241,-1.2582
4593,4,10,65,12.2727,33.8095,7.0,0.358775,3.257,0.803,-11.5241,-1.2441
4594,4,10,66,12.2727,35.0,7.0,0.543984,3.466,0.816,-12.9023,-1.227
4595,4,10,67,13.4091,10.0,3.12,0.57495,1.128,0.83,-13.9862,-1.2266
4596,4,10,68,13.4091,11.1905,3.08,0.523821,1.117,0.823,-11.8302,-1.3394
4597,4,10,69,13.4091,12.381,3.08,0.447437,1.087,0.815,-11.3661,-1.3434
4598,4,10,70,13.4091,13.5714,3.08,0.339523,1.062,0.807,-10.8938,-1.3335
4599,4,10,71,13.4091,14.7619,3.04,0.124605,1.037,0.799,-10.4565,-1.2128
4600,4,10,72,13.4091,15.9524,3.04,0.1600000000000001,1.002,0.789,-10.0519,-1.225
4601,4,10,73,13.4091,17.1429,3.04,0.0,0.962,0.779,-9.676,-1.2304
4602,4,10,74,13.4091,18.3333,3.04,0.0,0.921,0.768,-9.3122,-1.2377
4603,4,10,75,13.4091,19.5238,3.04,0.0,0.877,0.757,-8.9728,-1.2436
4604,4,10,76,13.4091,20.7143,5.4,0.0,2.974,0.763,-8.6489,-1.2561
4605,4,10,77,13.4091,21.9048,5.36,0.0,3.039,0.756,-8.4336,-1.265
4606,4,10,78,13.4091,23.0952,5.36,0.0,3.1,0.746,-8.2174,-1.274
4607,4,10,79,13.4091,24.2857,5.32,0.0,3.154,0.734,-7.957,-1.2814
4608,4,10,80,13.4091,25.4762,5.28,0.0,3.212,0.72,-7.6477,-1.3128
4609,4,10,81,13.4091,26.6667,2.96,0.0,0.587,0.691,-7.2948,-1.3208
4610,4,10,82,13.4091,27.8571,7.0,0.0,2.568,0.67,-7.0171,-1.3084
4611,4,10,83,13.4091,29.0476,7.0,0.0,2.178,0.7,-7.092,-1.2995
4612,4,10,84,13.4091,30.2381,7.0,0.0,2.276,0.733,-7.898,-1.2895
4613,4,10,85,13.4091,31.4286,7.0,0.032101,2.698,0.764,-8.9582,-1.2775
4614,4,10,86,13.4091,32.619,7.0,0.199352,3.015,0.788,-10.2506,-1.2627
4615,4,10,87,13.4091,33.8095,7.0,0.374946,3.269,0.806,-11.5512,-1.2454
4616,4,10,88,13.4091,35.0,7.0,0.559095,3.457,0.817,-12.7406,-1.2272
4617,4,10,89,14.5455,10.0,3.0,0.539248,1.197,0.832,-13.6787,-1.2293
4618,4,10,90,14.5455,11.1905,2.96,0.495163,1.185,0.826,-11.7102,-1.3379
4619,4,10,91,14.5455,12.381,2.96,0.427488,1.16,0.819,-11.2856,-1.3284
4620,4,10,92,14.5455,13.5714,2.96,0.334694,1.131,0.811,-10.8581,-1.218
4621,4,10,93,14.5455,14.7619,2.96,0.168608,1.099,0.802,-10.4779,-1.2282
4622,4,10,94,14.5455,15.9524,2.96,0.2000000000000001,1.065,0.793,-10.111,-1.2404
4623,4,10,95,14.5455,17.1429,2.96,0.0,1.03,0.784,-9.76,-1.2531
4624,4,10,96,14.5455,18.3333,2.92,0.0,0.997,0.775,-9.4256,-1.2663
4625,4,10,97,14.5455,19.5238,2.92,0.0,0.958,0.765,-9.1103,-1.264
4626,4,10,98,14.5455,20.7143,2.92,0.0,0.918,0.755,-8.8092,-1.2711
4627,4,10,99,14.5455,21.9048,2.92,0.0,0.876,0.745,-8.5217,-1.278
4628,4,10,100,14.5455,23.0952,2.92,0.0,0.828,0.734,-8.243,-1.3089
4629,4,10,101,14.5455,24.2857,2.92,0.0,0.787,0.725,-7.961,-1.3437
4630,4,10,102,14.5455,25.4762,2.92,0.0,0.74,0.714,-7.7225,-1.3425
4631,4,10,103,14.5455,26.6667,2.88,0.0,0.695,0.705,-7.4838,-1.3313
4632,4,10,104,14.5455,27.8571,7.0,0.0,2.501,0.687,-7.2568,-1.3194
4633,4,10,105,14.5455,29.0476,7.0,0.0,2.082,0.716,-7.4529,-1.3097
4634,4,10,106,14.5455,30.2381,7.0,0.0,2.321,0.745,-8.2592,-1.2954
4635,4,10,107,14.5455,31.4286,7.0,0.060525,2.711,0.772,-9.2707,-1.2796
4636,4,10,108,14.5455,32.619,7.0,0.225933,3.014,0.793,-10.44,-1.262
4637,4,10,109,14.5455,33.8095,7.0,0.399613,3.269,0.809,-11.6313,-1.2422
4638,4,10,110,14.5455,35.0,7.0,0.575325,3.441,0.818,-12.7142,-1.2233
4639,4,10,111,15.6818,10.0,2.88,0.507581,1.245,0.833,-13.519,-1.2307
4640,4,10,112,15.6818,11.1905,2.88,0.466188,1.224,0.827,-11.621,-1.3366
4641,4,10,113,15.6818,12.381,2.88,0.41112,1.202,0.82,-11.21,-1.2366
4642,4,10,114,15.6818,13.5714,2.88,0.332431,1.172,0.812,-10.8468,-1.2399
4643,4,10,115,15.6818,14.7619,2.88,0.200209,1.142,0.804,-10.4982,-1.2501
4644,4,10,116,15.6818,15.9524,2.84,0.2000000000000001,1.118,0.797,-10.1611,-1.2595
4645,4,10,117,15.6818,17.1429,2.84,0.0,1.086,0.788,-9.8428,-1.2697
4646,4,10,118,15.6818,18.3333,2.84,0.0,1.052,0.78,-9.5371,-1.2798
4647,4,10,119,15.6818,19.5238,2.84,0.0,1.018,0.771,-9.2404,-1.2852
4648,4,10,120,15.6818,20.7143,2.84,0.0,0.982,0.762,-8.9582,-1.3002
4649,4,10,121,15.6818,21.9048,2.84,0.0,0.944,0.753,-8.6872,-1.308
4650,4,10,122,15.6818,23.0952,2.84,0.0,0.904,0.743,-8.4105,-1.3723
4651,4,10,123,15.6818,24.2857,2.84,0.0,0.868,0.735,-8.1542,-1.3664
4652,4,10,124,15.6818,25.4762,2.84,0.0,0.828,0.725,-7.9318,-1.3561
4653,4,10,125,15.6818,26.6667,2.84,0.0,0.787,0.716,-7.704,-1.3436
4654,4,10,126,15.6818,27.8571,7.0,0.0,2.491,0.703,-7.487,-1.3292
4655,4,10,127,15.6818,29.0476,7.0,0.0,2.077,0.729,-7.802,-1.3122
4656,4,10,128,15.6818,30.2381,7.0,0.0,2.344,0.756,-8.6259,-1.3128
4657,4,10,129,15.6818,31.4286,7.0,0.097997,2.711,0.779,-9.6151,-1.3001
4658,4,10,130,15.6818,32.619,7.0,0.250992,3.003,0.798,-10.7321,-1.2856
4659,4,10,131,15.6818,33.8095,7.0,0.421401,3.243,0.812,-11.8376,-1.2684
4660,4,10,132,15.6818,35.0,7.0,0.595006,3.407,0.819,-12.8092,-1.2492
4661,4,10,133,16.8182,10.0,2.76,0.47982,1.265,0.831,-13.4047,-1.2308
4662,4,10,134,16.8182,11.1905,2.76,0.443422,1.252,0.826,-11.5357,-1.3339
4663,4,10,135,16.8182,12.381,2.76,0.397651,1.23,0.82,-11.1683,-1.2456
4664,4,10,136,16.8182,13.5714,2.76,0.325729,1.205,0.813,-10.8447,-1.2584
4665,4,10,137,16.8182,14.7619,2.76,0.225821,1.179,0.807,-10.5153,-1.28
4666,4,10,138,16.8182,15.9524,2.76,0.2400000000000002,1.153,0.8,-10.2286,-1.2794
4667,4,10,139,16.8182,17.1429,2.76,0.0,1.126,0.792,-9.9337,-1.2864
4668,4,10,140,16.8182,18.3333,2.76,0.0,1.098,0.785,-9.6481,-1.2937
4669,4,10,141,16.8182,19.5238,2.76,0.0,1.068,0.777,-9.3744,-1.3029
4670,4,10,142,16.8182,20.7143,2.76,0.0,1.037,0.769,-9.1058,-1.3096
4671,4,10,143,16.8182,21.9048,2.76,0.0,1.008,0.761,-8.8359,-1.3805
4672,4,10,144,16.8182,23.0952,2.76,0.0,0.975,0.753,-8.5883,-1.3935
4673,4,10,145,16.8182,24.2857,2.76,0.0,0.941,0.745,-8.3577,-1.3801
4674,4,10,146,16.8182,25.4762,2.76,0.0,0.902,0.736,-8.1337,-1.3641
4675,4,10,147,16.8182,26.6667,2.76,0.0,0.869,0.728,-7.9091,-1.3582
4676,4,10,148,16.8182,27.8571,7.0,0.0,2.543,0.717,-7.7143,-1.3466
4677,4,10,149,16.8182,29.0476,7.0,0.0,2.159,0.741,-8.1868,-1.3329
4678,4,10,150,16.8182,30.2381,7.0,0.0,2.33,0.766,-8.9971,-1.3181
4679,4,10,151,16.8182,31.4286,7.0,0.142008,2.676,0.787,-9.9754,-1.303
4680,4,10,152,16.8182,32.619,7.0,0.294543,2.994,0.805,-11.0347,-1.286
4681,4,10,153,16.8182,33.8095,7.0,0.451895,3.189,0.814,-12.0775,-1.2932
4682,4,10,154,16.8182,35.0,7.0,0.620537,3.36,0.82,-12.8361,-1.2457
4683,4,10,155,17.9545,10.0,2.68,0.455378,1.279,0.831,-13.2835,-1.2285
4684,4,10,156,17.9545,11.1905,2.68,0.424715,1.269,0.827,-11.496,-1.3301
4685,4,10,157,17.9545,12.381,2.68,0.386599,1.252,0.822,-11.1591,-1.2724
4686,4,10,158,17.9545,13.5714,2.68,0.329774,1.232,0.816,-10.8652,-1.283
4687,4,10,159,17.9545,14.7619,2.68,0.239475,1.209,0.81,-10.572,-1.2958
4688,4,10,160,17.9545,15.9524,2.68,0.06691,1.19,0.804,-10.2767,-1.3069
4689,4,10,161,17.9545,17.1429,2.68,0.08,1.165,0.798,-10.023,-1.3154
4690,4,10,162,17.9545,18.3333,2.68,0.0,1.141,0.791,-9.7618,-1.3102
4691,4,10,163,17.9545,19.5238,2.68,0.0,1.116,0.784,-9.5052,-1.3158
4692,4,10,164,17.9545,20.7143,2.68,0.0,1.089,0.777,-9.2264,-1.4151
4693,4,10,165,17.9545,21.9048,2.68,0.0,1.067,0.771,-8.9896,-1.4106
4694,4,10,166,17.9545,23.0952,2.68,0.0,1.034,0.762,-8.7655,-1.4021
4695,4,10,167,17.9545,24.2857,2.68,0.0,1.004,0.755,-8.5469,-1.3951
4696,4,10,168,17.9545,25.4762,2.68,0.0,0.973,0.747,-8.3358,-1.3823
4697,4,10,169,17.9545,26.6667,2.68,0.0,0.94,0.739,-8.1298,-1.3677
4698,4,10,170,17.9545,27.8571,7.0,0.0,2.643,0.731,-7.9305,-1.352
4699,4,10,171,17.9545,29.0476,7.0,0.0,2.317,0.755,-8.5826,-1.3369
4700,4,10,172,17.9545,30.2381,7.0,0.053731,2.313,0.777,-9.4052,-1.3298
4701,4,10,173,17.9545,31.4286,7.0,0.19627,2.652,0.795,-10.3566,-1.3252
4702,4,10,174,17.9545,32.619,7.0,0.33794,2.935,0.809,-11.3426,-1.3109
4703,4,10,175,17.9545,33.8095,7.0,0.488703,3.156,0.817,-12.2382,-1.2944
4704,4,10,176,17.9545,35.0,6.96,0.650582,3.31,0.819,-12.8738,-1.2769
4705,4,10,177,19.0909,10.0,6.88,0.587267,4.95,0.808,-13.1337,-1.258
4706,4,10,178,19.0909,11.1905,2.6,0.408088,1.292,0.83,-11.4919,-1.2912
4707,4,10,179,19.0909,12.381,2.6,0.376927,1.277,0.826,-11.1548,-1.3
4708,4,10,180,19.0909,13.5714,2.6,0.330841,1.26,0.821,-10.887,-1.3081
4709,4,10,181,19.0909,14.7619,2.6,0.265135,1.241,0.815,-10.6214,-1.3165
4710,4,10,182,19.0909,15.9524,2.6,0.139734,1.22,0.809,-10.3622,-1.3238
4711,4,10,183,19.0909,17.1429,2.6,0.1200000000000001,1.203,0.804,-10.0948,-1.3312
4712,4,10,184,19.0909,18.3333,2.6,0.0,1.18,0.798,-9.8709,-1.3355
4713,4,10,185,19.0909,19.5238,2.6,0.0,1.158,0.791,-9.6304,-1.3437
4714,4,10,186,19.0909,20.7143,2.6,0.0,1.134,0.785,-9.3989,-1.3469
4715,4,10,187,19.0909,21.9048,2.6,0.0,1.113,0.779,-9.1493,-1.4168
4716,4,10,188,19.0909,23.0952,2.6,0.0,1.087,0.772,-8.9326,-1.4204
4717,4,10,189,19.0909,24.2857,2.64,0.0,1.059,0.763,-8.7266,-1.4034
4718,4,10,190,19.0909,25.4762,2.64,0.0,1.032,0.756,-8.5266,-1.3954
4719,4,10,191,19.0909,26.6667,7.0,0.0,3.039,0.725,-8.3331,-1.384
4720,4,10,192,19.0909,27.8571,7.0,0.0,2.772,0.745,-8.2692,-1.3713
4721,4,10,193,19.0909,29.0476,7.0,0.0,2.461,0.766,-8.9448,-1.3572
4722,4,10,194,19.0909,30.2381,7.0,0.11316,2.256,0.786,-9.8078,-1.3425
4723,4,10,195,19.0909,31.4286,7.0,0.250434,2.594,0.801,-10.7098,-1.3286
4724,4,10,196,19.0909,32.619,7.0,0.388597,2.871,0.811,-11.5816,-1.313
4725,4,10,197,19.0909,33.8095,7.0,0.534854,3.092,0.817,-12.3342,-1.2934
4726,4,10,198,19.0909,35.0,6.96,0.696173,3.239,0.817,-12.7634,-1.2753
4727,4,10,199,20.2273,10.0,6.6,0.819273,5.076,0.815,-12.9561,-1.2357
4728,4,10,200,20.2273,11.1905,2.52,0.392335,1.316,0.835,-11.5398,-1.3248
4729,4,10,201,20.2273,12.381,2.52,0.366813,1.301,0.83,-11.1534,-1.3244
4730,4,10,202,20.2273,13.5714,2.52,0.331039,1.284,0.825,-10.9062,-1.3312
4731,4,10,203,20.2273,14.7619,2.52,0.280553,1.267,0.82,-10.671,-1.3414
4732,4,10,204,20.2273,15.9524,2.52,0.200845,1.249,0.815,-10.434,-1.3459
4733,4,10,205,20.2273,17.1429,2.52,0.2000000000000001,1.228,0.809,-10.2006,-1.3488
4734,4,10,206,20.2273,18.3333,2.52,0.0,1.211,0.804,-9.9581,-1.3528
4735,4,10,207,20.2273,19.5238,2.56,0.0,1.193,0.796,-9.7545,-1.3558
4736,4,10,208,20.2273,20.7143,2.56,0.0,1.174,0.791,-9.5389,-1.358
4737,4,10,209,20.2273,21.9048,2.56,0.0,1.152,0.785,-9.2993,-1.4423
4738,4,10,210,20.2273,23.0952,2.56,0.0,1.129,0.778,-9.0981,-1.4316
4739,4,10,211,20.2273,24.2857,2.56,0.0,1.106,0.772,-8.9062,-1.4193
4740,4,10,212,20.2273,25.4762,2.56,0.0,1.08,0.765,-8.7215,-1.4051
4741,4,10,213,20.2273,26.6667,7.0,0.0,3.128,0.736,-8.5357,-1.3898
4742,4,10,214,20.2273,27.8571,7.0,0.0,2.896,0.755,-8.6143,-1.3738
4743,4,10,215,20.2273,29.0476,7.0,0.016426,2.575,0.773,-9.3264,-1.3558
4744,4,10,216,20.2273,30.2381,7.0,0.163672,2.294,0.79,-10.0891,-1.3592
4745,4,10,217,20.2273,31.4286,7.0,0.312994,2.52,0.803,-10.9139,-1.3469
4746,4,10,218,20.2273,32.619,7.0,0.446639,2.785,0.811,-11.6947,-1.3333
4747,4,10,219,20.2273,33.8095,6.96,0.587378,3.047,0.815,-12.2196,-1.319
4748,4,10,220,20.2273,35.0,6.84,0.737134,3.172,0.817,-12.4688,-1.304
4749,4,10,221,21.3636,10.0,6.36,0.83322,5.097,0.818,-12.6598,-1.2879
4750,4,10,222,21.3636,11.1905,6.28,0.747895,4.949,0.815,-11.6166,-1.3532
4751,4,10,223,21.3636,12.381,2.44,0.358083,1.316,0.835,-11.1887,-1.3571
4752,4,10,224,21.3636,13.5714,2.44,0.33018,1.301,0.83,-10.9359,-1.3621
4753,4,10,225,21.3636,14.7619,2.44,0.288916,1.285,0.826,-10.7142,-1.3702
4754,4,10,226,21.3636,15.9524,2.48,0.228836,1.271,0.819,-10.4937,-1.3739
4755,4,10,227,21.3636,17.1429,2.48,0.106634,1.252,0.813,-10.2814,-1.3749
4756,4,10,228,21.3636,18.3333,2.48,0.1200000000000001,1.237,0.808,-10.0565,-1.3791
4757,4,10,229,21.3636,19.5238,2.48,0.0,1.218,0.803,-9.8732,-1.3818
4758,4,10,230,21.3636,20.7143,2.48,0.0,1.205,0.798,-9.6423,-1.4459
4759,4,10,231,21.3636,21.9048,2.48,0.0,1.183,0.792,-9.4495,-1.4556
4760,4,10,232,21.3636,23.0952,2.48,0.0,1.162,0.786,-9.2589,-1.4398
4761,4,10,233,21.3636,24.2857,2.48,0.0,1.14,0.78,-9.0765,-1.4222
4762,4,10,234,21.3636,25.4762,2.48,0.0,1.112,0.773,-8.901,-1.4045
4763,4,10,235,21.3636,26.6667,7.0,0.0,3.17,0.744,-8.724,-1.4013
4764,4,10,236,21.3636,27.8571,7.0,0.0,2.964,0.763,-8.9061,-1.3888
4765,4,10,237,21.3636,29.0476,7.0,0.073651,2.719,0.78,-9.6058,-1.3756
4766,4,10,238,21.3636,30.2381,7.0,0.220902,2.468,0.794,-10.3588,-1.3618
4767,4,10,239,21.3636,31.4286,7.0,0.369709,2.505,0.804,-11.082,-1.3478
4768,4,10,240,21.3636,32.619,7.0,0.500642,2.751,0.81,-11.6926,-1.3324
4769,4,10,241,21.3636,33.8095,6.92,0.644499,2.973,0.811,-12.0396,-1.3164
4770,4,10,242,21.3636,35.0,6.8,0.789954,3.08,0.813,-12.2496,-1.3317
4771,4,10,243,22.5,10.0,6.12,0.766703,5.081,0.822,-12.3868,-1.3211
4772,4,10,244,22.5,11.1905,6.08,0.701835,4.986,0.819,-11.6465,-1.3877
4773,4,10,245,22.5,12.381,2.4,0.352158,1.321,0.836,-11.2569,-1.3899
4774,4,10,246,22.5,13.5714,2.4,0.330703,1.309,0.832,-10.9693,-1.3916
4775,4,10,247,22.5,14.7619,2.4,0.298051,1.296,0.828,-10.7733,-1.3933
4776,4,10,248,22.5,15.9524,2.4,0.254609,1.282,0.823,-10.5779,-1.3938
4777,4,10,249,22.5,17.1429,2.4,0.185248,1.267,0.819,-10.3834,-1.3938
4778,4,10,250,22.5,18.3333,2.4,0.002199,1.25,0.813,-10.1899,-1.3933
4779,4,10,251,22.5,19.5238,2.4,0.04,1.237,0.809,-10.0008,-1.3938
4780,4,10,252,22.5,20.7143,2.4,0.0,1.225,0.804,-9.7769,-1.4676
4781,4,10,253,22.5,21.9048,2.44,0.0,1.207,0.796,-9.5932,-1.4556
4782,4,10,254,22.5,23.0952,2.44,0.0,1.189,0.791,-9.4151,-1.4445
4783,4,10,255,22.5,24.2857,2.44,0.0,1.171,0.785,-9.2483,-1.4324
4784,4,10,256,22.5,25.4762,2.44,0.0,1.15,0.779,-9.0821,-1.4185
4785,4,10,257,22.5,26.6667,7.0,0.0,3.266,0.753,-8.9132,-1.4041
4786,4,10,258,22.5,27.8571,7.0,0.0,3.077,0.771,-9.1951,-1.3898
4787,4,10,259,22.5,29.0476,7.0,0.131215,2.88,0.785,-9.8758,-1.3737
4788,4,10,260,22.5,30.2381,7.0,0.274105,2.663,0.796,-10.5524,-1.3585
4789,4,10,261,22.5,31.4286,7.0,0.416502,2.499,0.803,-11.1971,-1.3674
4790,4,10,262,22.5,32.619,6.92,0.565538,2.558,0.806,-11.609,-1.3568
4791,4,10,263,22.5,33.8095,6.84,0.702528,2.863,0.809,-11.8224,-1.3446
4792,4,10,264,22.5,35.0,6.68,0.841776,2.917,0.813,-11.9996,-1.3337
4793,4,10,265,23.6364,10.0,5.96,0.711914,5.126,0.825,-12.1407,-1.3217
4794,4,10,266,23.6364,11.1905,5.88,0.654373,5.024,0.825,-11.5579,-1.4486
4795,4,10,267,23.6364,12.381,2.32,0.34584,1.314,0.837,-11.2025,-1.4221
4796,4,10,268,23.6364,13.5714,2.32,0.327777,1.304,0.833,-11.0222,-1.4212
4797,4,10,269,23.6364,14.7619,2.32,0.304143,1.292,0.829,-10.8335,-1.4218
4798,4,10,270,23.6364,15.9524,2.32,0.270487,1.28,0.825,-10.6486,-1.4203
4799,4,10,271,23.6364,17.1429,2.32,0.222369,1.266,0.821,-10.4645,-1.4184
4800,4,10,272,23.6364,18.3333,2.36,0.110276,1.261,0.815,-10.2814,-1.4163
4801,4,10,273,23.6364,19.5238,2.36,0.1200000000000001,1.255,0.812,-10.06,-1.467
4802,4,10,274,23.6364,20.7143,2.36,0.0,1.241,0.807,-9.9101,-1.4757
4803,4,10,275,23.6364,21.9048,2.36,0.0,1.227,0.803,-9.7431,-1.4617
4804,4,10,276,23.6364,23.0952,2.36,0.0,1.211,0.798,-9.5797,-1.4481
4805,4,10,277,23.6364,24.2857,2.36,0.0,1.195,0.793,-9.4167,-1.4312
4806,4,10,278,23.6364,25.4762,2.4,0.0,1.188,0.786,-9.2557,-1.4153
4807,4,10,279,23.6364,26.6667,7.0,0.0,3.371,0.761,-9.1018,-1.3992
4808,4,10,280,23.6364,27.8571,7.0,0.028616,3.215,0.776,-9.4719,-1.4035
4809,4,10,281,23.6364,29.0476,7.0,0.177824,3.048,0.788,-10.116,-1.3919
4810,4,10,282,23.6364,30.2381,7.0,0.327792,2.828,0.797,-10.6897,-1.3804
4811,4,10,283,23.6364,31.4286,6.96,0.474109,2.576,0.801,-11.1489,-1.3693
4812,4,10,284,23.6364,32.619,6.88,0.613323,2.561,0.803,-11.3873,-1.3577
4813,4,10,285,23.6364,33.8095,6.76,0.75447,2.767,0.806,-11.5944,-1.3661
4814,4,10,286,23.6364,35.0,6.6,0.905521,2.79,0.812,-11.729,-1.3588
4815,4,10,287,24.7727,10.0,2.24,0.349991,1.316,0.84,-11.8979,-1.3509
4816,4,10,288,24.7727,11.1905,2.24,0.345604,1.308,0.837,-11.4054,-1.4531
4817,4,10,289,24.7727,12.381,2.24,0.339843,1.301,0.835,-11.233,-1.4487
4818,4,10,290,24.7727,13.5714,2.28,0.32811,1.301,0.832,-11.0684,-1.4445
4819,4,10,291,24.7727,14.7619,2.28,0.310642,1.293,0.829,-10.8861,-1.4411
4820,4,10,292,24.7727,15.9524,2.28,0.285727,1.285,0.826,-10.7298,-1.4371
4821,4,10,293,24.7727,17.1429,2.28,0.251454,1.275,0.822,-10.5681,-1.4326
4822,4,10,294,24.7727,18.3333,2.28,0.201546,1.264,0.818,-10.403,-1.4287
4823,4,10,295,24.7727,19.5238,2.28,0.067566,1.26,0.816,-10.2361,-1.4252
4824,4,10,296,24.7727,20.7143,2.28,0.08,1.254,0.813,-10.0286,-1.474
4825,4,10,297,24.7727,21.9048,2.32,0.0,1.247,0.806,-9.8823,-1.4573
4826,4,10,298,24.7727,23.0952,2.32,0.0,1.236,0.802,-9.73,-1.4512
4827,4,10,299,24.7727,24.2857,2.32,0.0,1.224,0.798,-9.5819,-1.4401
4828,4,10,300,24.7727,25.4762,2.32,0.0,1.211,0.793,-9.4353,-1.428
4829,4,10,301,24.7727,26.6667,7.0,0.0,3.465,0.768,-9.2856,-1.4158
4830,4,10,302,24.7727,27.8571,7.0,0.080039,3.35,0.781,-9.7303,-1.4038
4831,4,10,303,24.7727,29.0476,7.0,0.235216,3.215,0.792,-10.277,-1.39
4832,4,10,304,24.7727,30.2381,6.96,0.379795,2.995,0.796,-10.7332,-1.3963
4833,4,10,305,24.7727,31.4286,6.88,0.523739,2.746,0.799,-10.998,-1.3879
4834,4,10,306,24.7727,32.619,6.8,0.670505,2.602,0.801,-11.1809,-1.3807
4835,4,10,307,24.7727,33.8095,6.64,0.813041,2.716,0.807,-11.3497,-1.3721
4836,4,10,308,24.7727,35.0,6.52,0.95176,2.659,0.813,-11.4854,-1.364
4837,4,10,309,25.9091,10.0,2.16,0.338509,1.311,0.839,-11.662,-1.356
4838,4,10,310,25.9091,11.1905,2.2,0.337475,1.314,0.837,-11.4118,-1.4797
4839,4,10,311,25.9091,12.381,2.2,0.333124,1.308,0.835,-11.257,-1.4724
4840,4,10,312,25.9091,13.5714,2.2,0.324921,1.3,0.833,-11.1156,-1.4659
4841,4,10,313,25.9091,14.7619,2.2,0.312963,1.292,0.83,-10.9608,-1.4604
4842,4,10,314,25.9091,15.9524,2.2,0.29541,1.283,0.827,-10.8034,-1.4544
4843,4,10,315,25.9091,17.1429,2.24,0.27008,1.286,0.824,-10.6447,-1.449
4844,4,10,316,25.9091,18.3333,2.24,0.227097,1.283,0.822,-10.4944,-1.4432
4845,4,10,317,25.9091,19.5238,2.24,0.174264,1.276,0.819,-10.3198,-1.4703
4846,4,10,318,25.9091,20.7143,2.24,0.040881,1.271,0.816,-10.1761,-1.466
4847,4,10,319,25.9091,21.9048,2.24,0.04,1.263,0.813,-10.017,-1.4643
4848,4,10,320,25.9091,23.0952,2.24,0.0,1.252,0.809,-9.888,-1.4515
4849,4,10,321,25.9091,24.2857,2.28,0.0,1.253,0.804,-9.7393,-1.4382
4850,4,10,322,25.9091,25.4762,2.28,0.0,1.239,0.799,-9.6015,-1.4236
4851,4,10,323,25.9091,26.6667,7.0,0.0,3.59,0.775,-9.4707,-1.4264
4852,4,10,324,25.9091,27.8571,7.0,0.139082,3.511,0.784,-9.9373,-1.4181
4853,4,10,325,25.9091,29.0476,7.0,0.279718,3.358,0.79,-10.3592,-1.4093
4854,4,10,326,25.9091,30.2381,6.88,0.430017,3.122,0.793,-10.6008,-1.4008
4855,4,10,327,25.9091,31.4286,6.8,0.577214,2.922,0.796,-10.8046,-1.3925
4856,4,10,328,25.9091,32.619,6.68,0.723826,2.796,0.804,-10.9474,-1.3841
4857,4,10,329,25.9091,33.8095,6.56,0.866784,2.776,0.807,-11.1215,-1.3893
4858,4,10,330,25.9091,35.0,6.44,1.005892,2.623,0.811,-11.2737,-1.3842
4859,4,10,331,27.0455,10.0,2.12,0.328322,1.318,0.842,-11.4628,-1.3792
4860,4,10,332,27.0455,11.1905,2.12,0.330799,1.314,0.841,-11.4563,-1.4995
4861,4,10,333,27.0455,12.381,2.12,0.329227,1.306,0.838,-11.3223,-1.4978
4862,4,10,334,27.0455,13.5714,2.16,0.324845,1.311,0.836,-11.161,-1.4834
4863,4,10,335,27.0455,14.7619,2.16,0.316461,1.304,0.833,-11.0306,-1.4753
4864,4,10,336,27.0455,15.9524,2.16,0.304994,1.296,0.831,-10.8963,-1.4681
4865,4,10,337,27.0455,17.1429,2.16,0.28881,1.288,0.828,-10.7572,-1.4614
4866,4,10,338,27.0455,18.3333,2.16,0.264187,1.278,0.824,-10.6139,-1.4546
4867,4,10,339,27.0455,19.5238,2.2,0.223744,1.293,0.823,-10.4662,-1.4481
4868,4,10,340,27.0455,20.7143,2.2,0.165775,1.282,0.819,-10.3036,-1.4744
4869,4,10,341,27.0455,21.9048,2.2,0.087733,1.276,0.816,-10.1567,-1.4646
4870,4,10,342,27.0455,23.0952,2.2,0.1200000000000001,1.266,0.812,-10.0429,-1.4558
4871,4,10,343,27.0455,24.2857,2.2,0.0,1.257,0.808,-9.9056,-1.4446
4872,4,10,344,27.0455,25.4762,7.0,0.0,3.8,0.77,-9.7732,-1.4377
4873,4,10,345,27.0455,26.6667,7.0,0.024659,3.74,0.778,-9.6948,-1.4287
4874,4,10,346,27.0455,27.8571,7.0,0.185399,3.655,0.784,-10.043,-1.4199
4875,4,10,347,27.0455,29.0476,6.88,0.329227,3.472,0.79,-10.2967,-1.4101
4876,4,10,348,27.0455,30.2381,6.8,0.481386,3.288,0.795,-10.4101,-1.4139
4877,4,10,349,27.0455,31.4286,6.68,0.62642,3.15,0.798,-10.5955,-1.4086
4878,4,10,350,27.0455,32.619,6.6,0.767138,2.971,0.801,-10.7345,-1.4036
4879,4,10,351,27.0455,33.8095,6.48,0.858346,2.856,0.804,-10.8992,-1.3983
4880,4,10,352,27.0455,35.0,6.36,0.949702,2.71,0.81,-11.0572,-1.3933
4881,4,10,353,28.1818,10.0,2.08,0.322515,1.293,0.839,-11.2645,-1.3886
4882,4,10,354,28.1818,11.1905,2.08,0.326038,1.296,0.839,-11.497,-1.4069
4883,4,10,355,28.1818,12.381,2.08,0.323216,1.294,0.838,-11.3962,-1.5324
4884,4,10,356,28.1818,13.5714,2.08,0.32215,1.289,0.836,-11.2356,-1.5002
4885,4,10,357,28.1818,14.7619,2.12,0.318787,1.299,0.834,-11.0914,-1.4815
4886,4,10,358,28.1818,15.9524,2.12,0.310219,1.292,0.831,-10.9693,-1.4759
4887,4,10,359,28.1818,17.1429,2.12,0.298774,1.286,0.829,-10.8445,-1.4683
4888,4,10,360,28.1818,18.3333,2.12,0.284511,1.278,0.826,-10.7159,-1.4618
4889,4,10,361,28.1818,19.5238,2.12,0.256193,1.279,0.824,-10.5869,-1.4558
4890,4,10,362,28.1818,20.7143,2.12,0.226697,1.276,0.822,-10.4424,-1.465
4891,4,10,363,28.1818,21.9048,2.16,0.174645,1.279,0.817,-10.3108,-1.4646
4892,4,10,364,28.1818,23.0952,2.16,0.109323,1.275,0.815,-10.1718,-1.4537
4893,4,10,365,28.1818,24.2857,2.16,0.1200000000000001,1.262,0.81,-10.0685,-1.4442
4894,4,10,366,28.1818,25.4762,2.16,0.0,1.254,0.807,-9.9482,-1.4423
4895,4,10,367,28.1818,26.6667,7.0,0.0,3.87,0.776,-9.8225,-1.4367
4896,4,10,368,28.1818,27.8571,6.88,0.230861,3.775,0.786,-9.9816,-1.4305
4897,4,10,369,28.1818,29.0476,6.8,0.36267,3.583,0.79,-10.1356,-1.4261
4898,4,10,370,28.1818,30.2381,6.72,0.466055,3.458,0.792,-10.2687,-1.4209
4899,4,10,371,28.1818,31.4286,6.6,0.564532,3.306,0.795,-10.405,-1.4158
4900,4,10,372,28.1818,32.619,6.48,0.675533,3.142,0.798,-10.5376,-1.4108
4901,4,10,373,28.1818,33.8095,6.36,0.764703,3.053,0.804,-10.6964,-1.4058
4902,4,10,374,28.1818,35.0,6.24,0.852603,2.96,0.811,-10.8671,-1.4013
4903,4,10,375,29.3182,10.0,2.0,0.314243,1.208,0.827,-11.1052,-1.3977
4904,4,10,376,29.3182,11.1905,2.04,0.317913,1.245,0.831,-11.5076,-1.4384
4905,4,10,377,29.3182,12.381,2.04,0.320546,1.252,0.831,-11.423,-1.523
4906,4,10,378,29.3182,13.5714,2.04,0.320483,1.252,0.83,-11.3175,-1.517
4907,4,10,379,29.3182,14.7619,2.04,0.32035,1.252,0.829,-11.1839,-1.4936
4908,4,10,380,29.3182,15.9524,2.08,0.315902,1.266,0.828,-11.0592,-1.4864
4909,4,10,381,29.3182,17.1429,2.08,0.30767,1.265,0.826,-10.9361,-1.4796
4910,4,10,382,29.3182,18.3333,2.08,0.300581,1.262,0.824,-10.8193,-1.4659
4911,4,10,383,29.3182,19.5238,2.08,0.285179,1.26,0.822,-10.7164,-1.4666
4912,4,10,384,29.3182,20.7143,2.08,0.263069,1.267,0.821,-10.584,-1.4552
4913,4,10,385,29.3182,21.9048,2.08,0.236471,1.262,0.819,-10.4642,-1.4629
4914,4,10,386,29.3182,23.0952,2.12,0.201496,1.271,0.815,-10.336,-1.4561
4915,4,10,387,29.3182,24.2857,2.12,0.149186,1.268,0.813,-10.2316,-1.4513
4916,4,10,388,29.3182,25.4762,2.12,0.003841,1.263,0.81,-10.1181,-1.4458
4917,4,10,389,29.3182,26.6667,6.88,0.04,4.025,0.781,-10.0013,-1.4406
4918,4,10,390,29.3182,27.8571,6.8,0.111532,3.872,0.785,-9.9041,-1.4357
4919,4,10,391,29.3182,29.0476,6.72,0.250899,3.735,0.787,-10.0323,-1.4302
4920,4,10,392,29.3182,30.2381,6.6,0.369214,3.608,0.789,-10.1368,-1.4255
4921,4,10,393,29.3182,31.4286,6.52,0.475243,3.432,0.792,-10.2551,-1.4212
4922,4,10,394,29.3182,32.619,6.4,0.587802,3.317,0.798,-10.3718,-1.4171
4923,4,10,395,29.3182,33.8095,6.28,0.673314,3.254,0.804,-10.5481,-1.4149
4924,4,10,396,29.3182,35.0,6.16,0.746223,3.196,0.811,-10.7306,-1.4117
4925,4,10,397,30.4545,10.0,1.96,0.307673,1.156,0.818,-10.9613,-1.4202
4926,4,10,398,30.4545,11.1905,2.0,0.314477,1.184,0.821,-11.5791,-1.4506
4927,4,10,399,30.4545,12.381,2.0,0.317315,1.204,0.824,-11.4777,-1.4491
4928,4,10,400,30.4545,13.5714,2.0,0.318697,1.213,0.824,-11.3915,-1.5358
4929,4,10,401,30.4545,14.7619,2.0,0.319769,1.219,0.824,-11.27,-1.5047
4930,4,10,402,30.4545,15.9524,2.0,0.320108,1.226,0.824,-11.1535,-1.4881
4931,4,10,403,30.4545,17.1429,2.04,0.31684,1.243,0.823,-11.0355,-1.4817
4932,4,10,404,30.4545,18.3333,2.04,0.311438,1.247,0.823,-10.932,-1.4757
4933,4,10,405,30.4545,19.5238,2.04,0.301184,1.261,0.823,-10.8302,-1.4698
4934,4,10,406,30.4545,20.7143,2.04,0.291018,1.267,0.823,-10.7211,-1.4608
4935,4,10,407,30.4545,21.9048,2.04,0.273568,1.268,0.821,-10.6135,-1.4612
4936,4,10,408,30.4545,23.0952,2.08,0.247823,1.275,0.818,-10.4954,-1.4558
4937,4,10,409,30.4545,24.2857,2.08,0.22464,1.278,0.816,-10.3663,-1.4496
4938,4,10,410,30.4545,25.4762,2.08,0.18576,1.274,0.814,-10.2832,-1.4456
4939,4,10,411,30.4545,26.6667,2.08,0.122926,1.273,0.812,-10.1803,-1.4471
4940,4,10,412,30.4545,27.8571,2.12,0.1200000000000001,1.279,0.807,-10.0724,-1.4448
4941,4,10,413,30.4545,29.0476,6.6,0.013277,3.868,0.784,-9.9642,-1.4432
4942,4,10,414,30.4545,30.2381,6.52,0.231312,3.731,0.788,-10.0021,-1.4413
4943,4,10,415,30.4545,31.4286,6.4,0.365892,3.599,0.793,-10.1085,-1.4397
4944,4,10,416,30.4545,32.619,6.32,0.480298,3.513,0.798,-10.2518,-1.4382
4945,4,10,417,30.4545,33.8095,6.2,0.574354,3.437,0.805,-10.4113,-1.4367
4946,4,10,418,30.4545,35.0,6.08,0.658098,3.426,0.812,-10.6019,-1.4354
4947,4,10,419,31.5909,10.0,4.6,0.383123,4.089,0.842,-10.8318,-1.4344
4948,4,10,420,31.5909,11.1905,1.92,0.308857,1.218,0.828,-11.648,-1.4683
4949,4,10,421,31.5909,12.381,1.96,0.315954,1.216,0.826,-11.5634,-1.5692
4950,4,10,422,31.5909,13.5714,1.96,0.317279,1.228,0.827,-11.481,-1.5684
4951,4,10,423,31.5909,14.7619,1.96,0.320454,1.235,0.828,-11.3604,-1.5177
4952,4,10,424,31.5909,15.9524,1.96,0.323088,1.244,0.828,-11.2576,-1.4993
4953,4,10,425,31.5909,17.1429,2.0,0.322269,1.253,0.826,-11.1513,-1.4939
4954,4,10,426,31.5909,18.3333,2.0,0.320473,1.264,0.827,-11.0344,-1.4763
4955,4,10,427,31.5909,19.5238,2.0,0.316877,1.273,0.827,-10.9477,-1.4708
4956,4,10,428,31.5909,20.7143,2.0,0.310378,1.291,0.828,-10.8524,-1.467
4957,4,10,429,31.5909,21.9048,2.0,0.302308,1.296,0.828,-10.761,-1.4588
4958,4,10,430,31.5909,23.0952,2.04,0.288533,1.3,0.824,-10.652,-1.4565
4959,4,10,431,31.5909,24.2857,2.04,0.267853,1.302,0.822,-10.5414,-1.456
4960,4,10,432,31.5909,25.4762,2.04,0.252104,1.306,0.822,-10.4321,-1.4528
4961,4,10,433,31.5909,26.6667,2.04,0.22282,1.306,0.82,-10.3551,-1.4524
4962,4,10,434,31.5909,27.8571,2.04,0.180969,1.304,0.818,-10.2551,-1.4527
4963,4,10,435,31.5909,29.0476,2.08,0.11427,1.308,0.814,-10.1504,-1.4518
4964,4,10,436,31.5909,30.2381,6.4,0.063569,3.856,0.789,-10.06,-1.4512
4965,4,10,437,31.5909,31.4286,6.32,0.259369,3.777,0.794,-10.0099,-1.4503
4966,4,10,438,31.5909,32.619,6.2,0.392786,3.701,0.8,-10.1357,-1.4501
4967,4,10,439,31.5909,33.8095,6.12,0.492791,3.625,0.806,-10.2915,-1.4498
4968,4,10,440,31.5909,35.0,6.0,0.566193,3.624,0.812,-10.4831,-1.4497
4969,4,10,441,32.7273,10.0,4.48,0.409741,3.832,0.848,-10.6938,-1.4497
4970,4,10,442,32.7273,11.1905,4.44,0.390641,3.715,0.847,-12.4345,-1.4898
4971,4,10,443,32.7273,12.381,1.92,0.311702,1.316,0.844,-11.8154,-1.567
4972,4,10,444,32.7273,13.5714,1.92,0.314386,1.317,0.843,-11.5485,-1.5706
4973,4,10,445,32.7273,14.7619,1.92,0.319628,1.318,0.843,-11.4389,-1.5163
4974,4,10,446,32.7273,15.9524,1.92,0.324033,1.323,0.842,-11.3538,-1.5011
4975,4,10,447,32.7273,17.1429,1.96,0.327741,1.313,0.838,-11.2565,-1.4958
4976,4,10,448,32.7273,18.3333,1.96,0.328897,1.321,0.838,-11.1523,-1.491
4977,4,10,449,32.7273,19.5238,1.96,0.326848,1.341,0.84,-11.0767,-1.4858
4978,4,10,450,32.7273,20.7143,1.96,0.325495,1.35,0.84,-10.9959,-1.4575
4979,4,10,451,32.7273,21.9048,1.96,0.322138,1.353,0.839,-10.9075,-1.4581
4980,4,10,452,32.7273,23.0952,2.0,0.315814,1.349,0.834,-10.8043,-1.4581
4981,4,10,453,32.7273,24.2857,2.0,0.302756,1.35,0.833,-10.6945,-1.4587
4982,4,10,454,32.7273,25.4762,2.0,0.296514,1.351,0.832,-10.5931,-1.4586
4983,4,10,455,32.7273,26.6667,2.0,0.280583,1.349,0.83,-10.5236,-1.4598
4984,4,10,456,32.7273,27.8571,2.0,0.258596,1.347,0.829,-10.4287,-1.4606
4985,4,10,457,32.7273,29.0476,2.04,0.231722,1.348,0.824,-10.3292,-1.461
4986,4,10,458,32.7273,30.2381,2.04,0.191493,1.347,0.822,-10.2458,-1.4618
4987,4,10,459,32.7273,31.4286,2.04,0.131985,1.346,0.82,-10.1588,-1.4628
4988,4,10,460,32.7273,32.619,6.12,0.305729,3.841,0.801,-10.0694,-1.4639
4989,4,10,461,32.7273,33.8095,6.04,0.412792,3.811,0.806,-10.1937,-1.4645
4990,4,10,462,32.7273,35.0,5.96,0.491388,3.77,0.811,-10.3837,-1.4657
4991,4,10,463,33.8636,10.0,4.36,0.427964,3.612,0.861,-10.5762,-1.4758
4992,4,10,464,33.8636,11.1905,4.36,0.417915,3.632,0.856,-13.2921,-1.515
4993,4,10,465,33.8636,12.381,4.32,0.401301,3.521,0.855,-12.5319,-1.5844
4994,4,10,466,33.8636,13.5714,1.88,0.31221,1.447,0.866,-11.9699,-1.5569
4995,4,10,467,33.8636,14.7619,1.88,0.319224,1.438,0.863,-11.5309,-1.5303
4996,4,10,468,33.8636,15.9524,1.88,0.325868,1.431,0.861,-11.4567,-1.5172
4997,4,10,469,33.8636,17.1429,1.92,0.33156,1.405,0.855,-11.3709,-1.5133
4998,4,10,470,33.8636,18.3333,1.92,0.335338,1.405,0.853,-11.2759,-1.5102
4999,4,10,471,33.8636,19.5238,1.92,0.335636,1.422,0.855,-11.21,-1.5058
5000,4,10,472,33.8636,20.7143,1.92,0.337068,1.418,0.853,-11.1408,-1.4559
5001,4,10,473,33.8636,21.9048,1.92,0.337245,1.413,0.851,-11.0512,-1.4593
5002,4,10,474,33.8636,23.0952,1.96,0.337161,1.402,0.846,-10.9537,-1.4621
5003,4,10,475,33.8636,24.2857,1.96,0.332846,1.399,0.844,-10.8571,-1.4661
5004,4,10,476,33.8636,25.4762,1.96,0.324045,1.394,0.842,-10.777,-1.4694
5005,4,10,477,33.8636,26.6667,1.96,0.322799,1.392,0.84,-10.6781,-1.4725
5006,4,10,478,33.8636,27.8571,1.96,0.312441,1.387,0.838,-10.6127,-1.4761
5007,4,10,479,33.8636,29.0476,2.0,0.297668,1.387,0.833,-10.5189,-1.4796
5008,4,10,480,33.8636,30.2381,2.0,0.280696,1.386,0.831,-10.44,-1.4828
5009,4,10,481,33.8636,31.4286,2.0,0.253877,1.384,0.829,-10.36,-1.4854
5010,4,10,482,33.8636,32.619,2.04,0.222252,1.39,0.824,-10.2752,-1.4886
5011,4,10,483,33.8636,33.8095,5.96,0.349868,3.984,0.806,-10.1885,-1.4919
5012,4,10,484,33.8636,35.0,5.88,0.429089,3.958,0.811,-10.2988,-1.495
5013,4,10,485,35.0,10.0,4.24,0.442397,3.407,0.87,-10.4946,-1.4924
5014,4,10,486,35.0,11.1905,4.24,0.437832,3.431,0.867,-14.129,-1.5802
5015,4,10,487,35.0,12.381,4.24,0.428662,3.449,0.862,-13.3479,-1.5876
5016,4,10,488,35.0,13.5714,4.2,0.416611,3.333,0.859,-12.6499,-1.5475
5017,4,10,489,35.0,14.7619,4.16,0.400678,3.22,0.856,-12.1352,-1.5379
5018,4,10,490,35.0,15.9524,1.84,0.325786,1.526,0.874,-11.6868,-1.5189
5019,4,10,491,35.0,17.1429,1.88,0.332514,1.489,0.868,-11.4766,-1.517
5020,4,10,492,35.0,18.3333,1.88,0.338058,1.479,0.865,-11.3926,-1.5123
5021,4,10,493,35.0,19.5238,1.88,0.341928,1.484,0.865,-11.3321,-1.5086
5022,4,10,494,35.0,20.7143,1.88,0.345977,1.475,0.863,-11.2775,-1.4599
5023,4,10,495,35.0,21.9048,1.88,0.34906,1.461,0.86,-11.1951,-1.4633
5024,4,10,496,35.0,23.0952,1.92,0.352148,1.448,0.855,-11.0999,-1.4694
5025,4,10,497,35.0,24.2857,1.92,0.353358,1.44,0.853,-11.013,-1.4753
5026,4,10,498,35.0,25.4762,1.92,0.352353,1.431,0.85,-10.9412,-1.4809
5027,4,10,499,35.0,26.6667,1.92,0.347935,1.422,0.847,-10.8593,-1.4864
5028,4,10,500,35.0,27.8571,1.96,0.35014,1.423,0.843,-10.7621,-1.491
5029,4,10,501,35.0,29.0476,1.96,0.344488,1.42,0.841,-10.6969,-1.4962
5030,4,10,502,35.0,30.2381,1.96,0.336561,1.417,0.838,-10.6273,-1.5011
5031,4,10,503,35.0,31.4286,1.96,0.326041,1.413,0.835,-10.5515,-1.5059
5032,4,10,504,35.0,32.619,2.0,0.31122,1.421,0.831,-10.4703,-1.5104
5033,4,10,505,35.0,33.8095,2.0,0.290773,1.419,0.828,-10.3966,-1.5146
5034,4,10,506,35.0,35.0,5.84,0.359389,4.099,0.81,-10.3236,-1.5187
5035,4,11,1,10.0,10.0,5.6,3.599928,2.968,0.851,-19.3579,-1.2844
5036,4,11,2,10.0,11.1905,5.56,3.584211,3.017,0.858,-14.3018,-1.315
5037,4,11,3,10.0,12.381,5.48,3.549708,3.096,0.863,-15.1209,-1.3075
5038,4,11,4,10.0,13.5714,5.4,3.483058,3.199,0.865,-15.7265,-1.2922
5039,4,11,5,10.0,14.7619,5.32,3.337462,3.311,0.865,-15.9315,-1.2744
5040,4,11,6,10.0,15.9524,5.28,2.02328,3.368,0.86,-15.7148,-1.2226
5041,4,11,7,10.0,17.1429,5.2,1.535784,3.434,0.853,-15.0672,-1.2187
5042,4,11,8,10.0,18.3333,5.12,1.218686,3.459,0.843,-14.1476,-1.2164
5043,4,11,9,10.0,19.5238,5.08,0.934626,3.45,0.828,-13.094,-1.2144
5044,4,11,10,10.0,20.7143,5.04,0.623431,3.415,0.81,-12.0027,-1.2182
5045,4,11,11,10.0,21.9048,5.0,0.6400000000000006,3.362,0.789,-10.9404,-1.215
5046,4,11,12,10.0,23.0952,4.96,0.0,3.288,0.764,-9.9304,-1.2114
5047,4,11,13,10.0,24.2857,4.92,0.0,3.181,0.736,-8.9898,-1.204
5048,4,11,14,10.0,25.4762,4.88,0.0,3.05,0.704,-8.122,-1.2
5049,4,11,15,10.0,26.6667,4.84,0.0,2.884,0.67,-7.3258,-1.1896
5050,4,11,16,10.0,27.8571,4.76,0.0,2.609,0.633,-6.5975,-1.1824
5051,4,11,17,10.0,29.0476,7.0,0.0,2.828,0.58,-5.9337,-1.174
5052,4,11,18,10.0,30.2381,7.0,0.0,2.433,0.641,-5.6262,-1.1636
5053,4,11,19,10.0,31.4286,7.0,0.0,2.097,0.7,-6.8387,-1.1515
5054,4,11,20,10.0,32.619,7.0,0.029612,2.627,0.747,-8.4258,-1.1375
5055,4,11,21,10.0,33.8095,7.0,0.22155,2.998,0.781,-10.3184,-1.1254
5056,4,11,22,10.0,35.0,7.0,0.411969,3.291,0.806,-12.541,-1.1131
5057,4,11,23,11.1364,10.0,3.68,1.022026,0.824,0.836,-14.9017,-1.1068
5058,4,11,24,11.1364,11.1905,5.6,2.32826,3.037,0.851,-13.1145,-1.321
5059,4,11,25,11.1364,12.381,5.52,3.655469,3.094,0.859,-13.9766,-1.3147
5060,4,11,26,11.1364,13.5714,5.48,3.590253,3.168,0.863,-14.8703,-1.2254
5061,4,11,27,11.1364,14.7619,5.4,3.455423,3.269,0.865,-15.4645,-1.22
5062,4,11,28,11.1364,15.9524,5.32,2.225114,3.369,0.863,-15.6041,-1.2222
5063,4,11,29,11.1364,17.1429,5.24,1.661009,3.451,0.858,-15.2487,-1.2228
5064,4,11,30,11.1364,18.3333,5.16,1.329399,3.499,0.849,-14.5176,-1.2231
5065,4,11,31,11.1364,19.5238,5.08,1.052845,3.504,0.837,-13.5652,-1.2228
5066,4,11,32,11.1364,20.7143,5.04,0.76922,3.478,0.82,-12.4871,-1.2229
5067,4,11,33,11.1364,21.9048,5.0,0.381891,3.429,0.8,-11.4105,-1.2206
5068,4,11,34,11.1364,23.0952,4.96,0.4000000000000003,3.364,0.776,-10.3572,-1.2167
5069,4,11,35,11.1364,24.2857,4.88,0.0,3.222,0.749,-9.3764,-1.2108
5070,4,11,36,11.1364,25.4762,4.84,0.0,3.088,0.718,-8.4653,-1.2029
5071,4,11,37,11.1364,26.6667,4.8,0.0,2.918,0.684,-7.6286,-1.1922
5072,4,11,38,11.1364,27.8571,4.76,0.0,2.716,0.647,-6.8642,-1.1839
5073,4,11,39,11.1364,29.0476,7.0,0.0,2.732,0.604,-6.1692,-1.1739
5074,4,11,40,11.1364,30.2381,7.0,0.0,2.309,0.659,-6.0139,-1.1617
5075,4,11,41,11.1364,31.4286,7.0,0.0,2.26,0.709,-7.1754,-1.1475
5076,4,11,42,11.1364,32.619,7.0,0.03037,2.726,0.749,-8.6115,-1.1313
5077,4,11,43,11.1364,33.8095,7.0,0.22296,3.072,0.78,-10.2835,-1.1227
5078,4,11,44,11.1364,35.0,7.0,0.417231,3.369,0.804,-12.1337,-1.1063
5079,4,11,45,12.2727,10.0,7.0,1.938569,3.237,0.827,-14.0253,-1.1027
5080,4,11,46,12.2727,11.1905,7.0,2.101125,3.294,0.84,-13.1111,-1.3321
5081,4,11,47,12.2727,12.381,7.0,2.261429,3.313,0.84,-14.7337,-1.22
5082,4,11,48,12.2727,13.5714,5.52,2.412743,3.208,0.863,-14.8114,-1.2229
5083,4,11,49,12.2727,14.7619,5.44,2.531551,3.296,0.867,-15.2471,-1.2301
5084,4,11,50,12.2727,15.9524,5.36,2.353154,3.399,0.867,-15.7527,-1.2315
5085,4,11,51,12.2727,17.1429,5.28,1.846426,3.487,0.863,-15.6715,-1.2344
5086,4,11,52,12.2727,18.3333,5.2,1.468759,3.551,0.856,-15.0887,-1.2351
5087,4,11,53,12.2727,19.5238,5.12,1.186268,3.579,0.845,-14.1857,-1.2343
5088,4,11,54,12.2727,20.7143,5.04,0.915574,3.551,0.83,-13.1072,-1.2312
5089,4,11,55,12.2727,21.9048,5.0,0.597418,3.511,0.811,-11.974,-1.2283
5090,4,11,56,12.2727,23.0952,4.92,0.6000000000000005,3.415,0.788,-10.8591,-1.2231
5091,4,11,57,12.2727,24.2857,4.88,0.0,3.314,0.761,-9.8121,-1.2152
5092,4,11,58,12.2727,25.4762,4.84,0.0,3.186,0.731,-8.8418,-1.2051
5093,4,11,59,12.2727,26.6667,4.76,0.0,2.944,0.697,-7.9519,-1.195
5094,4,11,60,12.2727,27.8571,4.72,0.0,2.737,0.661,-7.1434,-1.1849
5095,4,11,61,12.2727,29.0476,7.0,0.0,2.643,0.624,-6.4134,-1.1729
5096,4,11,62,12.2727,30.2381,7.0,0.0,2.223,0.671,-6.3358,-1.1586
5097,4,11,63,12.2727,31.4286,7.0,0.0,2.393,0.715,-7.4152,-1.1424
5098,4,11,64,12.2727,32.619,7.0,0.019538,2.807,0.75,-8.7016,-1.1247
5099,4,11,65,12.2727,33.8095,7.0,0.208194,3.137,0.778,-10.1593,-1.1173
5100,4,11,66,12.2727,35.0,7.0,0.405569,3.436,0.801,-11.722,-1.0989
5101,4,11,67,13.4091,10.0,7.0,1.784998,3.418,0.839,-13.3186,-1.0967
5102,4,11,68,13.4091,11.1905,7.0,1.973844,3.53,0.853,-14.3238,-1.2196
5103,4,11,69,13.4091,12.381,6.92,2.145021,3.644,0.849,-16.9923,-1.2266
5104,4,11,70,13.4091,13.5714,5.64,2.30553,3.334,0.863,-16.7095,-1.2353
5105,4,11,71,13.4091,14.7619,5.52,2.451259,3.362,0.869,-15.378,-1.2439
5106,4,11,72,13.4091,15.9524,5.4,2.34529,3.462,0.872,-16.2122,-1.2489
5107,4,11,73,13.4091,17.1429,5.28,1.987093,3.568,0.87,-16.3653,-1.2496
5108,4,11,74,13.4091,18.3333,5.2,1.619324,3.636,0.864,-15.9002,-1.2505
5109,4,11,75,13.4091,19.5238,5.12,1.326108,3.665,0.854,-15.0084,-1.2446
5110,4,11,76,13.4091,20.7143,5.04,1.061105,3.641,0.84,-13.8476,-1.2423
5111,4,11,77,13.4091,21.9048,4.96,0.772796,3.572,0.822,-12.6246,-1.2373
5112,4,11,78,13.4091,23.0952,4.92,0.34796,3.507,0.8,-11.4211,-1.2296
5113,4,11,79,13.4091,24.2857,4.84,0.3200000000000003,3.353,0.774,-10.2862,-1.219
5114,4,11,80,13.4091,25.4762,4.8,0.0,3.22,0.744,-9.2409,-1.2063
5115,4,11,81,13.4091,26.6667,4.72,0.0,2.963,0.711,-8.29,-1.1978
5116,4,11,82,13.4091,27.8571,4.64,0.0,2.649,0.674,-7.4324,-1.1854
5117,4,11,83,13.4091,29.0476,7.0,0.0,2.582,0.638,-6.6628,-1.1709
5118,4,11,84,13.4091,30.2381,7.0,0.0,2.178,0.68,-6.5923,-1.1546
5119,4,11,85,13.4091,31.4286,7.0,0.0,2.491,0.718,-7.5787,-1.137
5120,4,11,86,13.4091,32.619,7.0,0.000264,2.877,0.749,-8.7229,-1.1184
5121,4,11,87,13.4091,33.8095,7.0,0.185105,3.199,0.775,-10.0019,-1.1117
5122,4,11,88,13.4091,35.0,7.0,0.378997,3.488,0.797,-11.347,-1.0926
5123,4,11,89,14.5455,10.0,7.0,1.611762,3.697,0.852,-12.7207,-1.0898
5124,4,11,90,14.5455,11.1905,7.0,1.868043,3.924,0.864,-16.4006,-1.2203
5125,4,11,91,14.5455,12.381,6.76,2.060247,4.042,0.86,-20.2081,-1.2222
5126,4,11,92,14.5455,13.5714,6.44,2.235011,4.087,0.858,-18.8646,-1.2216
5127,4,11,93,14.5455,14.7619,5.6,2.404665,3.512,0.873,-17.0872,-1.2244
5128,4,11,94,14.5455,15.9524,5.44,2.280149,3.564,0.876,-17.0493,-1.2277
5129,4,11,95,14.5455,17.1429,5.32,2.036083,3.659,0.876,-17.408,-1.2352
5130,4,11,96,14.5455,18.3333,5.2,1.740193,3.735,0.871,-16.968,-1.2601
5131,4,11,97,14.5455,19.5238,5.12,1.460753,3.765,0.862,-15.9887,-1.2596
5132,4,11,98,14.5455,20.7143,5.04,1.20058,3.741,0.849,-14.6998,-1.2545
5133,4,11,99,14.5455,21.9048,4.96,0.927071,3.668,0.832,-13.3298,-1.2462
5134,4,11,100,14.5455,23.0952,4.88,0.578185,3.561,0.811,-12.0051,-1.2349
5135,4,11,101,14.5455,24.2857,4.8,0.5600000000000005,3.39,0.786,-10.7713,-1.2233
5136,4,11,102,14.5455,25.4762,4.76,0.0,3.246,0.756,-9.6411,-1.212
5137,4,11,103,14.5455,26.6667,4.68,0.0,2.976,0.723,-8.6228,-1.1993
5138,4,11,104,14.5455,27.8571,4.6,0.0,2.651,0.688,-7.7175,-1.1849
5139,4,11,105,14.5455,29.0476,7.0,0.0,2.552,0.65,-6.9145,-1.1681
5140,4,11,106,14.5455,30.2381,7.0,0.0,2.16,0.686,-6.7881,-1.1502
5141,4,11,107,14.5455,31.4286,7.0,0.0,2.566,0.72,-7.6883,-1.1316
5142,4,11,108,14.5455,32.619,7.0,0.0,2.939,0.747,-8.6926,-1.1131
5143,4,11,109,14.5455,33.8095,7.0,0.155862,3.248,0.771,-9.8184,-1.1068
5144,4,11,110,14.5455,35.0,7.0,0.344213,3.53,0.791,-10.9915,-1.0881
5145,4,11,111,15.6818,10.0,7.0,1.404669,4.235,0.862,-12.1899,-1.0834
5146,4,11,112,15.6818,11.1905,6.92,1.781006,4.363,0.865,-20.8449,-1.2105
5147,4,11,113,15.6818,12.381,6.6,1.999182,4.353,0.868,-24.0837,-1.2182
5148,4,11,114,15.6818,13.5714,6.28,2.193072,4.236,0.868,-21.8128,-1.2266
5149,4,11,115,15.6818,14.7619,5.76,2.336527,3.814,0.876,-19.7283,-1.2362
5150,4,11,116,15.6818,15.9524,5.48,2.201594,3.729,0.882,-18.831,-1.2324
5151,4,11,117,15.6818,17.1429,5.32,2.05321,3.796,0.883,-18.9815,-1.235
5152,4,11,118,15.6818,18.3333,5.2,1.848173,3.853,0.878,-18.4671,-1.2794
5153,4,11,119,15.6818,19.5238,5.08,1.605194,3.864,0.87,-17.2533,-1.2747
5154,4,11,120,15.6818,20.7143,5.0,1.354265,3.826,0.858,-15.7303,-1.2654
5155,4,11,121,15.6818,21.9048,4.92,1.08703,3.74,0.842,-14.1591,-1.2532
5156,4,11,122,15.6818,23.0952,4.84,0.76858,3.607,0.821,-12.6602,-1.2381
5157,4,11,123,15.6818,24.2857,4.76,0.174795,3.418,0.797,-11.293,-1.2287
5158,4,11,124,15.6818,25.4762,4.68,0.2000000000000001,3.178,0.768,-10.0658,-1.2149
5159,4,11,125,15.6818,26.6667,4.6,0.0,2.881,0.736,-8.9793,-1.1995
5160,4,11,126,15.6818,27.8571,4.48,0.0,2.408,0.701,-8.0219,-1.1827
5161,4,11,127,15.6818,29.0476,7.0,0.0,2.546,0.657,-7.1882,-1.1641
5162,4,11,128,15.6818,30.2381,7.0,0.0,2.213,0.69,-6.9241,-1.1452
5163,4,11,129,15.6818,31.4286,7.0,0.0,2.641,0.72,-7.7255,-1.1265
5164,4,11,130,15.6818,32.619,7.0,0.0,2.99,0.744,-8.6241,-1.1082
5165,4,11,131,15.6818,33.8095,7.0,0.119865,3.297,0.766,-9.6127,-1.103
5166,4,11,132,15.6818,35.0,7.0,0.30693,3.561,0.784,-10.6413,-1.0853
5167,4,11,133,16.8182,10.0,7.0,1.271507,4.853,0.864,-11.709,-1.0782
5168,4,11,134,16.8182,11.1905,6.72,1.713246,4.709,0.866,-30.1591,-1.2171
5169,4,11,135,16.8182,12.381,6.44,1.958155,4.578,0.874,-28.3754,-1.2293
5170,4,11,136,16.8182,13.5714,6.12,2.16815,4.347,0.876,-25.7444,-1.2362
5171,4,11,137,16.8182,14.7619,5.8,2.191798,4.084,0.881,-23.3631,-1.2438
5172,4,11,138,16.8182,15.9524,5.52,2.115955,3.942,0.887,-21.897,-1.2473
5173,4,11,139,16.8182,17.1429,5.32,2.075436,3.947,0.888,-21.3695,-1.2494
5174,4,11,140,16.8182,18.3333,5.2,2.027515,3.987,0.884,-20.3818,-1.25
5175,4,11,141,16.8182,19.5238,5.08,1.799779,3.987,0.877,-18.7581,-1.2502
5176,4,11,142,16.8182,20.7143,4.96,1.539574,3.909,0.866,-16.8718,-1.2683
5177,4,11,143,16.8182,21.9048,4.88,1.264277,3.802,0.851,-15.0252,-1.2589
5178,4,11,144,16.8182,23.0952,4.8,0.950616,3.649,0.831,-13.3189,-1.2464
5179,4,11,145,16.8182,24.2857,4.68,0.503622,3.351,0.807,-11.8055,-1.2321
5180,4,11,146,16.8182,25.4762,4.6,0.5200000000000005,3.086,0.779,-10.481,-1.216
5181,4,11,147,16.8182,26.6667,4.52,0.0,2.77,0.748,-9.3291,-1.1981
5182,4,11,148,16.8182,27.8571,4.36,0.0,2.127,0.715,-8.3331,-1.1794
5183,4,11,149,16.8182,29.0476,7.0,0.0,2.559,0.662,-7.4846,-1.1596
5184,4,11,150,16.8182,30.2381,7.0,0.0,2.317,0.69,-7.0029,-1.1403
5185,4,11,151,16.8182,31.4286,7.0,0.0,2.711,0.716,-7.7056,-1.1223
5186,4,11,152,16.8182,32.619,7.0,0.0,3.038,0.738,-8.4876,-1.1044
5187,4,11,153,16.8182,33.8095,7.0,0.065586,3.339,0.759,-9.3668,-1.1008
5188,4,11,154,16.8182,35.0,7.0,0.263769,3.574,0.777,-10.2728,-1.0844
5189,4,11,155,17.9545,10.0,6.8,1.274073,5.146,0.861,-11.2435,-1.0755
5190,4,11,156,17.9545,11.1905,6.52,1.672534,4.934,0.872,-35.1726,-1.2344
5191,4,11,157,17.9545,12.381,6.28,1.936401,4.726,0.877,-36.002,-1.2438
5192,4,11,158,17.9545,13.5714,6.0,2.152597,4.463,0.88,-32.5205,-1.2536
5193,4,11,159,17.9545,14.7619,5.72,2.064403,4.234,0.887,-29.209,-1.256
5194,4,11,160,17.9545,15.9524,5.48,2.050113,4.146,0.893,-26.8398,-1.2579
5195,4,11,161,17.9545,17.1429,5.32,3.230999,4.131,0.892,-25.1214,-1.2576
5196,4,11,162,17.9545,18.3333,5.16,2.902399,4.131,0.89,-22.9672,-1.256
5197,4,11,163,17.9545,19.5238,5.04,2.530219,4.094,0.883,-20.6592,-1.2926
5198,4,11,164,17.9545,20.7143,4.92,1.951834,3.984,0.873,-18.1732,-1.2811
5199,4,11,165,17.9545,21.9048,4.8,1.530584,3.789,0.859,-15.9559,-1.267
5200,4,11,166,17.9545,23.0952,4.72,1.180176,3.604,0.84,-14.0181,-1.2509
5201,4,11,167,17.9545,24.2857,4.64,0.756615,3.366,0.817,-12.3558,-1.2331
5202,4,11,168,17.9545,25.4762,4.52,0.7600000000000007,2.983,0.79,-10.924,-1.2144
5203,4,11,169,17.9545,26.6667,4.4,0.0,2.515,0.761,-9.7122,-1.195
5204,4,11,170,17.9545,27.8571,4.2,0.0,1.656,0.73,-8.69,-1.1884
5205,4,11,171,17.9545,29.0476,3.84,0.0,0.78,0.701,-7.8452,-1.1707
5206,4,11,172,17.9545,30.2381,7.0,0.0,2.412,0.688,-7.1986,-1.1526
5207,4,11,173,17.9545,31.4286,7.0,0.0,2.76,0.709,-7.6238,-1.1177
5208,4,11,174,17.9545,32.619,7.0,0.0,3.071,0.73,-8.3175,-1.1171
5209,4,11,175,17.9545,33.8095,7.0,0.0,3.375,0.751,-9.0693,-1.0999
5210,4,11,176,17.9545,35.0,7.0,0.209052,3.573,0.767,-9.9,-1.0923
5211,4,11,177,19.0909,10.0,6.6,1.332641,5.323,0.864,-10.7529,-1.091
5212,4,11,178,19.0909,11.1905,6.36,1.666968,5.084,0.873,-41.9028,-1.2493
5213,4,11,179,19.0909,12.381,6.12,1.935456,4.846,0.878,-47.8279,-1.2592
5214,4,11,180,19.0909,13.5714,5.88,2.035354,4.604,0.883,-47.1802,-1.2661
5215,4,11,181,19.0909,14.7619,5.64,1.967181,4.44,0.891,-44.5904,-1.2769
5216,4,11,182,19.0909,15.9524,5.44,2.01622,4.348,0.895,-36.516,-1.2737
5217,4,11,183,19.0909,17.1429,5.24,3.250955,4.286,0.897,-31.0951,-1.2735
5218,4,11,184,19.0909,18.3333,5.08,2.973473,4.233,0.894,-26.738,-1.3196
5219,4,11,185,19.0909,19.5238,4.96,2.689199,4.146,0.889,-22.8157,-1.3059
5220,4,11,186,19.0909,20.7143,4.84,2.375281,3.989,0.88,-19.5833,-1.2892
5221,4,11,187,19.0909,21.9048,4.72,1.982869,3.745,0.867,-16.9349,-1.2712
5222,4,11,188,19.0909,23.0952,4.64,1.528117,3.535,0.849,-14.7188,-1.2522
5223,4,11,189,19.0909,24.2857,4.52,1.062556,3.17,0.827,-12.9105,-1.2393
5224,4,11,190,19.0909,25.4762,4.4,0.343227,2.741,0.803,-11.4015,-1.223
5225,4,11,191,19.0909,26.6667,4.24,0.3200000000000003,2.068,0.775,-10.1428,-1.2058
5226,4,11,192,19.0909,27.8571,4.0,0.0,1.196,0.745,-9.1056,-1.188
5227,4,11,193,19.0909,29.0476,3.72,0.0,1.016,0.723,-8.2786,-1.1695
5228,4,11,194,19.0909,30.2381,7.0,0.0,2.478,0.679,-7.6537,-1.1512
5229,4,11,195,19.0909,31.4286,7.0,0.0,2.815,0.7,-7.4869,-1.1334
5230,4,11,196,19.0909,32.619,7.0,0.0,3.119,0.722,-8.0607,-1.1161
5231,4,11,197,19.0909,33.8095,7.0,0.0,3.388,0.741,-8.7465,-1.11
5232,4,11,198,19.0909,35.0,7.0,0.116015,3.584,0.759,-9.493,-1.0929
5233,4,11,199,20.2273,10.0,6.4,1.419423,5.401,0.867,-10.338,-1.0878
5234,4,11,200,20.2273,11.1905,6.2,1.698787,5.205,0.872,-63.4536,-1.2687
5235,4,11,201,20.2273,12.381,5.96,1.958231,4.946,0.878,-35.8718,-1.2826
5236,4,11,202,20.2273,13.5714,5.76,1.947079,4.747,0.886,-33.2315,-1.289
5237,4,11,203,20.2273,14.7619,5.56,1.902739,4.617,0.893,-34.8164,-1.2912
5238,4,11,204,20.2273,15.9524,5.36,2.029346,4.523,0.896,-39.7735,-1.2925
5239,4,11,205,20.2273,17.1429,5.16,3.259361,4.414,0.898,-44.0088,-1.292
5240,4,11,206,20.2273,18.3333,5.04,3.011755,4.354,0.897,-31.0925,-1.318
5241,4,11,207,20.2273,19.5238,4.88,2.766831,4.165,0.894,-25.187,-1.3134
5242,4,11,208,20.2273,20.7143,4.76,2.509601,3.959,0.886,-20.9647,-1.2927
5243,4,11,209,20.2273,21.9048,4.64,2.225331,3.683,0.874,-17.8537,-1.2766
5244,4,11,210,20.2273,23.0952,4.52,1.880401,3.336,0.858,-15.4233,-1.2603
5245,4,11,211,20.2273,24.2857,4.4,1.44731,2.936,0.838,-13.4762,-1.2427
5246,4,11,212,20.2273,25.4762,4.28,0.856679,2.452,0.815,-11.9024,-1.2246
5247,4,11,213,20.2273,26.6667,4.08,0.8400000000000007,1.645,0.788,-10.6225,-1.2063
5248,4,11,214,20.2273,27.8571,3.84,0.0,1.256,0.766,-9.5924,-1.1878
5249,4,11,215,20.2273,29.0476,3.64,0.0,1.247,0.744,-8.7843,-1.1685
5250,4,11,216,20.2273,30.2381,3.48,0.0,1.17,0.722,-8.1416,-1.15
5251,4,11,217,20.2273,31.4286,7.0,0.0,2.849,0.688,-7.5955,-1.1331
5252,4,11,218,20.2273,32.619,7.0,0.0,3.141,0.71,-7.7536,-1.1161
5253,4,11,219,20.2273,33.8095,7.0,0.0,3.394,0.729,-8.3727,-1.1115
5254,4,11,220,20.2273,35.0,7.0,0.0,3.593,0.75,-9.0602,-1.1045
5255,4,11,221,21.3636,10.0,6.24,1.52252,5.452,0.867,-9.9405,-1.0865
5256,4,11,222,21.3636,11.1905,6.04,1.760735,5.285,0.872,-42.6379,-1.2935
5257,4,11,223,21.3636,12.381,5.84,2.005529,5.116,0.88,-32.9651,-1.3063
5258,4,11,224,21.3636,13.5714,5.64,1.910107,4.938,0.887,-29.62,-1.2989
5259,4,11,225,21.3636,14.7619,5.44,1.879486,4.777,0.893,-29.3196,-1.2994
5260,4,11,226,21.3636,15.9524,5.28,3.512931,4.681,0.895,-31.3586,-1.2989
5261,4,11,227,21.3636,17.1429,5.08,3.269778,4.516,0.9,-38.0258,-1.3495
5262,4,11,228,21.3636,18.3333,4.96,3.038787,4.399,0.9,-37.5995,-1.3395
5263,4,11,229,21.3636,19.5238,4.8,2.813532,4.149,0.898,-27.7705,-1.3193
5264,4,11,230,21.3636,20.7143,4.68,2.582905,3.903,0.891,-22.4667,-1.3009
5265,4,11,231,21.3636,21.9048,4.56,2.336546,3.592,0.88,-18.8451,-1.2822
5266,4,11,232,21.3636,23.0952,4.4,2.055131,3.109,0.867,-16.1991,-1.2639
5267,4,11,233,21.3636,24.2857,4.28,1.718809,2.654,0.849,-14.1441,-1.2448
5268,4,11,234,21.3636,25.4762,4.12,1.28136,2.003,0.827,-12.5146,-1.226
5269,4,11,235,21.3636,26.6667,3.92,0.54411,1.522,0.805,-11.2169,-1.2068
5270,4,11,236,21.3636,27.8571,3.72,0.5600000000000005,1.486,0.786,-10.1873,-1.1875
5271,4,11,237,21.3636,29.0476,3.56,0.0,1.45,0.765,-9.3592,-1.1822
5272,4,11,238,21.3636,30.2381,3.44,0.0,1.356,0.743,-8.6761,-1.1648
5273,4,11,239,21.3636,31.4286,3.36,0.0,1.244,0.721,-8.0844,-1.1475
5274,4,11,240,21.3636,32.619,7.0,0.0,3.153,0.696,-7.5568,-1.1304
5275,4,11,241,21.3636,33.8095,7.0,0.0,3.399,0.718,-7.9663,-1.1222
5276,4,11,242,21.3636,35.0,7.0,0.0,3.559,0.741,-8.6649,-1.1046
5277,4,11,243,22.5,10.0,6.08,1.64205,5.453,0.868,-9.591,-1.1098
5278,4,11,244,22.5,11.1905,5.92,1.850769,5.376,0.875,-41.6557,-1.3085
5279,4,11,245,22.5,12.381,5.72,2.078768,5.249,0.882,-32.6481,-1.3104
5280,4,11,246,22.5,13.5714,5.52,1.93582,5.073,0.887,-28.8703,-1.3112
5281,4,11,247,22.5,14.7619,5.36,1.90065,4.936,0.89,-27.6733,-1.3157
5282,4,11,248,22.5,15.9524,5.16,3.527239,4.739,0.896,-28.9407,-1.3091
5283,4,11,249,22.5,17.1429,5.0,3.287677,4.566,0.901,-33.1823,-1.3528
5284,4,11,250,22.5,18.3333,4.84,3.062133,4.327,0.903,-52.3246,-1.3479
5285,4,11,251,22.5,19.5238,4.72,2.844531,4.105,0.901,-30.6366,-1.326
5286,4,11,252,22.5,20.7143,4.56,2.62238,3.717,0.897,-23.9078,-1.3055
5287,4,11,253,22.5,21.9048,4.44,2.391843,3.369,0.888,-19.9293,-1.2862
5288,4,11,254,22.5,23.0952,4.28,2.13596,2.834,0.876,-17.0537,-1.2674
5289,4,11,255,22.5,24.2857,4.16,1.849686,2.345,0.858,-14.9231,-1.2477
5290,4,11,256,22.5,25.4762,4.0,1.507889,1.838,0.839,-13.2449,-1.2371
5291,4,11,257,22.5,26.6667,3.8,1.065102,1.684,0.823,-11.9129,-1.2201
5292,4,11,258,22.5,27.8571,3.64,1.080000000000001,1.694,0.805,-10.8554,-1.2031
5293,4,11,259,22.5,29.0476,3.52,0.0,1.632,0.784,-9.9903,-1.1854
5294,4,11,260,22.5,30.2381,3.4,0.0,1.524,0.763,-9.2486,-1.1677
5295,4,11,261,22.5,31.4286,3.32,0.0,1.41,0.742,-8.6003,-1.1503
5296,4,11,262,22.5,32.619,7.0,0.0,3.16,0.682,-8.0226,-1.1333
5297,4,11,263,22.5,33.8095,7.0,0.0,3.364,0.706,-7.5815,-1.1238
5298,4,11,264,22.5,35.0,7.0,0.0,3.537,0.733,-8.3095,-1.125
5299,4,11,265,23.6364,10.0,5.92,1.775672,5.491,0.873,-9.2643,-1.1099
5300,4,11,266,23.6364,11.1905,5.76,1.96161,5.463,0.88,-37.9678,-1.3268
5301,4,11,267,23.6364,12.381,5.6,2.174823,5.375,0.883,-37.2767,-1.3328
5302,4,11,268,23.6364,13.5714,5.44,2.418706,5.248,0.885,-30.1562,-1.3258
5303,4,11,269,23.6364,14.7619,5.24,1.974921,5.019,0.891,-28.048,-1.3241
5304,4,11,270,23.6364,15.9524,5.08,3.56788,4.833,0.896,-28.4272,-1.3184
5305,4,11,271,23.6364,17.1429,4.92,3.321192,4.578,0.901,-31.6591,-1.3529
5306,4,11,272,23.6364,18.3333,4.76,3.090795,4.296,0.905,-40.5628,-1.349
5307,4,11,273,23.6364,19.5238,4.6,2.868165,3.925,0.906,-33.7063,-1.3282
5308,4,11,274,23.6364,20.7143,4.44,2.642906,3.492,0.904,-25.8363,-1.3087
5309,4,11,275,23.6364,21.9048,4.32,2.413971,3.121,0.896,-21.2977,-1.2911
5310,4,11,276,23.6364,23.0952,4.16,2.173262,2.524,0.883,-18.1953,-1.2754
5311,4,11,277,23.6364,24.2857,4.0,1.916482,2.039,0.869,-15.8993,-1.2585
5312,4,11,278,23.6364,25.4762,3.84,1.631996,1.885,0.856,-14.1525,-1.2433
5313,4,11,279,23.6364,26.6667,3.72,1.299346,1.891,0.841,-12.7516,-1.2257
5314,4,11,280,23.6364,27.8571,3.56,0.861209,1.87,0.823,-11.6214,-1.2076
5315,4,11,281,23.6364,29.0476,3.44,0.8400000000000007,1.778,0.803,-10.6852,-1.1888
5316,4,11,282,23.6364,30.2381,3.36,0.0,1.675,0.782,-9.8734,-1.1705
5317,4,11,283,23.6364,31.4286,3.28,0.0,1.562,0.761,-9.1589,-1.1609
5318,4,11,284,23.6364,32.619,3.2,0.0,1.442,0.741,-8.5239,-1.1436
5319,4,11,285,23.6364,33.8095,7.0,0.0,3.31,0.696,-7.9617,-1.1416
5320,4,11,286,23.6364,35.0,7.0,0.0,3.543,0.726,-7.9766,-1.1247
5321,4,11,287,24.7727,10.0,5.76,1.921282,5.528,0.875,-8.9877,-1.1093
5322,4,11,288,24.7727,11.1905,5.64,2.088734,5.528,0.879,-31.0013,-1.3481
5323,4,11,289,24.7727,12.381,5.48,2.285747,5.472,0.884,-43.2219,-1.3476
5324,4,11,290,24.7727,13.5714,5.32,2.522278,5.342,0.886,-34.7869,-1.3427
5325,4,11,291,24.7727,14.7619,5.12,2.113968,5.064,0.892,-30.2454,-1.3359
5326,4,11,292,24.7727,15.9524,4.96,3.637472,4.794,0.897,-29.1412,-1.3299
5327,4,11,293,24.7727,17.1429,4.8,3.379944,4.484,0.903,-31.1911,-1.357
5328,4,11,294,24.7727,18.3333,4.64,3.132758,4.114,0.908,-37.9258,-1.346
5329,4,11,295,24.7727,19.5238,4.48,2.887145,3.701,0.911,-39.8523,-1.3328
5330,4,11,296,24.7727,20.7143,4.32,2.643694,3.246,0.909,-28.4506,-1.3113
5331,4,11,297,24.7727,21.9048,4.2,2.410465,2.821,0.901,-23.1102,-1.2941
5332,4,11,298,24.7727,23.0952,4.04,2.180262,2.301,0.891,-19.6246,-1.2843
5333,4,11,299,24.7727,24.2857,3.88,1.948213,2.071,0.882,-17.1345,-1.2696
5334,4,11,300,24.7727,25.4762,3.76,1.702029,2.065,0.871,-15.2021,-1.2508
5335,4,11,301,24.7727,26.6667,3.6,1.431005,2.07,0.857,-13.7046,-1.2313
5336,4,11,302,24.7727,27.8571,3.48,1.109825,1.999,0.839,-12.4834,-1.2116
5337,4,11,303,24.7727,29.0476,3.4,0.679798,1.91,0.819,-11.4342,-1.1999
5338,4,11,304,24.7727,30.2381,3.32,0.6800000000000006,1.81,0.8,-10.5337,-1.1825
5339,4,11,305,24.7727,31.4286,3.24,0.0,1.702,0.78,-9.7483,-1.1648
5340,4,11,306,24.7727,32.619,3.16,0.0,1.587,0.76,-9.0508,-1.1474
5341,4,11,307,24.7727,33.8095,3.12,0.0,1.475,0.739,-8.4338,-1.1426
5342,4,11,308,24.7727,35.0,7.0,0.0,3.563,0.724,-7.8796,-1.1256
5343,4,11,309,25.9091,10.0,5.6,2.071327,5.54,0.876,-8.8425,-1.1405
5344,4,11,310,25.9091,11.1905,5.48,2.223899,5.546,0.882,-26.0763,-1.3708
5345,4,11,311,25.9091,12.381,5.32,2.405541,5.48,0.886,-32.6564,-1.3675
5346,4,11,312,25.9091,13.5714,5.2,2.629955,5.371,0.887,-44.9131,-1.3599
5347,4,11,313,25.9091,14.7619,5.0,2.945738,5.025,0.892,-33.8802,-1.3503
5348,4,11,314,25.9091,15.9524,4.84,3.751214,4.693,0.898,-30.4204,-1.3436
5349,4,11,315,25.9091,17.1429,4.68,3.476177,4.302,0.906,-30.4446,-1.3354
5350,4,11,316,25.9091,18.3333,4.52,3.206206,3.891,0.912,-33.8817,-1.3528
5351,4,11,317,25.9091,19.5238,4.36,2.907126,3.47,0.915,-50.8651,-1.3422
5352,4,11,318,25.9091,20.7143,4.2,2.625671,2.951,0.913,-33.1154,-1.3199
5353,4,11,319,25.9091,21.9048,4.08,2.38765,2.555,0.906,-25.7734,-1.3022
5354,4,11,320,25.9091,23.0952,3.92,2.169396,2.256,0.901,-21.57,-1.2829
5355,4,11,321,25.9091,24.2857,3.8,1.958461,2.219,0.895,-18.6839,-1.2722
5356,4,11,322,25.9091,25.4762,3.64,1.741797,2.231,0.885,-16.5149,-1.2572
5357,4,11,323,25.9091,26.6667,3.52,1.511477,2.187,0.87,-14.8041,-1.2406
5358,4,11,324,25.9091,27.8571,3.44,1.252984,2.118,0.853,-13.4399,-1.2235
5359,4,11,325,25.9091,29.0476,3.32,0.944185,2.015,0.835,-12.2667,-1.2055
5360,4,11,326,25.9091,30.2381,3.24,0.521104,1.924,0.817,-11.2547,-1.187
5361,4,11,327,25.9091,31.4286,3.2,0.5200000000000005,1.839,0.798,-10.3776,-1.1792
5362,4,11,328,25.9091,32.619,3.12,0.0,1.72,0.778,-9.6091,-1.1624
5363,4,11,329,25.9091,33.8095,3.08,0.0,1.61,0.757,-8.933,-1.1443
5364,4,11,330,25.9091,35.0,7.0,0.0,3.478,0.721,-8.3266,-1.1274
5365,4,11,331,27.0455,10.0,5.4,2.221267,5.517,0.877,-8.7526,-1.1417
5366,4,11,332,27.0455,11.1905,5.28,2.359182,5.506,0.883,-22.4133,-1.3707
5367,4,11,333,27.0455,12.381,5.16,2.523614,5.406,0.885,-26.7991,-1.3756
5368,4,11,334,27.0455,13.5714,5.04,2.736749,5.24,0.888,-35.6218,-1.3868
5369,4,11,335,27.0455,14.7619,4.88,3.046024,4.912,0.892,-40.2119,-1.3667
5370,4,11,336,27.0455,15.9524,4.72,4.771325,4.5,0.901,-31.2382,-1.3574
5371,4,11,337,27.0455,17.1429,4.56,3.620605,4.087,0.91,-29.1506,-1.3479
5372,4,11,338,27.0455,18.3333,4.4,3.336022,3.672,0.915,-30.1322,-1.3396
5373,4,11,339,27.0455,19.5238,4.24,2.941409,3.186,0.917,-35.1176,-1.3532
5374,4,11,340,27.0455,20.7143,4.12,2.585387,2.803,0.915,-43.5514,-1.3354
5375,4,11,341,27.0455,21.9048,3.96,2.349386,2.438,0.913,-29.9554,-1.3022
5376,4,11,342,27.0455,23.0952,3.8,2.147797,2.346,0.913,-24.3175,-1.2882
5377,4,11,343,27.0455,24.2857,3.68,1.955755,2.36,0.907,-20.6569,-1.2747
5378,4,11,344,27.0455,25.4762,3.56,1.76181,2.341,0.896,-18.09,-1.2673
5379,4,11,345,27.0455,26.6667,3.44,1.560476,2.276,0.881,-16.1039,-1.2487
5380,4,11,346,27.0455,27.8571,3.36,1.341255,2.215,0.866,-14.4895,-1.2296
5381,4,11,347,27.0455,29.0476,3.28,1.093913,2.136,0.85,-13.1738,-1.2156
5382,4,11,348,27.0455,30.2381,3.2,0.797821,2.042,0.833,-12.0335,-1.1986
5383,4,11,349,27.0455,31.4286,3.16,0.347448,1.957,0.814,-11.0516,-1.1814
5384,4,11,350,27.0455,32.619,3.08,0.3200000000000003,1.838,0.795,-10.1943,-1.164
5385,4,11,351,27.0455,33.8095,3.04,0.0,1.734,0.774,-9.4521,-1.1468
5386,4,11,352,27.0455,35.0,7.0,0.0,3.447,0.722,-8.7964,-1.1579
5387,4,11,353,28.1818,10.0,5.16,2.364294,5.412,0.876,-8.7787,-1.143
5388,4,11,354,28.1818,11.1905,5.08,2.489225,5.354,0.881,-20.7143,-1.3799
5389,4,11,355,28.1818,12.381,5.0,2.63913,5.251,0.885,-24.9692,-1.3849
5390,4,11,356,28.1818,13.5714,4.88,2.839998,5.007,0.89,-32.8444,-1.3732
5391,4,11,357,28.1818,14.7619,4.76,3.13365,4.716,0.895,-41.3726,-1.3645
5392,4,11,358,28.1818,15.9524,4.6,4.828381,4.292,0.904,-30.0244,-1.3729
5393,4,11,359,28.1818,17.1429,4.44,4.74308,3.864,0.911,-27.1585,-1.3626
5394,4,11,360,28.1818,18.3333,4.28,3.524236,3.401,0.916,-26.9945,-1.3763
5395,4,11,361,28.1818,19.5238,4.16,3.124966,3.033,0.916,-29.0946,-1.3628
5396,4,11,362,28.1818,20.7143,4.0,2.522345,2.625,0.918,-36.0774,-1.3476
5397,4,11,363,28.1818,21.9048,3.84,2.304245,2.461,0.922,-39.9026,-1.3329
5398,4,11,364,28.1818,23.0952,3.72,2.118181,2.458,0.921,-28.3196,-1.2967
5399,4,11,365,28.1818,24.2857,3.6,1.944019,2.459,0.915,-23.2828,-1.285
5400,4,11,366,28.1818,25.4762,3.48,1.768416,2.425,0.904,-19.9902,-1.2709
5401,4,11,367,28.1818,26.6667,3.36,1.588763,2.356,0.892,-17.5863,-1.2553
5402,4,11,368,28.1818,27.8571,3.28,1.39722,2.291,0.878,-15.6919,-1.2385
5403,4,11,369,28.1818,29.0476,3.2,1.187453,2.212,0.864,-14.1423,-1.2204
5404,4,11,370,28.1818,30.2381,3.16,0.951482,2.143,0.847,-12.8576,-1.2023
5405,4,11,371,28.1818,31.4286,3.08,0.657081,2.036,0.829,-11.7587,-1.1845
5406,4,11,372,28.1818,32.619,3.04,0.6400000000000006,1.946,0.81,-10.8057,-1.1673
5407,4,11,373,28.1818,33.8095,3.0,0.0,1.848,0.79,-9.9927,-1.175
5408,4,11,374,28.1818,35.0,7.0,0.0,3.405,0.727,-9.2736,-1.1594
5409,4,11,375,29.3182,10.0,4.96,2.495417,5.174,0.876,-8.9111,-1.1505
5410,4,11,376,29.3182,11.1905,4.88,2.607396,5.042,0.884,-21.1769,-1.33
5411,4,11,377,29.3182,12.381,4.84,2.747453,4.996,0.888,-25.9566,-1.3977
5412,4,11,378,29.3182,13.5714,4.72,2.933788,4.695,0.895,-35.1849,-1.3815
5413,4,11,379,29.3182,14.7619,4.64,3.204126,4.505,0.897,-34.149,-1.3709
5414,4,11,380,29.3182,15.9524,4.48,4.881483,4.05,0.904,-27.3807,-1.3622
5415,4,11,381,29.3182,17.1429,4.36,4.735666,3.721,0.908,-24.7232,-1.3537
5416,4,11,382,29.3182,18.3333,4.2,3.934978,3.244,0.913,-24.3736,-1.367
5417,4,11,383,29.3182,19.5238,4.04,3.465878,2.811,0.918,-25.6093,-1.3557
5418,4,11,384,29.3182,20.7143,3.88,2.454362,2.579,0.924,-28.9598,-1.3436
5419,4,11,385,29.3182,21.9048,3.76,2.257244,2.548,0.927,-36.6936,-1.3211
5420,4,11,386,29.3182,23.0952,3.6,2.086272,2.541,0.926,-36.8703,-1.3093
5421,4,11,387,29.3182,24.2857,3.48,1.926249,2.519,0.92,-27.1048,-1.299
5422,4,11,388,29.3182,25.4762,3.4,1.766061,2.49,0.911,-22.4616,-1.2819
5423,4,11,389,29.3182,26.6667,3.28,1.603147,2.413,0.901,-19.3603,-1.2632
5424,4,11,390,29.3182,27.8571,3.24,1.432884,2.375,0.889,-17.0527,-1.2439
5425,4,11,391,29.3182,29.0476,3.16,1.249518,2.295,0.876,-15.2181,-1.224
5426,4,11,392,29.3182,30.2381,3.08,1.049712,2.21,0.86,-13.7422,-1.2051
5427,4,11,393,29.3182,31.4286,3.04,0.818246,2.138,0.843,-12.5126,-1.2101
5428,4,11,394,29.3182,32.619,3.0,0.516313,2.054,0.825,-11.4574,-1.194
5429,4,11,395,29.3182,33.8095,2.96,0.5200000000000005,1.959,0.806,-10.5539,-1.1769
5430,4,11,396,29.3182,35.0,7.0,0.0,3.339,0.733,-9.7671,-1.1615
5431,4,11,397,30.4545,10.0,4.8,2.615656,4.881,0.88,-9.1432,-1.1532
5432,4,11,398,30.4545,11.1905,4.72,2.716957,4.7,0.888,-23.2033,-1.3456
5433,4,11,399,30.4545,12.381,4.68,2.846756,4.646,0.892,-28.8912,-1.4076
5434,4,11,400,30.4545,13.5714,4.6,3.018015,4.442,0.895,-53.2909,-1.3869
5435,4,11,401,30.4545,14.7619,4.52,3.267784,4.233,0.895,-29.9092,-1.3799
5436,4,11,402,30.4545,15.9524,4.4,4.928019,3.895,0.9,-24.9502,-1.4107
5437,4,11,403,30.4545,17.1429,4.24,4.714355,3.433,0.907,-22.6945,-1.3964
5438,4,11,404,30.4545,18.3333,4.12,4.439648,3.12,0.911,-22.1136,-1.3895
5439,4,11,405,30.4545,19.5238,3.96,2.637825,2.782,0.919,-22.7301,-1.3756
5440,4,11,406,30.4545,20.7143,3.8,2.385603,2.641,0.927,-24.741,-1.339
5441,4,11,407,30.4545,21.9048,3.68,2.210296,2.639,0.93,-28.9487,-1.3296
5442,4,11,408,30.4545,23.0952,3.52,2.052362,2.605,0.929,-39.0045,-1.3304
5443,4,11,409,30.4545,24.2857,3.4,1.90334,2.564,0.924,-34.015,-1.3113
5444,4,11,410,30.4545,25.4762,3.32,1.756075,2.529,0.918,-25.8449,-1.2899
5445,4,11,411,30.4545,26.6667,3.24,1.606966,2.482,0.91,-21.4995,-1.2678
5446,4,11,412,30.4545,27.8571,3.16,1.452316,2.425,0.899,-18.5884,-1.2465
5447,4,11,413,30.4545,29.0476,3.08,1.28897,2.355,0.887,-16.4153,-1.2259
5448,4,11,414,30.4545,30.2381,3.04,1.115067,2.3,0.872,-14.677,-1.2289
5449,4,11,415,30.4545,31.4286,3.0,0.920986,2.231,0.856,-13.2963,-1.2131
5450,4,11,416,30.4545,32.619,2.92,0.691111,2.117,0.839,-12.125,-1.1968
5451,4,11,417,30.4545,33.8095,2.88,0.34912,2.023,0.821,-11.129,-1.1795
5452,4,11,418,30.4545,35.0,2.84,0.3600000000000003,1.92,0.802,-10.2731,-1.1652
5453,4,11,419,31.5909,10.0,4.64,2.724944,4.509,0.885,-9.5373,-1.1538
5454,4,11,420,31.5909,11.1905,4.6,2.8178,4.439,0.889,-27.172,-1.3577
5455,4,11,421,31.5909,12.381,4.56,2.936563,4.37,0.89,-36.8419,-1.4213
5456,4,11,422,31.5909,13.5714,4.48,3.093419,4.158,0.892,-33.8832,-1.3947
5457,4,11,423,31.5909,14.7619,4.4,3.317365,3.957,0.894,-25.9369,-1.3913
5458,4,11,424,31.5909,15.9524,4.28,4.862027,3.63,0.9,-22.6429,-1.4261
5459,4,11,425,31.5909,17.1429,4.16,4.665752,3.311,0.903,-20.8425,-1.4108
5460,4,11,426,31.5909,18.3333,4.0,4.440424,2.941,0.911,-20.2076,-1.3958
5461,4,11,427,31.5909,19.5238,3.88,2.520017,2.788,0.918,-20.5657,-1.3811
5462,4,11,428,31.5909,20.7143,3.72,2.323608,2.705,0.928,-21.9327,-1.3678
5463,4,11,429,31.5909,21.9048,3.56,2.163145,2.666,0.931,-24.5321,-1.3663
5464,4,11,430,31.5909,23.0952,3.44,2.01759,2.634,0.93,-29.4159,-1.3417
5465,4,11,431,31.5909,24.2857,3.32,1.878414,2.586,0.928,-47.4712,-1.3156
5466,4,11,432,31.5909,25.4762,3.24,1.740199,2.56,0.924,-31.2032,-1.2908
5467,4,11,433,31.5909,26.6667,3.16,1.602641,2.523,0.917,-24.2694,-1.2673
5468,4,11,434,31.5909,27.8571,3.08,1.461253,2.471,0.908,-20.3919,-1.2461
5469,4,11,435,31.5909,29.0476,3.04,1.313698,2.431,0.896,-17.7255,-1.2487
5470,4,11,436,31.5909,30.2381,2.96,1.159137,2.344,0.883,-15.7078,-1.2308
5471,4,11,437,31.5909,31.4286,2.92,0.990296,2.274,0.868,-14.1164,-1.2142
5472,4,11,438,31.5909,32.619,2.88,0.800666,2.195,0.852,-12.8048,-1.1987
5473,4,11,439,31.5909,33.8095,2.84,0.560523,2.104,0.834,-11.73,-1.1847
5474,4,11,440,31.5909,35.0,2.8,0.067839,2.004,0.816,-10.7978,-1.1719
5475,4,11,441,32.7273,10.0,4.52,2.824894,4.228,0.882,-10.0134,-1.193
5476,4,11,442,32.7273,11.1905,4.48,2.909832,4.163,0.886,-33.6909,-1.437
5477,4,11,443,32.7273,12.381,6.72,3.017865,4.944,0.849,-35.2192,-1.4168
5478,4,11,444,32.7273,13.5714,6.56,3.159992,4.91,0.842,-56.5512,-1.4071
5479,4,11,445,32.7273,14.7619,4.32,3.280857,3.818,0.891,-26.1395,-1.3985
5480,4,11,446,32.7273,15.9524,4.2,4.788029,3.493,0.895,-20.633,-1.3911
5481,4,11,447,32.7273,17.1429,4.08,4.607284,3.202,0.899,-19.2369,-1.4214
5482,4,11,448,32.7273,18.3333,3.92,4.408473,2.908,0.909,-18.6212,-1.3986
5483,4,11,449,32.7273,19.5238,3.8,2.435239,2.811,0.917,-18.7955,-1.3753
5484,4,11,450,32.7273,20.7143,3.64,2.263393,2.753,0.926,-19.7736,-1.3681
5485,4,11,451,32.7273,21.9048,3.48,2.117649,2.685,0.93,-21.6274,-1.3676
5486,4,11,452,32.7273,23.0952,3.36,1.981092,2.648,0.932,-24.821,-1.3507
5487,4,11,453,32.7273,24.2857,3.24,1.850213,2.611,0.932,-31.1475,-1.3309
5488,4,11,454,32.7273,25.4762,3.16,1.720479,2.591,0.929,-45.4905,-1.3107
5489,4,11,455,32.7273,26.6667,3.08,1.592324,2.553,0.923,-27.9959,-1.2627
5490,4,11,456,32.7273,27.8571,3.0,1.46211,2.497,0.915,-22.5215,-1.27
5491,4,11,457,32.7273,29.0476,2.96,1.326941,2.458,0.905,-19.161,-1.2493
5492,4,11,458,32.7273,30.2381,2.92,1.187593,2.404,0.893,-16.7926,-1.2323
5493,4,11,459,32.7273,31.4286,2.88,1.038007,2.338,0.879,-14.9857,-1.2172
5494,4,11,460,32.7273,32.619,2.84,0.871006,2.26,0.863,-13.5269,-1.2038
5495,4,11,461,32.7273,33.8095,2.8,0.676976,2.173,0.847,-12.3491,-1.2248
5496,4,11,462,32.7273,35.0,2.76,0.416212,2.077,0.83,-11.3424,-1.2117
5497,4,11,463,33.8636,10.0,4.44,0.972403,4.058,0.879,-10.4819,-1.1987
5498,4,11,464,33.8636,11.1905,4.4,2.993906,3.992,0.883,-34.6218,-1.456
5499,4,11,465,33.8636,12.381,6.6,3.092497,5.059,0.836,-29.2165,-1.4565
5500,4,11,466,33.8636,13.5714,6.44,3.175199,5.001,0.844,-31.6297,-1.4205
5501,4,11,467,33.8636,14.7619,6.28,3.193175,4.944,0.852,-32.1356,-1.4793
5502,4,11,468,33.8636,15.9524,6.12,3.386577,4.892,0.85,-22.6043,-1.4578
5503,4,11,469,33.8636,17.1429,4.0,4.544087,3.115,0.895,-18.0526,-1.4157
5504,4,11,470,33.8636,18.3333,3.84,2.556613,2.917,0.906,-17.3204,-1.4047
5505,4,11,471,33.8636,19.5238,3.72,2.364662,2.874,0.915,-17.3564,-1.3912
5506,4,11,472,33.8636,20.7143,3.56,2.208384,2.794,0.923,-18.0881,-1.4045
5507,4,11,473,33.8636,21.9048,3.4,2.071855,2.704,0.929,-19.5144,-1.3825
5508,4,11,474,33.8636,23.0952,3.28,1.94354,2.667,0.933,-21.907,-1.3671
5509,4,11,475,33.8636,24.2857,3.16,1.820122,2.626,0.934,-26.0252,-1.3533
5510,4,11,476,33.8636,25.4762,3.04,1.698164,2.569,0.933,-35.7931,-1.3475
5511,4,11,477,33.8636,26.6667,3.0,1.577179,2.563,0.928,-33.6493,-1.3367
5512,4,11,478,33.8636,27.8571,2.96,1.455644,2.539,0.921,-24.995,-1.3245
5513,4,11,479,33.8636,29.0476,2.88,1.331937,2.467,0.912,-20.729,-1.2497
5514,4,11,480,33.8636,30.2381,2.84,1.203714,2.417,0.902,-17.9358,-1.2996
5515,4,11,481,33.8636,31.4286,2.8,1.068327,2.356,0.889,-15.892,-1.2869
5516,4,11,482,33.8636,32.619,2.8,0.92225,2.321,0.874,-14.2641,-1.2428
5517,4,11,483,33.8636,33.8095,2.76,0.756104,2.242,0.859,-12.9535,-1.2289
5518,4,11,484,33.8636,35.0,2.72,0.553986,2.151,0.842,-11.8667,-1.2172
5519,4,11,485,35.0,10.0,4.32,0.761544,3.727,0.881,-10.948,-1.2064
5520,4,11,486,35.0,11.1905,4.28,0.884873,3.69,0.884,-30.1643,-1.4608
5521,4,11,487,35.0,12.381,6.44,3.159965,5.06,0.839,-24.8189,-1.4341
5522,4,11,488,35.0,13.5714,6.28,3.098544,5.01,0.856,-26.0893,-1.4283
5523,4,11,489,35.0,14.7619,6.16,3.097072,5.01,0.861,-39.0537,-1.4207
5524,4,11,490,35.0,15.9524,6.0,3.224158,4.952,0.86,-26.7174,-1.4693
5525,4,11,491,35.0,17.1429,5.72,1.700134,4.905,0.856,-20.4692,-1.4214
5526,4,11,492,35.0,18.3333,5.52,1.446159,4.927,0.853,-17.7305,-1.4089
5527,4,11,493,35.0,19.5238,3.64,2.298896,2.91,0.91,-16.2281,-1.4031
5528,4,11,494,35.0,20.7143,3.48,2.156315,2.799,0.92,-16.6905,-1.3967
5529,4,11,495,35.0,21.9048,3.32,2.026176,2.704,0.928,-17.8222,-1.3962
5530,4,11,496,35.0,23.0952,3.16,1.904785,2.628,0.933,-19.7559,-1.3812
5531,4,11,497,35.0,24.2857,3.04,1.787944,2.584,0.935,-22.9984,-1.3715
5532,4,11,498,35.0,25.4762,2.96,1.672843,2.559,0.935,-29.0836,-1.3605
5533,4,11,499,35.0,26.6667,2.92,1.558232,2.555,0.932,-52.7103,-1.3484
5534,4,11,500,35.0,27.8571,2.88,1.446298,2.539,0.927,-28.2558,-1.2716
5535,4,11,501,35.0,29.0476,2.84,1.331018,2.51,0.919,-22.522,-1.3216
5536,4,11,502,35.0,30.2381,2.8,1.212688,2.469,0.91,-19.1601,-1.308
5537,4,11,503,35.0,31.4286,2.76,1.088936,2.414,0.898,-16.8065,-1.2608
5538,4,11,504,35.0,32.619,2.72,0.957662,2.345,0.884,-15.0093,-1.2487
5539,4,11,505,35.0,33.8095,2.72,0.811357,2.301,0.869,-13.5795,-1.2367
5540,4,11,506,35.0,35.0,2.68,0.642511,2.209,0.853,-12.3867,-1.2266
5541,4,12,1,10.0,10.0,3.4,0.534957,0.843,0.814,-7.6318,-1.3279
5542,4,12,2,11.1364,10.0,3.24,0.462832,0.931,0.812,-11.7077,-1.3794
5543,4,12,3,12.2727,10.0,3.12,0.407796,0.986,0.812,-11.4117,-1.3936
5544,4,12,4,13.4091,10.0,2.96,0.362371,1.068,0.815,-11.204,-1.3882
5545,4,12,5,14.5455,10.0,2.84,0.324744,1.116,0.815,-11.0437,-1.3769
5546,4,12,6,15.6818,10.0,2.76,0.2925,1.123,0.81,-10.9222,-1.3561
5547,4,12,7,16.8182,10.0,2.64,0.265767,1.126,0.81,-10.8273,-1.3388
5548,4,12,8,17.9545,10.0,2.56,0.242291,1.15,0.813,-10.7607,-1.3206
5549,4,12,9,19.0909,10.0,2.44,0.221694,1.171,0.817,-10.6896,-1.3008
5550,4,12,10,20.2273,10.0,2.36,0.20624,1.169,0.821,-10.6356,-1.2848
5551,4,12,11,21.3636,10.0,2.28,0.192,1.148,0.821,-10.604,-1.2743
5552,4,12,12,22.5,10.0,2.24,0.179852,1.143,0.813,-10.5728,-1.2706
5553,4,12,13,23.6364,10.0,2.16,0.171741,1.148,0.806,-10.5574,-1.2759
5554,4,12,14,24.7727,10.0,2.08,0.161991,1.139,0.809,-10.57,-1.2889
5555,4,12,15,25.9091,10.0,2.04,0.161956,1.088,0.807,-10.5488,-1.3252
5556,4,12,16,27.0455,10.0,4.92,0.206275,4.522,0.791,-10.5959,-1.3221
5557,4,12,17,28.1818,10.0,4.76,0.262206,4.086,0.793,-10.7661,-1.3656
5558,4,12,18,29.3182,10.0,4.6,0.288991,3.75,0.817,-11.8679,-1.3794
5559,4,12,19,30.4545,10.0,4.48,0.304327,3.376,0.809,-13.1699,-1.4042
5560,4,12,20,31.5909,10.0,4.4,0.311266,3.202,0.819,-14.7305,-1.4327
5561,4,12,21,32.7273,10.0,7.0,0.216958,4.075,0.776,-16.3725,-1.4621
5562,4,12,22,33.8636,10.0,6.96,0.375138,4.036,0.802,-19.312,-1.4886
5563,4,12,23,35.0,10.0,6.76,0.526109,4.013,0.786,-30.4212,-1.5129
5564,4,12,24,10.0,11.1905,3.36,0.386981,0.791,0.798,-29.9395,-1.5403
5565,4,12,25,11.1364,11.1905,3.2,0.322053,0.874,0.798,-10.8146,-1.3717
5566,4,12,26,12.2727,11.1905,3.08,0.273935,0.937,0.799,-10.6355,-1.3822
5567,4,12,27,13.4091,11.1905,2.92,0.2358,1.02,0.803,-10.5083,-1.3762
5568,4,12,28,14.5455,11.1905,2.84,0.20697,1.053,0.801,-10.4117,-1.3638
5569,4,12,29,15.6818,11.1905,2.72,0.18185,1.06,0.798,-10.3523,-1.3483
5570,4,12,30,16.8182,11.1905,2.6,0.160705,1.076,0.802,-10.3131,-1.3285
5571,4,12,31,17.9545,11.1905,2.52,0.144391,1.109,0.806,-10.2683,-1.3088
5572,4,12,32,19.0909,11.1905,2.44,0.129748,1.125,0.807,-10.2455,-1.2933
5573,4,12,33,20.2273,11.1905,2.36,0.120677,1.124,0.814,-10.2261,-1.2807
5574,4,12,34,21.3636,11.1905,2.28,0.114531,1.105,0.813,-10.2185,-1.2735
5575,4,12,35,22.5,11.1905,2.2,0.112276,1.087,0.799,-10.2209,-1.2732
5576,4,12,36,23.6364,11.1905,2.16,0.112482,1.112,0.798,-10.2236,-1.2811
5577,4,12,37,24.7727,11.1905,2.08,0.109449,1.106,0.807,-10.2233,-1.2899
5578,4,12,38,25.9091,11.1905,2.04,0.109497,1.044,0.8,-10.2656,-1.322
5579,4,12,39,27.0455,11.1905,4.84,0.154022,4.16,0.777,-10.261,-1.3502
5580,4,12,40,28.1818,11.1905,4.68,0.222039,3.768,0.792,-10.5723,-1.3594
5581,4,12,41,29.3182,11.1905,4.56,0.255238,3.59,0.806,-11.6199,-1.3793
5582,4,12,42,30.4545,11.1905,4.44,0.275002,3.173,0.8,-12.9233,-1.4046
5583,4,12,43,31.5909,11.1905,4.32,0.284737,2.939,0.828,-14.3561,-1.4273
5584,4,12,44,32.7273,11.1905,7.0,0.309346,3.734,0.791,-15.7844,-1.4601
5585,4,12,45,33.8636,11.1905,6.84,0.461913,3.662,0.793,-25.2781,-1.4975
5586,4,12,46,35.0,11.1905,6.68,0.608533,3.767,0.779,-25.93,-1.5269
5587,4,12,47,10.0,12.381,3.32,0.044852,0.72,0.78,-26.2087,-1.5492
5588,4,12,48,11.1364,12.381,3.16,0.08,0.805,0.782,-10.0052,-1.3698
5589,4,12,49,12.2727,12.381,3.04,0.0,0.88,0.785,-9.9169,-1.3735
5590,4,12,50,13.4091,12.381,2.92,0.0,0.949,0.788,-9.8521,-1.3618
5591,4,12,51,14.5455,12.381,2.8,0.0,0.985,0.787,-9.8125,-1.3505
5592,4,12,52,15.6818,12.381,2.68,0.0,0.995,0.787,-9.801,-1.3366
5593,4,12,53,16.8182,12.381,2.6,0.0,1.023,0.791,-9.796,-1.3195
5594,4,12,54,17.9545,12.381,2.48,0.0,1.055,0.794,-9.7898,-1.3018
5595,4,12,55,19.0909,12.381,2.4,0.0,1.067,0.799,-9.7898,-1.2837
5596,4,12,56,20.2273,12.381,2.32,0.0,1.064,0.807,-9.8049,-1.2703
5597,4,12,57,21.3636,12.381,2.28,0.0,1.049,0.799,-9.8063,-1.2877
5598,4,12,58,22.5,12.381,2.2,0.0,1.042,0.786,-9.8164,-1.291
5599,4,12,59,23.6364,12.381,2.12,0.0,1.076,0.793,-9.8729,-1.2814
5600,4,12,60,24.7727,12.381,2.08,0.0,1.071,0.805,-9.9051,-1.3121
5601,4,12,61,25.9091,12.381,2.0,0.0,0.96,0.787,-9.9372,-1.3334
5602,4,12,62,27.0455,12.381,4.76,0.092258,3.756,0.76,-9.9658,-1.3514
5603,4,12,63,28.1818,12.381,4.64,0.180685,3.675,0.789,-10.2652,-1.3772
5604,4,12,64,29.3182,12.381,4.52,0.221123,3.387,0.786,-11.2866,-1.3925
5605,4,12,65,30.4545,12.381,4.4,0.244686,3.007,0.795,-12.418,-1.401
5606,4,12,66,31.5909,12.381,7.0,0.246966,3.373,0.775,-13.7594,-1.395
5607,4,12,67,32.7273,12.381,6.92,0.402903,3.286,0.795,-19.4432,-1.4136
5608,4,12,68,33.8636,12.381,6.76,0.550206,3.301,0.779,-23.7738,-1.4463
5609,4,12,69,35.0,12.381,6.6,0.693274,3.612,0.783,-23.8543,-1.5323
5610,4,12,70,10.0,13.5714,3.24,1.080000000000001,0.663,0.763,-24.0881,-1.5701
5611,4,12,71,11.1364,13.5714,3.12,0.0,0.735,0.766,-9.298,-1.3586
5612,4,12,72,12.2727,13.5714,3.0,0.0,0.814,0.77,-9.2679,-1.3598
5613,4,12,73,13.4091,13.5714,2.88,0.0,0.879,0.773,-9.2556,-1.3499
5614,4,12,74,14.5455,13.5714,2.76,0.0,0.909,0.772,-9.2632,-1.3385
5615,4,12,75,15.6818,13.5714,2.64,0.0,0.931,0.776,-9.2849,-1.3202
5616,4,12,76,16.8182,13.5714,2.56,0.0,0.97,0.781,-9.3067,-1.3059
5617,4,12,77,17.9545,13.5714,2.48,0.0,0.993,0.781,-9.3418,-1.2908
5618,4,12,78,19.0909,13.5714,2.4,0.0,1.014,0.791,-9.3711,-1.2755
5619,4,12,79,20.2273,13.5714,2.32,0.0,1.011,0.798,-9.4031,-1.2667
5620,4,12,80,21.3636,13.5714,2.24,0.0,0.981,0.781,-9.4277,-1.2982
5621,4,12,81,22.5,13.5714,2.16,0.0,0.983,0.773,-9.5003,-1.2548
5622,4,12,82,23.6364,13.5714,2.12,0.0,1.048,0.794,-9.527,-1.2992
5623,4,12,83,24.7727,13.5714,2.04,0.0,1.019,0.8,-9.5881,-1.3207
5624,4,12,84,25.9091,13.5714,2.0,0.0,0.87,0.769,-9.6243,-1.3331
5625,4,12,85,27.0455,13.5714,4.68,0.0,3.411,0.754,-9.7254,-1.3856
5626,4,12,86,28.1818,13.5714,4.56,0.130987,3.331,0.775,-9.8113,-1.3846
5627,4,12,87,29.3182,13.5714,4.44,0.183211,2.952,0.765,-10.8008,-1.3924
5628,4,12,88,30.4545,13.5714,7.0,0.182438,2.947,0.754,-11.8662,-1.4193
5629,4,12,89,31.5909,13.5714,7.0,0.342564,3.001,0.791,-15.6514,-1.4202
5630,4,12,90,32.7273,13.5714,6.84,0.493797,2.927,0.788,-23.1307,-1.4201
5631,4,12,91,33.8636,13.5714,6.68,0.638232,3.108,0.775,-22.6981,-1.4237
5632,4,12,92,35.0,13.5714,6.52,0.778902,3.44,0.786,-22.6304,-1.4633
5633,4,12,93,10.0,14.7619,3.2,1.120000000000001,0.575,0.745,-22.8277,-1.5142
5634,4,12,94,11.1364,14.7619,3.08,0.0,0.658,0.749,-8.6612,-1.3448
5635,4,12,95,12.2727,14.7619,2.92,0.0,0.755,0.755,-8.6749,-1.3402
5636,4,12,96,13.4091,14.7619,2.84,0.0,0.799,0.756,-8.7064,-1.3337
5637,4,12,97,14.5455,14.7619,2.72,0.0,0.829,0.758,-8.7499,-1.3227
5638,4,12,98,15.6818,14.7619,2.64,0.0,0.862,0.763,-8.8016,-1.3062
5639,4,12,99,16.8182,14.7619,2.52,0.0,0.903,0.767,-8.8453,-1.2922
5640,4,12,100,17.9545,14.7619,2.44,0.0,0.927,0.771,-8.9072,-1.2793
5641,4,12,101,19.0909,14.7619,2.36,0.0,0.958,0.788,-8.9646,-1.2669
5642,4,12,102,20.2273,14.7619,2.28,0.0,0.934,0.781,-9.03,-1.2439
5643,4,12,103,21.3636,14.7619,2.24,0.0,0.908,0.761,-9.0834,-1.2578
5644,4,12,104,22.5,14.7619,2.16,0.0,0.955,0.77,-9.1328,-1.2914
5645,4,12,105,23.6364,14.7619,2.08,0.0,1.009,0.799,-9.2114,-1.3101
5646,4,12,106,24.7727,14.7619,2.04,0.0,0.957,0.787,-9.26,-1.3186
5647,4,12,107,25.9091,14.7619,2.0,0.0,0.747,0.746,-9.3726,-1.3737
5648,4,12,108,27.0455,14.7619,1.92,0.0,0.688,0.733,-9.4211,-1.3819
5649,4,12,109,28.1818,14.7619,4.48,0.053537,2.89,0.739,-9.4827,-1.3957
5650,4,12,110,29.3182,14.7619,7.0,0.112762,2.521,0.729,-10.1159,-1.393
5651,4,12,111,30.4545,14.7619,7.0,0.277261,2.706,0.779,-12.9398,-1.4173
5652,4,12,112,31.5909,14.7619,6.92,0.432645,2.656,0.796,-19.8952,-1.4418
5653,4,12,113,32.7273,14.7619,6.76,0.581029,2.668,0.779,-22.5308,-1.4533
5654,4,12,114,33.8636,14.7619,6.6,0.723393,2.976,0.777,-22.232,-1.4627
5655,4,12,115,35.0,14.7619,6.44,0.815953,3.327,0.797,-22.2358,-1.4779
5656,4,12,116,10.0,15.9524,3.16,1.080000000000001,0.481,0.725,-22.4891,-1.5075
5657,4,12,117,11.1364,15.9524,3.0,0.0,0.589,0.732,-8.0827,-1.3412
5658,4,12,118,12.2727,15.9524,2.88,0.0,0.669,0.738,-8.1354,-1.3382
5659,4,12,119,13.4091,15.9524,2.8,0.0,0.709,0.739,-8.1941,-1.3211
5660,4,12,120,14.5455,15.9524,2.68,0.0,0.748,0.745,-8.265,-1.3141
5661,4,12,121,15.6818,15.9524,2.6,0.0,0.791,0.75,-8.3444,-1.3036
5662,4,12,122,16.8182,15.9524,2.52,0.0,0.82,0.75,-8.4166,-1.2889
5663,4,12,123,17.9545,15.9524,2.4,0.0,0.865,0.766,-8.4843,-1.2768
5664,4,12,124,19.0909,15.9524,2.36,0.0,0.887,0.775,-8.5655,-1.255
5665,4,12,125,20.2273,15.9524,2.28,0.0,0.84,0.757,-8.6396,-1.3084
5666,4,12,126,21.3636,15.9524,2.2,0.0,0.83,0.746,-8.7213,-1.3065
5667,4,12,127,22.5,15.9524,2.16,0.0,0.929,0.773,-8.8025,-1.3049
5668,4,12,128,23.6364,15.9524,2.08,0.0,0.983,0.796,-8.8687,-1.3335
5669,4,12,129,24.7727,15.9524,2.04,0.0,0.84,0.763,-8.9817,-1.3648
5670,4,12,130,25.9091,15.9524,1.96,0.0,0.586,0.716,-9.0298,-1.3618
5671,4,12,131,27.0455,15.9524,1.92,0.0,0.727,0.737,-9.1138,-1.3569
5672,4,12,132,28.1818,15.9524,7.0,0.031233,2.046,0.695,-9.2044,-1.3676
5673,4,12,133,29.3182,15.9524,7.0,0.20205,2.443,0.763,-10.6967,-1.3719
5674,4,12,134,30.4545,15.9524,7.0,0.362861,2.526,0.793,-16.1819,-1.3954
5675,4,12,135,31.5909,15.9524,6.84,0.516174,2.388,0.788,-22.2677,-1.4231
5676,4,12,136,32.7273,15.9524,6.68,0.663417,2.57,0.772,-22.0673,-1.4511
5677,4,12,137,33.8636,15.9524,6.52,0.80425,2.96,0.788,-21.8374,-1.4697
5678,4,12,138,35.0,15.9524,6.36,0.810871,3.141,0.802,-21.9237,-1.4826
5679,4,12,139,10.0,17.1429,3.08,1.0000000000000009,0.401,0.707,-22.2612,-1.5023
5680,4,12,140,11.1364,17.1429,2.96,0.0,0.5,0.714,-7.5665,-1.3277
5681,4,12,141,12.2727,17.1429,2.84,0.0,0.574,0.719,-7.6509,-1.3218
5682,4,12,142,13.4091,17.1429,2.76,0.0,0.617,0.723,-7.733,-1.3079
5683,4,12,143,14.5455,17.1429,2.64,0.0,0.668,0.731,-7.8253,-1.3019
5684,4,12,144,15.6818,17.1429,2.56,0.0,0.709,0.733,-7.922,-1.2925
5685,4,12,145,16.8182,17.1429,2.48,0.0,0.746,0.739,-8.0011,-1.2874
5686,4,12,146,17.9545,17.1429,2.4,0.0,0.802,0.758,-8.1126,-1.2596
5687,4,12,147,19.0909,17.1429,2.32,0.0,0.789,0.755,-8.2073,-1.2999
5688,4,12,148,20.2273,17.1429,2.24,0.0,0.738,0.732,-8.2991,-1.3008
5689,4,12,149,21.3636,17.1429,2.2,0.0,0.807,0.745,-8.3899,-1.3019
5690,4,12,150,22.5,17.1429,2.12,0.0,0.929,0.785,-8.4916,-1.348
5691,4,12,151,23.6364,17.1429,2.08,0.0,0.907,0.779,-8.5932,-1.3462
5692,4,12,152,24.7727,17.1429,2.0,0.0,0.62,0.722,-8.6574,-1.3514
5693,4,12,153,25.9091,17.1429,1.96,0.0,0.522,0.702,-8.772,-1.3819
5694,4,12,154,27.0455,17.1429,1.92,0.0,0.822,0.754,-8.8638,-1.3934
5695,4,12,155,28.1818,17.1429,7.0,0.120243,2.134,0.735,-8.9445,-1.3907
5696,4,12,156,29.3182,17.1429,7.0,0.287794,2.385,0.783,-13.0443,-1.394
5697,4,12,157,30.4545,17.1429,6.92,0.444973,2.277,0.797,-19.1674,-1.3977
5698,4,12,158,31.5909,17.1429,6.76,0.596532,2.303,0.778,-21.7332,-1.4162
5699,4,12,159,32.7273,17.1429,6.6,0.741402,2.61,0.779,-21.5096,-1.429
5700,4,12,160,33.8636,17.1429,6.44,0.855681,2.894,0.799,-21.4051,-1.4723
5701,4,12,161,35.0,17.1429,6.32,0.808332,3.012,0.81,-21.7802,-1.5316
5702,4,12,162,10.0,18.3333,3.04,1.0000000000000009,0.3,0.686,-22.5128,-1.5563
5703,4,12,163,11.1364,18.3333,2.92,0.0,0.399,0.694,-7.0972,-1.3095
5704,4,12,164,12.2727,18.3333,2.8,0.0,0.469,0.701,-7.2004,-1.309
5705,4,12,165,13.4091,18.3333,2.72,0.0,0.521,0.706,-7.3047,-1.3064
5706,4,12,166,14.5455,18.3333,2.6,0.0,0.577,0.714,-7.414,-1.2996
5707,4,12,167,15.6818,18.3333,2.52,0.0,0.619,0.717,-7.5229,-1.2899
5708,4,12,168,16.8182,18.3333,2.44,0.0,0.68,0.733,-7.6321,-1.2792
5709,4,12,169,17.9545,18.3333,2.36,0.0,0.714,0.744,-7.7438,-1.2763
5710,4,12,170,19.0909,18.3333,2.28,0.0,0.663,0.726,-7.8522,-1.3016
5711,4,12,171,20.2273,18.3333,2.24,0.0,0.674,0.721,-7.9563,-1.3085
5712,4,12,172,21.3636,18.3333,2.16,0.0,0.803,0.757,-8.0752,-1.3456
5713,4,12,173,22.5,18.3333,2.12,0.0,0.886,0.778,-8.1802,-1.3441
5714,4,12,174,23.6364,18.3333,2.04,0.0,0.702,0.738,-8.2657,-1.359
5715,4,12,175,24.7727,18.3333,2.0,0.0,0.45,0.69,-8.3833,-1.3764
5716,4,12,176,25.9091,18.3333,1.96,0.0,0.54,0.702,-8.4946,-1.3569
5717,4,12,177,27.0455,18.3333,7.0,0.022898,1.749,0.694,-8.5886,-1.3705
5718,4,12,178,28.1818,18.3333,7.0,0.199058,2.217,0.764,-10.4588,-1.3917
5719,4,12,179,29.3182,18.3333,7.0,0.365225,2.208,0.794,-15.2738,-1.4195
5720,4,12,180,30.4545,18.3333,6.88,0.521298,2.111,0.793,-22.1086,-1.4289
5721,4,12,181,31.5909,18.3333,6.68,0.67044,2.311,0.774,-21.9084,-1.4275
5722,4,12,182,32.7273,18.3333,6.52,0.814899,2.644,0.791,-21.4407,-1.4302
5723,4,12,183,33.8636,18.3333,6.4,0.86321,2.827,0.81,-21.4193,-1.4544
5724,4,12,184,35.0,18.3333,6.24,0.82243,2.852,0.804,-21.8032,-1.5036
5725,4,12,185,10.0,19.5238,3.0,1.0000000000000009,0.193,0.666,-22.7558,-1.5516
5726,4,12,186,11.1364,19.5238,2.88,0.0,0.29,0.675,-6.6776,-1.2974
5727,4,12,187,12.2727,19.5238,2.76,0.0,0.364,0.683,-6.7999,-1.3063
5728,4,12,188,13.4091,19.5238,2.68,0.0,0.425,0.69,-6.9155,-1.2959
5729,4,12,189,14.5455,19.5238,2.56,0.0,0.481,0.696,-7.0386,-1.2903
5730,4,12,190,15.6818,19.5238,2.48,0.0,0.54,0.707,-7.1538,-1.285
5731,4,12,191,16.8182,19.5238,2.4,0.0,0.602,0.723,-7.2772,-1.2762
5732,4,12,192,17.9545,19.5238,2.32,0.0,0.588,0.719,-7.4099,-1.3027
5733,4,12,193,19.0909,19.5238,2.28,0.0,0.566,0.706,-7.5191,-1.2958
5734,4,12,194,20.2273,19.5238,2.2,0.0,0.652,0.726,-7.6555,-1.3294
5735,4,12,195,21.3636,19.5238,2.16,0.0,0.786,0.76,-7.7745,-1.3307
5736,4,12,196,22.5,19.5238,2.08,0.0,0.753,0.751,-7.8678,-1.3459
5737,4,12,197,23.6364,19.5238,2.04,0.0,0.487,0.698,-8.0006,-1.3492
5738,4,12,198,24.7727,19.5238,1.96,0.0,0.37,0.674,-8.1177,-1.3374
5739,4,12,199,25.9091,19.5238,1.92,0.0,0.721,0.738,-8.2252,-1.3535
5740,4,12,200,27.0455,19.5238,7.0,0.091346,1.948,0.73,-8.3311,-1.3625
5741,4,12,201,28.1818,19.5238,7.0,0.267151,2.124,0.782,-12.0108,-1.3874
5742,4,12,202,29.3182,19.5238,6.96,0.43221,2.088,0.799,-17.9382,-1.4005
5743,4,12,203,30.4545,19.5238,6.8,0.588875,2.046,0.781,-22.2003,-1.4431
5744,4,12,204,31.5909,19.5238,6.64,0.738517,2.338,0.783,-21.827,-1.4737
5745,4,12,205,32.7273,19.5238,6.48,0.883508,2.63,0.803,-21.6047,-1.4866
5746,4,12,206,33.8636,19.5238,6.32,0.857827,2.698,0.811,-21.8609,-1.4939
5747,4,12,207,35.0,19.5238,6.2,0.827404,2.738,0.803,-22.4532,-1.5143
5748,4,12,208,10.0,20.7143,2.96,0.9600000000000009,0.076,0.645,-23.5389,-1.5452
5749,4,12,209,11.1364,20.7143,2.84,0.0,0.174,0.655,-6.2928,-1.2959
5750,4,12,210,12.2727,20.7143,2.72,0.0,0.256,0.665,-6.4241,-1.2967
5751,4,12,211,13.4091,20.7143,2.64,0.0,0.32,0.671,-6.5547,-1.2939
5752,4,12,212,14.5455,20.7143,2.56,0.0,0.378,0.679,-6.6789,-1.2878
5753,4,12,213,15.6818,20.7143,2.48,0.0,0.452,0.694,-6.8101,-1.2879
5754,4,12,214,16.8182,20.7143,2.4,0.0,0.493,0.703,-6.9437,-1.2724
5755,4,12,215,17.9545,20.7143,2.32,0.0,0.471,0.695,-7.0864,-1.3027
5756,4,12,216,19.0909,20.7143,2.24,0.0,0.514,0.7,-7.2142,-1.2987
5757,4,12,217,20.2273,20.7143,2.2,0.0,0.641,0.73,-7.3519,-1.3323
5758,4,12,218,21.3636,20.7143,2.12,0.0,0.715,0.748,-7.4609,-1.3403
5759,4,12,219,22.5,20.7143,2.08,0.0,0.544,0.711,-7.592,-1.3569
5760,4,12,220,23.6364,20.7143,2.0,0.0,0.286,0.662,-7.7186,-1.3327
5761,4,12,221,24.7727,20.7143,1.96,0.0,0.438,0.687,-7.8407,-1.347
5762,4,12,222,25.9091,20.7143,7.0,0.0,1.583,0.681,-7.9636,-1.3555
5763,4,12,223,27.0455,20.7143,7.0,0.156213,1.993,0.754,-9.4144,-1.3631
5764,4,12,224,28.1818,20.7143,7.0,0.330467,2.122,0.795,-13.8011,-1.3761
5765,4,12,225,29.3182,20.7143,6.92,0.493505,1.958,0.795,-20.1625,-1.3993
5766,4,12,226,30.4545,20.7143,6.72,0.649553,2.106,0.779,-22.0551,-1.429
5767,4,12,227,31.5909,20.7143,6.56,0.798527,2.428,0.793,-21.5803,-1.4597
5768,4,12,228,32.7273,20.7143,6.4,0.913614,2.598,0.813,-21.4895,-1.4913
5769,4,12,229,33.8636,20.7143,6.28,0.866043,2.583,0.81,-21.7919,-1.5089
5770,4,12,230,35.0,20.7143,6.12,0.83808,2.736,0.797,-22.6207,-1.5313
5771,4,12,231,10.0,21.9048,2.92,0.8800000000000008,-0.045,0.625,-24.0747,-1.5311
5772,4,12,232,11.1364,21.9048,2.8,0.0,0.059,0.636,-5.9451,-1.2854
5773,4,12,233,12.2727,21.9048,2.68,0.0,0.145,0.646,-6.0663,-1.2164
5774,4,12,234,13.4091,21.9048,2.6,0.0,0.213,0.654,-6.2162,-1.2786
5775,4,12,235,14.5455,21.9048,2.52,0.0,0.291,0.667,-6.359,-1.2835
5776,4,12,236,15.6818,21.9048,2.44,0.0,0.356,0.68,-6.5059,-1.2778
5777,4,12,237,16.8182,21.9048,2.36,0.0,0.361,0.68,-6.6448,-1.2628
5778,4,12,238,17.9545,21.9048,2.28,0.0,0.385,0.68,-6.7942,-1.2956
5779,4,12,239,19.0909,21.9048,2.2,0.0,0.497,0.706,-6.9281,-1.2985
5780,4,12,240,20.2273,21.9048,2.16,0.0,0.603,0.729,-7.0624,-1.3306
5781,4,12,241,21.3636,21.9048,2.08,0.0,0.513,0.709,-7.1959,-1.3353
5782,4,12,242,22.5,21.9048,2.04,0.0,0.29,0.665,-7.3167,-1.3467
5783,4,12,243,23.6364,21.9048,2.0,0.0,0.248,0.656,-7.4681,-1.3326
5784,4,12,244,24.7727,21.9048,1.96,0.0,0.549,0.715,-7.5909,-1.3461
5785,4,12,245,25.9091,21.9048,7.0,0.033363,1.768,0.709,-7.7081,-1.3504
5786,4,12,246,27.0455,21.9048,7.0,0.218993,2.067,0.774,-10.6701,-1.3643
5787,4,12,247,28.1818,21.9048,7.0,0.390679,2.065,0.802,-15.5337,-1.405
5788,4,12,248,29.3182,21.9048,6.84,0.553017,1.942,0.787,-22.391,-1.4122
5789,4,12,249,30.4545,21.9048,6.68,0.708916,2.162,0.784,-22.2585,-1.436
5790,4,12,250,31.5909,21.9048,6.52,0.857897,2.455,0.807,-21.9089,-1.4536
5791,4,12,251,32.7273,21.9048,6.36,0.89975,2.479,0.814,-21.846,-1.4969
5792,4,12,252,33.8636,21.9048,6.2,0.865938,2.559,0.803,-22.3247,-1.5187
5793,4,12,253,35.0,21.9048,6.08,0.849127,2.746,0.799,-23.0602,-1.5614
5794,4,12,254,10.0,23.0952,2.84,0.8800000000000008,-0.158,0.607,-24.9738,-1.5904
5795,4,12,255,11.1364,23.0952,2.76,0.0,-0.059,0.618,-5.6088,-1.1998
5796,4,12,256,12.2727,23.0952,2.64,0.0,0.03,0.628,-5.7565,-1.2072
5797,4,12,257,13.4091,23.0952,2.56,0.0,0.109,0.639,-5.901,-1.2432
5798,4,12,258,14.5455,23.0952,2.48,0.0,0.196,0.655,-6.0688,-1.2767
5799,4,12,259,15.6818,23.0952,2.4,0.0,0.227,0.66,-6.216,-1.2719
5800,4,12,260,16.8182,23.0952,2.32,0.0,0.245,0.66,-6.3619,-1.2616
5801,4,12,261,17.9545,23.0952,2.24,0.0,0.341,0.678,-6.5149,-1.2867
5802,4,12,262,19.0909,23.0952,2.2,0.0,0.464,0.704,-6.6479,-1.291
5803,4,12,263,20.2273,23.0952,2.12,0.0,0.47,0.705,-6.8022,-1.3277
5804,4,12,264,21.3636,23.0952,2.08,0.0,0.297,0.67,-6.9333,-1.3309
5805,4,12,265,22.5,23.0952,2.04,0.0,0.157,0.643,-7.0687,-1.3471
5806,4,12,266,23.6364,23.0952,1.96,0.0,0.361,0.681,-7.2091,-1.3333
5807,4,12,267,24.7727,23.0952,7.0,0.0,1.411,0.649,-7.345,-1.3459
5808,4,12,268,25.9091,23.0952,7.0,0.090317,1.89,0.737,-8.2332,-1.3501
5809,4,12,269,27.0455,23.0952,7.0,0.272765,2.037,0.786,-11.8054,-1.3847
5810,4,12,270,28.1818,23.0952,7.0,0.444448,2.052,0.808,-17.6406,-1.4026
5811,4,12,271,29.3182,23.0952,6.8,0.606139,1.991,0.785,-22.3087,-1.4162
5812,4,12,272,30.4545,23.0952,6.64,0.762052,2.259,0.796,-21.9673,-1.424
5813,4,12,273,31.5909,23.0952,6.48,0.912951,2.389,0.813,-21.6897,-1.4373
5814,4,12,274,32.7273,23.0952,6.32,0.904378,2.427,0.814,-21.9563,-1.472
5815,4,12,275,33.8636,23.0952,6.16,0.872256,2.518,0.799,-22.6872,-1.495
5816,4,12,276,35.0,23.0952,6.04,0.85779,2.753,0.805,-23.9188,-1.5281
5817,4,12,277,10.0,24.2857,2.8,0.8400000000000007,-0.281,0.588,-26.1268,-1.5762
5818,4,12,278,11.1364,24.2857,2.72,0.0,-0.181,0.599,-5.3221,-1.1867
5819,4,12,279,12.2727,24.2857,2.6,0.0,-0.089,0.61,-5.4724,-1.2132
5820,4,12,280,13.4091,24.2857,2.52,0.0,0.006,0.626,-5.6227,-1.2656
5821,4,12,281,14.5455,24.2857,2.44,0.0,0.071,0.637,-5.7871,-1.2807
5822,4,12,282,15.6818,24.2857,2.36,0.0,0.094,0.638,-5.9472,-1.2646
5823,4,12,283,16.8182,24.2857,2.28,0.0,0.172,0.65,-6.0933,-1.265
5824,4,12,284,17.9545,24.2857,2.24,0.0,0.3,0.675,-6.2457,-1.2858
5825,4,12,285,19.0909,24.2857,2.16,0.0,0.373,0.69,-6.3966,-1.2962
5826,4,12,286,20.2273,24.2857,2.12,0.0,0.28,0.671,-6.5442,-1.335
5827,4,12,287,21.3636,24.2857,2.04,0.0,0.095,0.636,-6.6921,-1.339
5828,4,12,288,22.5,24.2857,2.0,0.0,0.159,0.646,-6.8187,-1.3341
5829,4,12,289,23.6364,24.2857,1.96,0.0,0.476,0.709,-6.9661,-1.3461
5830,4,12,290,24.7727,24.2857,7.0,0.0,1.528,0.677,-7.1115,-1.3594
5831,4,12,291,25.9091,24.2857,7.0,0.139855,1.919,0.754,-9.0966,-1.3714
5832,4,12,292,27.0455,24.2857,7.0,0.320622,2.057,0.799,-13.1249,-1.387
5833,4,12,293,28.1818,24.2857,6.92,0.492051,2.015,0.797,-19.4152,-1.4066
5834,4,12,294,29.3182,24.2857,6.76,0.653962,2.093,0.792,-22.2914,-1.4136
5835,4,12,295,30.4545,24.2857,6.56,0.810272,2.301,0.807,-21.8474,-1.4239
5836,4,12,296,31.5909,24.2857,6.4,0.938484,2.351,0.815,-21.6953,-1.4426
5837,4,12,297,32.7273,24.2857,6.28,0.898334,2.323,0.808,-22.0153,-1.471
5838,4,12,298,33.8636,24.2857,6.12,0.876858,2.536,0.803,-22.8573,-1.5036
5839,4,12,299,35.0,24.2857,6.0,0.870734,2.779,0.813,-24.3964,-1.5384
5840,4,12,300,10.0,25.4762,2.76,0.8400000000000007,-0.411,0.569,-26.905,-1.5979
5841,4,12,301,11.1364,25.4762,2.68,0.0,-0.307,0.58,-5.0565,-1.2052
5842,4,12,302,12.2727,25.4762,2.56,0.0,-0.201,0.595,-5.2119,-1.222
5843,4,12,303,13.4091,25.4762,2.48,0.0,-0.107,0.611,-5.363,-1.2618
5844,4,12,304,14.5455,25.4762,2.4,0.0,-0.07,0.616,-5.5384,-1.2691
5845,4,12,305,15.6818,25.4762,2.32,0.0,-0.01,0.622,-5.6955,-1.2623
5846,4,12,306,16.8182,25.4762,2.28,0.0,0.118,0.644,-5.8487,-1.2726
5847,4,12,307,17.9545,25.4762,2.2,0.0,0.237,0.668,-6.0084,-1.2853
5848,4,12,308,19.0909,25.4762,2.16,0.0,0.209,0.662,-6.1576,-1.2952
5849,4,12,309,20.2273,25.4762,2.08,0.0,0.046,0.631,-6.3044,-1.3231
5850,4,12,310,21.3636,25.4762,2.04,0.0,0.018,0.625,-6.4595,-1.3377
5851,4,12,311,22.5,25.4762,2.0,0.0,0.223,0.663,-6.6005,-1.3265
5852,4,12,312,23.6364,25.4762,7.0,0.0,1.101,0.607,-6.7367,-1.3397
5853,4,12,313,24.7727,25.4762,7.0,0.0,1.626,0.704,-6.9321,-1.3548
5854,4,12,314,25.9091,25.4762,7.0,0.189818,1.885,0.77,-9.9407,-1.3745
5855,4,12,315,27.0455,25.4762,7.0,0.368563,2.156,0.805,-14.5683,-1.3832
5856,4,12,316,28.1818,25.4762,6.88,0.539638,2.138,0.799,-21.274,-1.4077
5857,4,12,317,29.3182,25.4762,6.68,0.701061,2.165,0.8,-22.3421,-1.4117
5858,4,12,318,30.4545,25.4762,6.52,0.857258,2.29,0.815,-21.9135,-1.4357
5859,4,12,319,31.5909,25.4762,6.36,0.927299,2.232,0.811,-21.968,-1.4576
5860,4,12,320,32.7273,25.4762,6.24,0.891558,2.288,0.806,-22.4099,-1.4808
5861,4,12,321,33.8636,25.4762,6.08,0.876464,2.548,0.807,-23.3724,-1.5044
5862,4,12,322,35.0,25.4762,5.96,0.877793,2.767,0.822,-25.2364,-1.5391
5863,4,12,323,10.0,26.6667,2.72,0.8800000000000008,-0.547,0.55,-27.9433,-1.5937
5864,4,12,324,11.1364,26.6667,2.64,0.0,-0.436,0.562,-4.8161,-1.213
5865,4,12,325,12.2727,26.6667,2.52,0.0,-0.317,0.581,-4.9713,-1.2402
5866,4,12,326,13.4091,26.6667,2.44,0.0,-0.244,0.593,-5.1247,-1.2741
5867,4,12,327,14.5455,26.6667,2.4,0.0,-0.206,0.594,-5.3041,-1.2607
5868,4,12,328,15.6818,26.6667,2.32,0.0,-0.088,0.611,-5.4585,-1.2596
5869,4,12,329,16.8182,26.6667,2.24,0.0,0.069,0.641,-5.6193,-1.2724
5870,4,12,330,17.9545,26.6667,2.2,0.0,0.113,0.648,-5.7766,-1.2785
5871,4,12,331,19.0909,26.6667,2.12,0.0,-0.017,0.625,-5.929,-1.3049
5872,4,12,332,20.2273,26.6667,2.08,0.0,-0.108,0.608,-6.0826,-1.3148
5873,4,12,333,21.3636,26.6667,2.0,0.0,0.05,0.635,-6.2265,-1.3335
5874,4,12,334,22.5,26.6667,1.96,0.0,0.37,0.696,-6.3814,-1.3522
5875,4,12,335,23.6364,26.6667,7.0,0.0,1.213,0.635,-6.5292,-1.3364
5876,4,12,336,24.7727,26.6667,7.0,0.045776,1.646,0.727,-7.58,-1.3505
5877,4,12,337,25.9091,26.6667,7.0,0.235388,2.032,0.785,-10.8763,-1.392
5878,4,12,338,27.0455,26.6667,7.0,0.413943,2.307,0.809,-16.0248,-1.3995
5879,4,12,339,28.1818,26.6667,6.84,0.583926,2.286,0.801,-22.6269,-1.4174
5880,4,12,340,29.3182,26.6667,6.64,0.744906,2.247,0.81,-22.1907,-1.4177
5881,4,12,341,30.4545,26.6667,6.48,0.90127,2.196,0.815,-21.9428,-1.437
5882,4,12,342,31.5909,26.6667,6.32,0.920385,2.21,0.809,-22.1136,-1.4636
5883,4,12,343,32.7273,26.6667,6.2,0.89173,2.317,0.804,-22.6732,-1.4842
5884,4,12,344,33.8636,26.6667,6.04,0.881405,2.547,0.816,-23.7787,-1.507
5885,4,12,345,35.0,26.6667,5.92,0.886008,2.754,0.83,-26.0081,-1.5421
5886,4,12,346,10.0,27.8571,7.0,0.8800000000000008,1.956,0.548,-29.4252,-1.5855
5887,4,12,347,11.1364,27.8571,2.6,0.0,-0.559,0.547,-5.0879,-1.2245
5888,4,12,348,12.2727,27.8571,2.52,0.0,-0.448,0.564,-4.7521,-1.2525
5889,4,12,349,13.4091,27.8571,2.44,0.0,-0.391,0.571,-4.9152,-1.278
5890,4,12,350,14.5455,27.8571,2.36,0.0,-0.309,0.579,-5.0886,-1.2515
5891,4,12,351,15.6818,27.8571,2.28,0.0,-0.138,0.607,-5.245,-1.2526
5892,4,12,352,16.8182,27.8571,2.2,0.0,-0.017,0.63,-5.4079,-1.2663
5893,4,12,353,17.9545,27.8571,2.16,0.0,-0.076,0.618,-5.5617,-1.2686
5894,4,12,354,19.0909,27.8571,2.08,0.0,-0.216,0.595,-5.7247,-1.304
5895,4,12,355,20.2273,27.8571,2.04,0.0,-0.146,0.605,-5.8727,-1.3204
5896,4,12,356,21.3636,27.8571,2.0,0.0,0.115,0.652,-6.0274,-1.3295
5897,4,12,357,22.5,27.8571,1.96,0.0,0.402,0.708,-6.1768,-1.3407
5898,4,12,358,23.6364,27.8571,7.0,0.0,1.237,0.661,-6.3252,-1.3433
5899,4,12,359,24.7727,27.8571,7.0,0.094304,1.788,0.746,-8.3051,-1.3505
5900,4,12,360,25.9091,27.8571,7.0,0.281715,2.235,0.798,-11.9801,-1.3792
5901,4,12,361,27.0455,27.8571,6.96,0.458646,2.417,0.81,-17.7663,-1.4106
5902,4,12,362,28.1818,27.8571,6.8,0.627052,2.421,0.807,-22.6344,-1.4265
5903,4,12,363,29.3182,27.8571,6.6,0.787625,2.296,0.815,-22.1184,-1.44
5904,4,12,364,30.4545,27.8571,6.44,0.944089,2.271,0.813,-21.9876,-1.4407
5905,4,12,365,31.5909,27.8571,6.28,0.908444,2.283,0.805,-22.261,-1.4702
5906,4,12,366,32.7273,27.8571,6.16,0.88823,2.322,0.81,-22.9485,-1.488
5907,4,12,367,33.8636,27.8571,6.0,0.884923,2.527,0.823,-24.2541,-1.519
5908,4,12,368,35.0,27.8571,5.88,0.894694,2.706,0.835,-26.8056,-1.5595
5909,4,12,369,10.0,29.0476,7.0,0.8800000000000008,2.285,0.588,-31.0691,-1.6075
5910,4,12,370,11.1364,29.0476,7.0,0.0,1.901,0.537,-5.7246,-1.2342
5911,4,12,371,12.2727,29.0476,2.48,0.0,-0.59,0.547,-4.7626,-1.2659
5912,4,12,372,13.4091,29.0476,2.4,0.0,-0.532,0.552,-4.7136,-1.2791
5913,4,12,373,14.5455,29.0476,2.32,0.0,-0.38,0.571,-4.8859,-1.2532
5914,4,12,374,15.6818,29.0476,2.24,0.0,-0.204,0.601,-5.0441,-1.2578
5915,4,12,375,16.8182,29.0476,2.2,0.0,-0.158,0.608,-5.2015,-1.2638
5916,4,12,376,17.9545,29.0476,2.12,0.0,-0.303,0.585,-5.3591,-1.2675
5917,4,12,377,19.0909,29.0476,2.08,0.0,-0.325,0.58,-5.5138,-1.2745
5918,4,12,378,20.2273,29.0476,2.04,0.0,-0.134,0.611,-5.678,-1.3195
5919,4,12,379,21.3636,29.0476,1.96,0.0,0.225,0.677,-5.8275,-1.3335
5920,4,12,380,22.5,29.0476,7.0,0.0,0.8,0.586,-5.9733,-1.334
5921,4,12,381,23.6364,29.0476,7.0,0.0,1.343,0.686,-6.3921,-1.3548
5922,4,12,382,24.7727,29.0476,7.0,0.142585,2.019,0.763,-9.0738,-1.3593
5923,4,12,383,25.9091,29.0476,7.0,0.326748,2.429,0.805,-13.2085,-1.3684
5924,4,12,384,27.0455,29.0476,6.92,0.501324,2.559,0.813,-19.7284,-1.4085
5925,4,12,385,28.1818,29.0476,6.72,0.668448,2.453,0.813,-22.5653,-1.428
5926,4,12,386,29.3182,29.0476,6.56,0.827943,2.409,0.814,-21.9837,-1.4498
5927,4,12,387,30.4545,29.0476,6.4,0.926733,2.38,0.81,-21.9324,-1.4539
5928,4,12,388,31.5909,29.0476,6.24,0.894333,2.282,0.806,-22.3185,-1.4838
5929,4,12,389,32.7273,29.0476,6.12,0.881948,2.299,0.816,-23.1405,-1.5079
5930,4,12,390,33.8636,29.0476,5.96,0.883331,2.49,0.829,-24.7056,-1.5316
5931,4,12,391,35.0,29.0476,5.84,0.898613,2.659,0.837,-27.3954,-1.5842
5932,4,12,392,10.0,30.2381,7.0,0.8800000000000008,2.522,0.617,-32.548,-1.6264
5933,4,12,393,11.1364,30.2381,7.0,0.0,2.042,0.555,-6.1652,-1.2424
5934,4,12,394,12.2727,30.2381,2.44,0.0,-0.741,0.528,-5.0164,-1.2714
5935,4,12,395,13.4091,30.2381,2.36,0.0,-0.638,0.538,-4.538,-1.2572
5936,4,12,396,14.5455,30.2381,2.28,0.0,-0.44,0.565,-4.7006,-1.254
5937,4,12,397,15.6818,30.2381,2.24,0.0,-0.307,0.586,-4.8587,-1.2581
5938,4,12,398,16.8182,30.2381,2.16,0.0,-0.366,0.578,-5.0109,-1.2594
5939,4,12,399,17.9545,30.2381,2.12,0.0,-0.47,0.562,-5.1704,-1.2729
5940,4,12,400,19.0909,30.2381,2.04,0.0,-0.346,0.581,-5.3258,-1.2812
5941,4,12,401,20.2273,30.2381,2.0,0.0,-0.052,0.631,-5.482,-1.2872
5942,4,12,402,21.3636,30.2381,1.96,0.0,0.201,0.677,-5.6525,-1.3335
5943,4,12,403,22.5,30.2381,7.0,0.0,0.919,0.619,-5.8013,-1.3416
5944,4,12,404,23.6364,30.2381,7.0,0.0,1.58,0.712,-6.9836,-1.3401
5945,4,12,405,24.7727,30.2381,7.0,0.191035,2.24,0.779,-9.9693,-1.3587
5946,4,12,406,25.9091,30.2381,7.0,0.371746,2.605,0.812,-14.722,-1.3843
5947,4,12,407,27.0455,30.2381,6.88,0.54404,2.665,0.816,-21.8711,-1.3967
5948,4,12,408,28.1818,30.2381,6.68,0.709527,2.534,0.817,-22.5192,-1.4224
5949,4,12,409,29.3182,30.2381,6.52,0.868195,2.519,0.813,-22.1203,-1.4494
5950,4,12,410,30.4545,30.2381,6.36,0.90588,2.463,0.808,-22.1042,-1.4719
5951,4,12,411,31.5909,30.2381,6.2,0.882163,2.34,0.811,-22.5551,-1.4945
5952,4,12,412,32.7273,30.2381,6.08,0.876403,2.361,0.822,-23.5333,-1.5199
5953,4,12,413,33.8636,30.2381,5.92,0.882964,2.497,0.834,-25.4112,-1.5451
5954,4,12,414,35.0,30.2381,5.8,0.902732,2.586,0.836,-28.3462,-1.5944
5955,4,12,415,10.0,31.4286,6.92,0.8800000000000008,2.562,0.629,-35.0892,-1.6393
5956,4,12,416,11.1364,31.4286,6.48,0.0,2.455,0.576,-6.4389,-1.2513
5957,4,12,417,12.2727,31.4286,6.2,0.0,2.058,0.524,-5.2901,-1.2766
5958,4,12,418,13.4091,31.4286,2.32,0.0,-0.718,0.528,-4.4585,-1.2493
5959,4,12,419,14.5455,31.4286,2.28,0.0,-0.54,0.553,-4.5248,-1.2471
5960,4,12,420,15.6818,31.4286,2.2,0.0,-0.463,0.565,-4.6812,-1.26
5961,4,12,421,16.8182,31.4286,2.12,0.0,-0.586,0.548,-4.8411,-1.2661
5962,4,12,422,17.9545,31.4286,2.08,0.0,-0.578,0.55,-4.9955,-1.2755
5963,4,12,423,19.0909,31.4286,2.04,0.0,-0.337,0.587,-5.1533,-1.2864
5964,4,12,424,20.2273,31.4286,2.0,0.0,-0.061,0.636,-5.3054,-1.2941
5965,4,12,425,21.3636,31.4286,1.92,0.0,0.163,0.667,-5.4679,-1.3317
5966,4,12,426,22.5,31.4286,7.0,0.0,1.085,0.65,-5.6233,-1.3473
5967,4,12,427,23.6364,31.4286,7.0,0.052808,1.836,0.737,-7.6841,-1.3469
5968,4,12,428,24.7727,31.4286,7.0,0.239302,2.457,0.794,-11.0414,-1.358
5969,4,12,429,25.9091,31.4286,7.0,0.417021,2.766,0.817,-16.6198,-1.3833
5970,4,12,430,27.0455,31.4286,6.8,0.58622,2.675,0.82,-23.2523,-1.4097
5971,4,12,431,28.1818,31.4286,6.64,0.749783,2.63,0.817,-22.4887,-1.4304
5972,4,12,432,29.3182,31.4286,6.48,0.907086,2.611,0.811,-22.2035,-1.4394
5973,4,12,433,30.4545,31.4286,6.32,0.885125,2.542,0.807,-22.2396,-1.4816
5974,4,12,434,31.5909,31.4286,6.16,0.870434,2.44,0.817,-22.7946,-1.5056
5975,4,12,435,32.7273,31.4286,6.04,0.869213,2.447,0.828,-23.8601,-1.5493
5976,4,12,436,33.8636,31.4286,5.88,0.881324,2.472,0.835,-26.0266,-1.5747
5977,4,12,437,35.0,31.4286,5.76,0.9049,2.467,0.834,-29.0237,-1.611
5978,4,12,438,10.0,32.619,6.6,0.8800000000000008,2.971,0.652,-37.4295,-1.6594
5979,4,12,439,11.1364,32.619,6.32,0.0,2.694,0.598,-6.7753,-1.2547
5980,4,12,440,12.2727,32.619,6.08,0.0,2.259,0.552,-5.7089,-1.2774
5981,4,12,441,13.4091,32.619,2.28,0.0,-0.788,0.521,-4.8547,-1.248
5982,4,12,442,14.5455,32.619,2.24,0.0,-0.634,0.542,-4.3641,-1.2365
5983,4,12,443,15.6818,32.619,2.16,0.0,-0.658,0.54,-4.5237,-1.2362
5984,4,12,444,16.8182,32.619,2.12,0.0,-0.737,0.53,-4.6802,-1.2451
5985,4,12,445,17.9545,32.619,2.04,0.0,-0.581,0.554,-4.8353,-1.261
5986,4,12,446,19.0909,32.619,2.0,0.0,-0.263,0.604,-4.9886,-1.284
5987,4,12,447,20.2273,32.619,1.96,0.0,-0.041,0.641,-5.1452,-1.3037
5988,4,12,448,21.3636,32.619,7.0,0.0,1.043,0.581,-5.3059,-1.3253
5989,4,12,449,22.5,32.619,7.0,0.0,1.294,0.682,-6.1183,-1.3367
5990,4,12,450,23.6364,32.619,7.0,0.109297,2.092,0.762,-8.5661,-1.3575
5991,4,12,451,24.7727,32.619,7.0,0.291073,2.65,0.808,-12.4418,-1.356
5992,4,12,452,25.9091,32.619,6.96,0.463856,2.879,0.822,-19.234,-1.3721
5993,4,12,453,27.0455,32.619,6.76,0.629724,2.762,0.821,-23.5958,-1.4201
5994,4,12,454,28.1818,32.619,6.6,0.790848,2.731,0.815,-22.8753,-1.4368
5995,4,12,455,29.3182,32.619,6.44,0.891297,2.704,0.811,-22.4358,-1.4447
5996,4,12,456,30.4545,32.619,6.28,0.867448,2.632,0.812,-22.526,-1.4744
5997,4,12,457,31.5909,32.619,6.12,0.857499,2.541,0.823,-23.1883,-1.5039
5998,4,12,458,32.7273,32.619,6.0,0.862496,2.499,0.833,-24.3474,-1.5525
5999,4,12,459,33.8636,32.619,5.88,0.879317,2.473,0.835,-26.8978,-1.5872
6000,4,12,460,35.0,32.619,5.72,0.906404,2.481,0.834,-30.2151,-1.6276
6001,4,12,461,10.0,33.8095,6.44,0.8800000000000008,3.119,0.672,-39.7224,-1.6751
6002,4,12,462,11.1364,33.8095,6.2,0.0,2.867,0.629,-7.2663,-1.2562
6003,4,12,463,12.2727,33.8095,6.0,0.0,2.534,0.582,-6.1812,-1.2691
6004,4,12,464,13.4091,33.8095,5.8,0.0,1.83,0.532,-5.2841,-1.2585
6005,4,12,465,14.5455,33.8095,2.2,0.0,-0.779,0.524,-4.51,-1.2323
6006,4,12,466,15.6818,33.8095,2.16,0.0,-0.841,0.517,-4.3633,-1.2687
6007,4,12,467,16.8182,33.8095,2.08,0.0,-0.841,0.52,-4.5161,-1.2757
6008,4,12,468,17.9545,33.8095,2.04,0.0,-0.582,0.558,-4.6706,-1.2941
6009,4,12,469,19.0909,33.8095,2.0,0.0,-0.288,0.605,-4.8363,-1.287
6010,4,12,470,20.2273,33.8095,1.96,0.0,-0.145,0.625,-4.9919,-1.3074
6011,4,12,471,21.3636,33.8095,7.0,0.0,1.327,0.619,-5.142,-1.3229
6012,4,12,472,22.5,33.8095,7.0,0.0,1.526,0.715,-6.8377,-1.3352
6013,4,12,473,23.6364,33.8095,7.0,0.168185,2.341,0.785,-9.7146,-1.3548
6014,4,12,474,24.7727,33.8095,7.0,0.344681,2.833,0.82,-14.4049,-1.3589
6015,4,12,475,25.9091,33.8095,6.88,0.511871,2.913,0.826,-23.2525,-1.3786
6016,4,12,476,27.0455,33.8095,6.72,0.674417,2.848,0.82,-24.2352,-1.4007
6017,4,12,477,28.1818,33.8095,6.56,0.832875,2.833,0.813,-23.3277,-1.4418
6018,4,12,478,29.3182,33.8095,6.4,0.864706,2.798,0.812,-22.8128,-1.4706
6019,4,12,479,30.4545,33.8095,6.24,0.849577,2.713,0.818,-22.9334,-1.4697
6020,4,12,480,31.5909,33.8095,6.08,0.844363,2.624,0.828,-23.665,-1.5042
6021,4,12,481,32.7273,33.8095,5.96,0.8539,2.594,0.835,-24.8701,-1.5426
6022,4,12,482,33.8636,33.8095,5.84,0.874376,2.576,0.834,-27.7528,-1.6001
6023,4,12,483,35.0,33.8095,5.68,0.904719,2.524,0.834,-31.9388,-1.6383
6024,4,12,484,10.0,35.0,6.28,0.8800000000000008,3.28,0.692,-39.0883,-1.6938
6025,4,12,485,11.1364,35.0,6.08,0.0,3.019,0.655,-7.8378,-1.2592
6026,4,12,486,12.2727,35.0,5.92,0.0,2.635,0.611,-6.7005,-1.2801
6027,4,12,487,13.4091,35.0,5.76,0.0,1.948,0.557,-5.7215,-1.2789
6028,4,12,488,14.5455,35.0,2.16,0.0,-0.967,0.502,-4.8614,-1.2844
6029,4,12,489,15.6818,35.0,2.12,0.0,-1.016,0.498,-4.2107,-1.3016
6030,4,12,490,16.8182,35.0,2.08,0.0,-0.897,0.516,-4.3611,-1.3257
6031,4,12,491,17.9545,35.0,2.0,0.0,-0.535,0.569,-4.521,-1.3087
6032,4,12,492,19.0909,35.0,1.96,0.0,-0.312,0.602,-4.6923,-1.2916
6033,4,12,493,20.2273,35.0,7.0,0.0,1.384,0.565,-4.852,-1.3044
6034,4,12,494,21.3636,35.0,7.0,0.0,1.668,0.659,-5.6542,-1.3287
6035,4,12,495,22.5,35.0,7.0,0.053619,1.796,0.747,-7.7283,-1.3355
6036,4,12,496,23.6364,35.0,7.0,0.228913,2.566,0.804,-11.1843,-1.3467
6037,4,12,497,24.7727,35.0,7.0,0.398396,2.977,0.827,-17.256,-1.3677
6038,4,12,498,25.9091,35.0,6.84,0.560875,2.967,0.828,-28.1099,-1.3896
6039,4,12,499,27.0455,35.0,6.64,0.719371,2.886,0.815,-25.2046,-1.4017
6040,4,12,500,28.1818,35.0,6.48,0.860585,2.882,0.812,-23.9044,-1.4448
6041,4,12,501,29.3182,35.0,6.36,0.841057,2.885,0.816,-23.2948,-1.4672
6042,4,12,502,30.4545,35.0,6.2,0.8318,2.789,0.824,-23.4037,-1.4923
6043,4,12,503,31.5909,35.0,6.04,0.832302,2.711,0.83,-24.2496,-1.515
6044,4,12,504,32.7273,35.0,5.92,0.844664,2.689,0.835,-25.4485,-1.5445
6045,4,12,505,33.8636,35.0,5.8,0.868804,2.662,0.834,-28.7098,-1.5925
6046,4,12,506,35.0,35.0,5.64,0.901437,2.613,0.836,-34.0696,-1.6452
